,Name,Platform,Year_of_Release,Genre,Publisher,NA_Sales,EU_Sales,JP_Sales,Other_Sales,Critic_Score,Critic_Count,User_Score,User_Count,Developer,Rating
3307,Dragon Ball Z: Ultimate Tenkaichi,PS3,2011.0,Fighting,Namco Bandai Games,0.27,0.18,0.09,0.07,58.0,26.0,5.4,77.0,Spike,T
10050,NFL Head Coach 09,X360,2008.0,Sports,Electronic Arts,0.11,0.0,0.0,0.01,67.0,14.0,8.4,28.0,EA Tiburon,E
7017,Madagascar: Escape 2 Africa,PS3,2008.0,Action,Activision,0.12,0.08,0.0,0.03,58.0,13.0,6.8,4.0,Toys for Bob,E10+
2519,Shin Megami Tensei: Persona 4,PS2,2008.0,Role-Playing,Atlus,0.34,0.04,0.36,0.08,90.0,47.0,8.9,634.0,Atlus Co.,M
8956,Earth Defense Force 2025,X360,2013.0,Shooter,D3Publisher,0.06,0.03,0.05,0.01,68.0,25.0,8.1,63.0,Sandlot,M
15983,Sniper Elite,PC,2005.0,Shooter,MC2 Entertainment,0.0,0.01,0.0,0.0,76.0,13.0,8,142.0,Rebellion,M
11582,Lost Dimension,PSV,2014.0,Role-Playing,Nippon Ichi Software,0.03,0.01,0.02,0.02,72.0,28.0,8.3,35.0,FuRyu,T
408,The Legend of Zelda: Spirit Tracks,DS,2009.0,Action,Nintendo,1.4,0.91,0.74,0.26,87.0,75.0,7.8,228.0,Nintendo,E10+
10663,Leisure Suit Larry: Box Office Bust,PS3,2009.0,Adventure,Codemasters,0.06,0.03,0.0,0.01,17.0,11.0,1.7,37.0,Team 17,M
11129,Supreme Commander,X360,2008.0,Strategy,505 Games,0.07,0.01,0.0,0.01,56.0,24.0,5.7,19.0,Hellbent Games,E10+
4923,Blood Omen 2,PS2,2002.0,Action,Eidos Interactive,0.19,0.15,0.0,0.05,67.0,18.0,8.8,19.0,Crystal Dynamics,M
12770,Generation of Chaos,PSP,2005.0,Role-Playing,Midas Interactive Entertainment,0.05,0.0,0.0,0.0,60.0,29.0,7.7,18.0,Idea Factory,T
1002,The Urbz: Sims in the City,PS2,2004.0,Simulation,Electronic Arts,0.52,0.95,0.0,0.29,70.0,25.0,8.2,24.0,Maxis,T
3980,Major League Baseball 2K12,X360,2012.0,Sports,Take-Two Interactive,0.47,0.0,0.0,0.03,68.0,19.0,6.4,22.0,Visual Concepts,E
6202,Medieval Moves: Deadmund's Quest,PS3,2011.0,Action,Sony Computer Entertainment,0.13,0.11,0.0,0.04,61.0,41.0,6.5,17.0,Zindagi Games,E10+
12530,Call of Duty 2,PC,2005.0,Shooter,Activision,0.0,0.05,0.0,0.01,86.0,64.0,8.4,626.0,Infinity Ward,T
8898,Ridge Racer DS,DS,2004.0,Racing,Namco Bandai Games,0.14,0.0,0.0,0.01,63.0,35.0,6.7,7.0,Namco,E
6688,The Sims 2,XB,2005.0,Simulation,Electronic Arts,0.19,0.05,0.0,0.01,75.0,31.0,7.1,8.0,Maxis,T
2215,White Knight Chronicles: International Edition,PS3,2008.0,Role-Playing,Sony Computer Entertainment,0.33,0.16,0.36,0.08,64.0,77.0,7.5,213.0,Level 5,T
2885,Madden NFL 09,PSP,2008.0,Sports,Electronic Arts,0.65,0.0,0.0,0.06,68.0,8.0,6.5,4.0,EA Tiburon,E
5933,Radiant Historia,DS,2010.0,Role-Playing,Atlus,0.19,0.0,0.09,0.01,85.0,30.0,9,81.0,Atlus,E10+
16416,Legend of Kay Anniversary,WiiU,2015.0,Action,Nordic Games,0.0,0.01,0.0,0.0,67.0,9.0,7.1,35.0,"Neon Studios, Kaiko",E10+
11226,XIII,GC,2003.0,Shooter,Ubisoft,0.07,0.02,0.0,0.0,73.0,27.0,7.7,20.0,Ubisoft Paris,M
8715,Ultimate Spider-Man,DS,2005.0,Action,Activision,0.14,0.0,0.0,0.01,78.0,17.0,7.7,10.0,Vicarious Visions,E10+
2444,Burnout 2: Point of Impact,PS2,2002.0,Racing,Acclaim Entertainment,0.42,0.32,0.0,0.11,86.0,31.0,8.2,48.0,Criterion Games,E
1952,Skylanders Giants,PS3,2012.0,Action,Activision,0.36,0.49,0.0,0.2,77.0,21.0,6.3,18.0,Toys for Bob,E10+
13599,FIFA Street 2,DS,2006.0,Sports,Electronic Arts,0.04,0.0,0.0,0.0,43.0,5.0,7.5,4.0,Exient Entertainment,E
8492,Mirror's Edge Catalyst,XOne,2016.0,Platform,Electronic Arts,0.09,0.06,0.0,0.01,72.0,46.0,4.4,266.0,EA DICE,T
13393,The Sims,PC,2000.0,Simulation,Electronic Arts,0.01,0.03,0.0,0.01,92.0,38.0,7.9,451.0,Maxis,T
247,Splatoon,WiiU,2015.0,Shooter,Nintendo,1.54,1.18,1.46,0.26,81.0,88.0,8.5,1184.0,Nintendo,E10+
5794,Star Wars Racer Revenge,PS2,2002.0,Racing,LucasArts,0.15,0.12,0.0,0.04,73.0,34.0,8.5,11.0,Rainbow Studios,E
3698,F.E.A.R.,PS3,2007.0,Shooter,Vivendi Games,0.18,0.26,0.0,0.1,72.0,31.0,7.4,64.0,Day 1 Studios,M
9191,Tim Burton's The Nightmare Before Christmas: The Pumpkin King,GBA,2005.0,Platform,Disney Interactive Studios,0.1,0.04,0.0,0.0,71.0,5.0,5.5,6.0,TOSE,E10+
7596,MVP Baseball 2003,XB,2003.0,Sports,Electronic Arts,0.15,0.04,0.0,0.01,82.0,18.0,9,9.0,EA Sports,E
2559,Hitman: Contracts,PS2,2004.0,Shooter,Eidos Interactive,0.39,0.31,0.0,0.1,80.0,39.0,8.3,43.0,Io Interactive,M
10236,Spyborgs,Wii,2009.0,Action,Capcom,0.09,0.01,0.0,0.01,66.0,30.0,6.3,6.0,Bionic Games,T
3643,Mega Man Zero,GBA,2002.0,Platform,Capcom,0.22,0.08,0.24,0.01,82.0,17.0,8.9,31.0,Inti,E
7092,Rune Factory: Tides of Destiny,PS3,2011.0,Role-Playing,Marvelous Interactive,0.14,0.0,0.07,0.02,55.0,12.0,7.9,44.0,Neverland,E10+
872,Tom Clancy's Rainbow Six: Vegas,X360,2006.0,Shooter,Ubisoft,1.09,0.65,0.02,0.2,88.0,69.0,8.3,225.0,Ubisoft Montreal,M
8131,FIFA Soccer 2002,GC,2001.0,Sports,Electronic Arts,0.14,0.04,0.0,0.0,81.0,13.0,8,9.0,EA Sports,E
2562,Final Fantasy Anthology,PS,1999.0,Role-Playing,Square EA,0.45,0.3,0.0,0.05,80.0,14.0,8.1,28.0,SquareSoft,T
13696,Rodea the Sky Soldier,3DS,2015.0,Action,Nippon Ichi Software,0.03,0.0,0.0,0.0,45.0,7.0,5.6,37.0,"Prope, Kadokawa",E10+
135,Red Dead Redemption,X360,2010.0,Action,Take-Two Interactive,3.7,1.95,0.09,0.58,95.0,96.0,9,2316.0,Rockstar San Diego,M
9830,WWE SmackDown vs Raw 2008,DS,2007.0,Fighting,THQ,0.11,0.0,0.0,0.01,61.0,12.0,6.6,13.0,Amaze Entertainment,T
4779,Gauntlet: Seven Sorrows,PS2,2005.0,Role-Playing,Midway Games,0.2,0.15,0.0,0.05,59.0,38.0,5.7,20.0,Midway,T
4024,Dragon Ball Z: Supersonic Warriors 2,DS,2005.0,Fighting,Atari,0.13,0.02,0.32,0.02,66.0,13.0,7.6,28.0,Arc System Works,E10+
1043,The Beatles: Rock Band,Wii,2009.0,Misc,MTV Games,1.17,0.39,0.0,0.15,89.0,25.0,8.9,43.0,Harmonix Music Systems,T
1085,Madden NFL 2001,PS,2000.0,Sports,Electronic Arts,1.58,0.05,0.0,0.04,90.0,14.0,6.8,4.0,EA Sports,E
1924,Tomb Raider: Underworld,X360,2008.0,Action,Eidos Interactive,0.53,0.42,0.01,0.11,76.0,57.0,6.6,198.0,Crystal Dynamics,T
2029,Disney Universe,Wii,2011.0,Action,Disney Interactive Studios,0.64,0.28,0.0,0.1,61.0,11.0,6,5.0,Eurocom Entertainment Software,E10+
2112,NBA 2K10,X360,2009.0,Sports,Take-Two Interactive,0.88,0.02,0.0,0.08,82.0,46.0,7.6,34.0,Visual Concepts,E
1351,SimCity (2013),PC,2013.0,Simulation,Electronic Arts,0.48,0.77,0.0,0.17,64.0,75.0,2.2,4572.0,Maxis,E10+
15611,Charlie's Angels,GC,2003.0,Action,Ubisoft,0.01,0.0,0.0,0.0,23.0,21.0,3.3,23.0,Neko Entertainment,T
3344,Jaws Unleashed,PS2,2006.0,Action,THQ,0.5,0.02,0.0,0.08,52.0,29.0,7.5,39.0,Appaloosa Interactive,M
274,FIFA Soccer 06,PS2,2005.0,Sports,Electronic Arts,0.78,2.55,0.04,0.84,80.0,32.0,7.8,47.0,EA Canada,E
2449,The House of the Dead: Overkill,Wii,2009.0,Shooter,Sega,0.44,0.3,0.02,0.09,78.0,65.0,8.7,95.0,Headstrong Games,M
7709,The Great Escape,PS2,2003.0,Action,SCi,0.1,0.07,0.0,0.02,57.0,19.0,8,21.0,Pivotal Games,T
3589,Tony Hawk's Project 8,PSP,2006.0,Sports,Activision,0.41,0.07,0.0,0.07,68.0,11.0,7.6,14.0,Page 44 Studios,T
1147,Super Mario Strikers,GC,2005.0,Sports,Nintendo,0.98,0.38,0.2,0.04,76.0,39.0,8.7,55.0,Next Level Games,E
5001,SSX 3,GC,2003.0,Sports,Electronic Arts,0.29,0.08,0.0,0.01,92.0,27.0,8.7,45.0,EA Canada,E
558,Madden NFL 12,X360,2011.0,Sports,Electronic Arts,2.42,0.11,0.0,0.16,78.0,55.0,5.9,94.0,EA Tiburon,E
4843,I-Ninja,PS2,2003.0,Platform,Sony Computer Entertainment,0.19,0.15,0.0,0.05,73.0,39.0,8.3,22.0,Argonaut Games,T
4896,Donkey Konga 2,GC,2004.0,Misc,Nintendo,0.3,0.08,0.0,0.01,69.0,30.0,6,9.0,Namco,T
9489,Heroes of the Pacific,XB,2005.0,Simulation,Codemasters,0.1,0.03,0.0,0.0,76.0,33.0,8.2,5.0,IR Gurus Interactive Ltd.,T
553,The Legend of Zelda: A Link to the Past,GBA,2002.0,Action,Nintendo,1.75,0.52,0.33,0.1,95.0,30.0,9.1,314.0,Capcom,E
2209,Naruto Shippuden: Ultimate Ninja Storm 3,PS3,2013.0,Fighting,Namco Bandai Games,0.32,0.32,0.15,0.15,77.0,32.0,7.9,187.0,CyberConnect2,T
11762,Grand Ages: Medieval,PS4,2015.0,Strategy,Kalypso Media,0.0,0.05,0.02,0.01,64.0,10.0,7.1,12.0,Gaming Minds Studios,T
1904,Forza Horizon 3,XOne,2016.0,Racing,Microsoft Game Studios,0.42,0.58,0.0,0.08,91.0,90.0,7.4,594.0,Playground Games,E
5215,Just Dance 2016,PS4,2015.0,Misc,Ubisoft,0.17,0.13,0.0,0.06,73.0,10.0,6.8,20.0,Ubisoft,E10+
833,SOCOM: U.S. Navy SEALs: Combined Assault,PS2,2006.0,Shooter,Sony Computer Entertainment,1.74,0.02,0.0,0.28,72.0,38.0,9,34.0,Zipper Interactive,T
15304,Kuon,PS2,2004.0,Adventure,Indie Games,0.01,0.01,0.0,0.0,57.0,20.0,7.7,9.0,From Software,M
8608,Angry Birds Star Wars,XOne,2013.0,Strategy,Activision,0.11,0.04,0.0,0.02,53.0,4.0,6.9,63.0,Exient Entertainment,E
1175,Devil May Cry 4,PS3,2008.0,Action,Capcom,0.58,0.45,0.34,0.2,84.0,63.0,8.2,311.0,Capcom,M
3623,Metal Gear Solid 3: Subsistence,PS2,2005.0,Action,Konami Digital Entertainment,0.34,0.01,0.15,0.06,94.0,53.0,9.3,439.0,Aspect,M
12194,Batman: Rise of Sin Tzu,GBA,2003.0,Action,Ubisoft,0.05,0.02,0.0,0.0,63.0,12.0,6.8,4.0,Ubisoft,E
3948,Ratatouille,Wii,2007.0,Action,THQ,0.43,0.03,0.0,0.04,62.0,16.0,6.7,12.0,Asobo Studio,E
1327,SingStar Pop,PS2,2007.0,Misc,Sony Computer Entertainment,0.04,1.08,0.0,0.32,73.0,13.0,7.5,8.0,SCEE London Studio,E10+
2697,The Sims 3,3DS,2011.0,Simulation,Electronic Arts,0.3,0.37,0.03,0.07,52.0,29.0,3.3,31.0,EA Games,T
429,God of War: Chains of Olympus,PSP,2008.0,Action,Sony Computer Entertainment,1.48,1.0,0.04,0.66,91.0,79.0,8.6,565.0,Ready at Dawn,M
2966,Baldur's Gate: Dark Alliance II,PS2,2004.0,Role-Playing,Interplay,0.34,0.26,0.0,0.09,78.0,44.0,8.7,54.0,Black Isle Studios,T
12832,Hail to the Chimp,X360,2008.0,Misc,Gamecock,0.05,0.0,0.0,0.0,52.0,23.0,6.1,7.0,Wideload Games Inc.,T
4441,Samurai Warriors 3,Wii,2009.0,Action,Nintendo,0.09,0.02,0.32,0.01,55.0,26.0,7.2,22.0,Omega Force,T
4156,Valkyrie Profile 2: Silmeria,PS2,2006.0,Role-Playing,Square Enix,0.04,0.03,0.39,0.01,84.0,45.0,9,59.0,Tri-Ace,T
11746,Rayman Origins,PC,2012.0,Platform,Ubisoft,0.0,0.06,0.0,0.01,86.0,11.0,8.4,337.0,UBlart Montpellier,E10+
5180,Robots,PS2,2005.0,Action,Vivendi Games,0.18,0.14,0.0,0.05,53.0,6.0,6,8.0,Eurocom Entertainment Software,E
8233,Race Pro,X360,2009.0,Racing,Atari,0.06,0.09,0.0,0.02,72.0,54.0,7,60.0,SimBin,E
1964,Call of Duty 4: Modern Warfare,DS,2007.0,Shooter,Activision,0.95,0.01,0.01,0.08,75.0,22.0,6.9,36.0,n-Space,T
7416,Heroes of Ruin,3DS,2012.0,Role-Playing,Nintendo,0.13,0.07,0.0,0.02,69.0,53.0,7.4,50.0,n-Space,T
7792,Aliens versus Predator: Extinction,PS2,2003.0,Strategy,Electronic Arts,0.09,0.07,0.0,0.02,66.0,17.0,8.4,30.0,Zono Inc.,T
6436,America's Test Kitchen: Let's Get Cooking,DS,2010.0,Simulation,Nintendo,0.25,0.0,0.0,0.02,87.0,4.0,5.6,9.0,Indies Zero,E
2662,Ghost Squad,Wii,2007.0,Shooter,Sega,0.42,0.21,0.08,0.07,69.0,42.0,7.5,31.0,"Artificial Mind and Movement, Polygon Magic",T
2481,Duke Nukem Forever,X360,2011.0,Shooter,Take-Two Interactive,0.52,0.25,0.0,0.07,49.0,76.0,4.4,456.0,"Gearbox Software, 3D Realms",M
2628,Star Wars The Clone Wars: Jedi Alliance,DS,2008.0,Action,LucasArts,0.61,0.11,0.0,0.06,68.0,10.0,7.8,32.0,LucasArts,E10+
10504,Death By Degrees,PS2,2005.0,Action,Sony Computer Entertainment,0.05,0.04,0.0,0.01,51.0,45.0,6.2,24.0,Namco,M
1686,NHL 2002,PS2,2001.0,Sports,Electronic Arts,0.59,0.46,0.0,0.15,92.0,22.0,8.5,26.0,EA Sports,E
1190,Need for Speed: Most Wanted,X360,2012.0,Racing,Electronic Arts,0.62,0.78,0.01,0.15,83.0,54.0,8.5,134.0,EA Canada,T
6699,Don King Presents: Prizefighter,X360,2008.0,Sports,Take-Two Interactive,0.14,0.08,0.0,0.02,56.0,45.0,6.4,29.0,Venom Games,T
3422,WarioWare D.I.Y.,DS,2009.0,Misc,Nintendo,0.17,0.18,0.2,0.04,82.0,53.0,8.7,39.0,Intelligent Systems,E
5284,Persona 2: Eternal Punishment,PS,2000.0,Role-Playing,Atlus,0.03,0.02,0.28,0.02,83.0,11.0,8.4,25.0,Atlus Co.,T
2499,Dragon Age II,PS3,2011.0,Action,Electronic Arts,0.4,0.26,0.05,0.11,82.0,52.0,4.3,1197.0,BioWare,M
3322,Tony Hawk's Underground,GBA,2003.0,Sports,Activision,0.43,0.16,0.0,0.01,86.0,9.0,7.7,9.0,Vicarious Visions,E
1723,LEGO Indiana Jones: The Original Adventures,PSP,2008.0,Action,LucasArts,0.4,0.48,0.0,0.29,76.0,8.0,7.6,11.0,Traveller's Tales,E10+
7224,Shellshock: Nam '67,XB,2004.0,Shooter,Eidos Interactive,0.16,0.05,0.0,0.01,58.0,37.0,7,14.0,Guerrilla,M
2008,Guinness World Records: The Videogame,Wii,2008.0,Action,Warner Bros. Interactive Entertainment,0.46,0.47,0.0,0.11,67.0,12.0,7,8.0,TT Fusion,E10+
9785,Lunar: Dragon Song,DS,2005.0,Role-Playing,Rising Star Games,0.11,0.0,0.0,0.01,59.0,30.0,6.2,17.0,"Game Arts, Japan Art Media (JAM)",E10+
14242,Rapala Tournament Fishing!,X360,2006.0,Sports,Activision,0.03,0.0,0.0,0.0,41.0,4.0,8,6.0,FUN Labs,E
11665,NHL Hitz 20-03,GC,2002.0,Sports,Midway Games,0.06,0.02,0.0,0.0,82.0,12.0,8.4,5.0,Midway,E
6912,NBA Live 14,PS4,2013.0,Sports,Electronic Arts,0.15,0.05,0.0,0.04,43.0,25.0,2.7,175.0,EA Sports,E
7471,NHL 2K3,PS2,2002.0,Sports,Sega,0.1,0.08,0.0,0.03,89.0,25.0,7.8,17.0,Treyarch,E
9598,NBA 2K13,WiiU,2012.0,Sports,Take-Two Interactive,0.07,0.04,0.0,0.01,85.0,17.0,7,43.0,Visual Concepts,E
376,Assassin's Creed: Brotherhood,X360,2010.0,Action,Ubisoft,2.85,0.38,0.03,0.24,89.0,81.0,8.3,693.0,Ubisoft Montreal,M
3460,Unreal Tournament,PS2,2000.0,Shooter,Infogrames,0.28,0.22,0.0,0.07,77.0,23.0,6.8,13.0,Epic Games,M
5430,Pirates of the Caribbean: At World's End,X360,2007.0,Action,Disney Interactive Studios,0.29,0.02,0.0,0.03,58.0,42.0,5.3,21.0,Eurocom Entertainment Software,T
704,Dead Island,PS3,2011.0,Action,Deep Silver,1.08,0.73,0.15,0.31,71.0,41.0,6.6,405.0,Techland,M
2417,Endless Ocean: Blue World,Wii,2009.0,Simulation,Nintendo,0.46,0.21,0.12,0.06,76.0,42.0,8.5,26.0,Arika,E10+
2655,UFC Personal Trainer: The Ultimate Fitness System,X360,2011.0,Sports,THQ,0.53,0.18,0.0,0.06,70.0,36.0,6.5,15.0,THQ,E
10241,Bodycount,X360,2011.0,Shooter,Codemasters,0.07,0.03,0.0,0.01,53.0,61.0,4.7,73.0,Guildford Studio,M
16253,Theatre Of War,PC,2007.0,Strategy,Kalypso Media,0.0,0.01,0.0,0.0,66.0,13.0,6.2,21.0,"Battlefront.com, 1C, 1C Company",T
5082,NBA 2K7,PS3,2006.0,Sports,Take-Two Interactive,0.3,0.04,0.0,0.03,80.0,20.0,7.4,8.0,Visual Concepts,E
11437,Adventure Time: The Secret of the Nameless Kingdom,3DS,2014.0,Action,Little Orbit,0.0,0.07,0.0,0.0,65.0,5.0,5.6,8.0,WayForward,E10+
1450,Crysis 2,X360,2011.0,Action,Electronic Arts,0.71,0.49,0.02,0.12,84.0,72.0,7.5,533.0,Crytek,M
9881,Onimusha: Blade Warriors,PS2,2003.0,Fighting,Capcom,0.06,0.05,0.0,0.02,65.0,33.0,6.9,7.0,Capcom,T
1498,Madagascar,PS2,2005.0,Platform,Activision,0.78,0.45,0.0,0.07,69.0,25.0,7.4,25.0,Toys for Bob,E10+
208,Guitar Hero III: Legends of Rock,PS2,2007.0,Misc,Activision,3.49,0.01,0.01,1.48,82.0,24.0,8.2,46.0,"Neversoft Entertainment, BudCat",T
2337,NFL 2K2,PS2,2001.0,Sports,Sega,0.44,0.34,0.0,0.11,85.0,16.0,7.5,6.0,Visual Concepts,E
12123,Lifeline,PS2,2003.0,Adventure,Sony Computer Entertainment,0.03,0.03,0.0,0.01,61.0,31.0,7.7,9.0,SCEJ,M
15001,GRID Autosport,PC,2014.0,Racing,Codemasters,0.0,0.02,0.0,0.0,78.0,35.0,6.2,257.0,Codemasters,E
6829,Total War: Attila,PC,2015.0,Strategy,Sega,0.09,0.13,0.0,0.02,80.0,66.0,7.3,520.0,Creative Assembly,T
8672,NHL 2005,XB,2004.0,Sports,Electronic Arts,0.12,0.03,0.0,0.01,77.0,27.0,6.2,11.0,EA Sports,E
8763,NBA Street Homecourt,PS3,2007.0,Sports,Electronic Arts,0.12,0.01,0.0,0.02,81.0,31.0,6.5,16.0,EA Canada,E
4983,Sega Superstars Tennis,PS2,2008.0,Sports,Sega,0.1,0.0,0.0,0.28,70.0,9.0,8.3,4.0,Sumo Digital,E10+
3031,Bakugan: Battle Brawlers,Wii,2009.0,Action,Activision,0.59,0.03,0.0,0.05,62.0,12.0,7.2,11.0,Now Production,E
14348,Prince of Persia: The Forgotten Sands,PC,2010.0,Action,Ubisoft,0.0,0.03,0.0,0.0,75.0,16.0,6.6,218.0,Ubisoft Montreal,T
1934,Lightning Returns: Final Fantasy XIII,PS3,2013.0,Role-Playing,Square Enix,0.31,0.2,0.45,0.11,66.0,62.0,5.9,552.0,Square Enix,T
1634,2010 FIFA World Cup South Africa,PS3,2010.0,Sports,Electronic Arts,0.3,0.64,0.07,0.22,82.0,56.0,7.8,57.0,EA Canada,E
1430,Hasbro Family Game Night 2,Wii,2009.0,Misc,Electronic Arts,0.7,0.52,0.0,0.13,63.0,16.0,6.3,6.0,Electronic Arts,E
6757,Sword Art Online: Lost Song,PS4,2015.0,Role-Playing,Namco Bandai Games,0.1,0.11,0.0,0.04,63.0,32.0,6.3,60.0,"Bandai Namco Games, Artdink",T
13386,FIFA Soccer 10,PC,2009.0,Sports,Electronic Arts,0.0,0.04,0.0,0.01,72.0,14.0,3.8,59.0,EA Sports,E
461,Kung Fu Panda,X360,2008.0,Action,Activision,1.91,0.84,0.0,0.29,75.0,42.0,7.4,32.0,"Luxoflux, Inc.",E10+
753,ATV Offroad Fury 2,PS2,2002.0,Racing,THQ,1.92,0.2,0.0,0.06,82.0,26.0,8.9,28.0,Rainbow Studios,E
3826,The Golden Compass,PS2,2007.0,Action,Sega,0.13,0.0,0.0,0.39,46.0,10.0,5.2,6.0,Shiny Entertainment,E10+
7359,Viewtiful Joe 2,PS2,2004.0,Action,Capcom,0.1,0.08,0.0,0.03,85.0,29.0,7.7,17.0,Clover Studio,T
5466,Tak 2: The Staff of Dreams,GC,2004.0,Platform,THQ,0.26,0.07,0.0,0.01,75.0,22.0,8.6,8.0,Avalanche Software,E
7315,Disaster Report,PS2,2002.0,Action,Agetec,0.03,0.02,0.15,0.01,66.0,28.0,8,7.0,Irem,T
12991,Men of War: Assault Squad,PC,2011.0,Strategy,1C Company,0.01,0.03,0.0,0.01,77.0,21.0,8.2,93.0,"THQ, 1C, 1C Company",T
8161,K-1 World Grand Prix,PS2,2002.0,Sports,Konami Digital Entertainment,0.04,0.03,0.1,0.01,67.0,24.0,9,7.0,Konami,T
1297,Xenogears,PS,1998.0,Role-Playing,SquareSoft,0.29,0.19,0.89,0.1,84.0,15.0,8.4,204.0,SquareSoft,T
7955,Major League Baseball 2K10,PS3,2010.0,Sports,Take-Two Interactive,0.17,0.0,0.0,0.01,74.0,19.0,5.3,4.0,Visual Concepts,E
14328,Call of Juarez: Bound in Blood,PC,2009.0,Shooter,Ubisoft,0.0,0.03,0.0,0.0,78.0,39.0,8,282.0,Techland,M
908,LittleBigPlanet 3,PS4,2014.0,Platform,Sony Computer Entertainment,0.66,0.93,0.01,0.31,79.0,78.0,7.1,506.0,Sumo Digital,E
1841,Tom Clancy's Splinter Cell: Chaos Theory,XB,2005.0,Action,Ubisoft,0.68,0.38,0.0,0.05,94.0,70.0,9,160.0,Ubisoft Montreal,M
11335,How to Train Your Dragon 2,WiiU,2014.0,Adventure,Little Orbit,0.03,0.05,0.0,0.01,47.0,4.0,4.9,7.0,Torus Games,E10+
11060,Pokemon Rumble World,3DS,2015.0,Action,Nintendo,0.0,0.01,0.08,0.0,58.0,16.0,6.4,69.0,"Ambrella, The Pokemon Company",E10+
1201,Stuntman,PS2,2002.0,Racing,Atari,0.76,0.59,0.0,0.2,71.0,37.0,5.7,36.0,Reflections Interactive,T
6803,Harvest Moon: Magical Melody,GC,2005.0,Simulation,Ubisoft,0.19,0.05,0.0,0.01,83.0,14.0,8.9,44.0,Marvelous,E
111,Super Smash Bros. Melee,GC,2001.0,Fighting,Nintendo,4.41,1.04,1.39,0.22,92.0,38.0,9.1,568.0,HAL Labs,T
1701,WWE SmackDown vs Raw 2008,PSP,2007.0,Fighting,THQ,0.45,0.47,0.0,0.28,68.0,11.0,7.8,15.0,Yuke's,T
1783,WWE 2K14,PS3,2013.0,Sports,Take-Two Interactive,0.49,0.46,0.0,0.19,74.0,22.0,7.5,121.0,Yuke's,T
3978,Dead or Alive Ultimate,XB,2004.0,Fighting,Tecmo Koei,0.3,0.1,0.08,0.02,83.0,64.0,8.7,25.0,Team Ninja,M
7039,Tom Clancy's Rainbow Six: Siege,PC,2015.0,Shooter,Ubisoft,0.13,0.08,0.0,0.02,79.0,37.0,6.9,734.0,Ubisoft Montreal,M
10274,BMX XXX,XB,2002.0,Sports,Acclaim Entertainment,0.08,0.02,0.0,0.0,58.0,26.0,7.8,9.0,"Z-Axis, Ltd.",M
10108,BloodRayne,GC,2002.0,Shooter,Universal Interactive,0.09,0.02,0.0,0.0,73.0,17.0,8.5,4.0,Terminal Reality,M
14005,Rugby 08,PS2,2007.0,Sports,Electronic Arts,0.02,0.01,0.0,0.0,74.0,21.0,7.4,25.0,EA Canada,E
10972,Ultimate Mortal Kombat,DS,2007.0,Fighting,Midway Games,0.07,0.01,0.0,0.01,73.0,26.0,8.6,22.0,Other Ocean Interactive,M
12431,Nights of Azure,PS4,2015.0,Action,Tecmo Koei,0.03,0.02,0.0,0.01,67.0,40.0,7.6,71.0,Gust,T
6627,NHL 08,PS3,2007.0,Action,Electronic Arts,0.16,0.06,0.0,0.03,86.0,23.0,6.9,23.0,EA Canada,E10+
7822,SpongeBob SquigglePants 3D,3DS,2011.0,Misc,THQ,0.13,0.05,0.0,0.02,64.0,8.0,6,8.0,WayForward,E
1408,LEGO Indiana Jones: The Original Adventures,PS2,2008.0,Action,LucasArts,0.6,0.01,0.0,0.76,77.0,12.0,8.4,16.0,Traveller's Tales,E10+
12864,7 Days to Die,XOne,2016.0,Action,Telltale Games,0.03,0.02,0.0,0.0,35.0,17.0,5.2,74.0,The Fun Pimps Entertainment LLC,M
11853,The Lord of the Rings: The Battle for Middle-Earth,PC,2004.0,Strategy,Electronic Arts,0.01,0.06,0.0,0.01,82.0,42.0,8.6,199.0,EA LA,T
2543,Madden NFL 25,XOne,2013.0,Sports,Electronic Arts,0.67,0.05,0.0,0.08,73.0,18.0,5.9,111.0,EA Sports,E
13060,Sacred 3,X360,2014.0,Role-Playing,Deep Silver,0.03,0.02,0.0,0.0,51.0,11.0,4.1,42.0,Deep Silver,M
11463,Major League Baseball 2K11,PC,2011.0,Sports,Take-Two Interactive,0.06,0.01,0.0,0.01,74.0,5.0,5.9,16.0,Visual Concepts,E
5896,Dynasty Warriors 6,X360,2007.0,Action,Tecmo Koei,0.15,0.06,0.06,0.02,60.0,42.0,7.4,22.0,Omega Force,T
7247,LEGO The Lord of the Rings,PC,2012.0,Action,Warner Bros. Interactive Entertainment,0.07,0.13,0.0,0.03,80.0,6.0,8.2,127.0,TT Games,E10+
1614,Frogger: The Great Quest,PS2,2001.0,Platform,Konami Digital Entertainment,0.6,0.47,0.0,0.16,32.0,6.0,4.6,29.0,Konami,E
5456,WWE Wrestlemania XIX,GC,2003.0,Fighting,THQ,0.26,0.07,0.0,0.01,76.0,26.0,8.7,47.0,Yuke's,T
396,Assassin's Creed Syndicate,PS4,2015.0,Action,Ubisoft,0.81,1.99,0.07,0.52,76.0,86.0,6.8,1319.0,Ubisoft Quebec,M
9070,The Legend of Heroes II: Prophecy of the Moonlight Witch,PSP,2004.0,Role-Playing,Namco Bandai Games,0.03,0.0,0.11,0.0,63.0,25.0,6.9,11.0,Microvision,E10+
2366,Monster 4X4: World Circuit,Wii,2006.0,Racing,Ubisoft,0.8,0.0,0.01,0.07,51.0,11.0,7.8,17.0,Ubisoft,E
6890,Dreamcast Collection,X360,2011.0,Misc,Sega,0.16,0.06,0.0,0.02,53.0,31.0,5.2,10.0,Sega,T
4128,Fantavision,PS2,2000.0,Puzzle,Sony Computer Entertainment,0.14,0.11,0.19,0.04,72.0,18.0,6.3,9.0,SCEJ,E
7107,NBA ShootOut 2003,PS2,2002.0,Sports,Sony Computer Entertainment,0.11,0.09,0.0,0.03,62.0,22.0,5.9,8.0,SCEA,E
1599,Lara Croft Tomb Raider: The Angel of Darkness,PS2,2003.0,Action,Eidos Interactive,0.61,0.48,0.0,0.16,52.0,37.0,6.2,106.0,Core Design Ltd.,T
11491,Big Mutha Truckers,GC,2003.0,Racing,Empire Interactive,0.06,0.02,0.0,0.0,63.0,5.0,8.2,6.0,Eutechnyx,T
12118,Eagle Flight,PS4,2016.0,Adventure,Ubisoft,0.01,0.05,0.0,0.01,72.0,31.0,7.8,22.0,"Ubisoft, FunHouse",E10+
817,Metal Gear Solid: Peace Walker,PSP,2010.0,Action,Konami Digital Entertainment,0.46,0.41,0.96,0.24,89.0,66.0,8.9,443.0,Kojima Productions,T
3679,Sly Cooper: Thieves in Time,PS3,2013.0,Platform,Sony Computer Entertainment Europe,0.35,0.12,0.0,0.08,75.0,69.0,8.3,343.0,Sanzaru Games,E10+
4754,Minority Report: Everybody Runs,PS2,2002.0,Action,Activision,0.2,0.15,0.0,0.05,50.0,26.0,5,14.0,Treyarch,T
7683,Bleach: The 3rd Phantom,DS,2008.0,Role-Playing,Sega,0.1,0.02,0.07,0.01,59.0,28.0,8,10.0,"Sega, Tom Create",T
14787,Max Payne,GBA,2003.0,Shooter,Take-Two Interactive,0.02,0.01,0.0,0.0,78.0,33.0,7.8,13.0,Mobius Entertainment,M
4147,ICO,PS2,2001.0,Action,Sony Computer Entertainment,0.23,0.18,0.0,0.06,90.0,59.0,8.8,328.0,SCE Japan Studio,T
4705,Cars: Mater-National Championship,PS3,2007.0,Racing,THQ,0.37,0.01,0.0,0.03,63.0,8.0,4.8,4.0,Rainbow Studios,E
12335,Tournament of Legends,Wii,2010.0,Fighting,Sega,0.04,0.02,0.0,0.01,45.0,38.0,6.9,11.0,High Voltage Software,T
2299,Homefront,PS3,2011.0,Shooter,THQ,0.32,0.39,0.04,0.15,70.0,60.0,5.7,174.0,Kaos Studios,M
611,Art Academy,DS,2010.0,Misc,Nintendo,0.26,1.65,0.33,0.28,75.0,15.0,8,5.0,Headstrong Games,E
11398,Battleborn,PC,2016.0,Shooter,Take-Two Interactive,0.04,0.04,0.0,0.01,69.0,34.0,6.9,400.0,Gearbox Software,T
3804,Juiced,PS2,2005.0,Racing,THQ,0.26,0.2,0.0,0.07,68.0,36.0,7.7,24.0,Juice Games,T
14234,Battle Assault 3 featuring Gundam Seed,PS2,2004.0,Action,Namco Bandai Games,0.02,0.01,0.0,0.0,48.0,9.0,8.7,7.0,Natsume,T
6193,NES Remix,WiiU,2014.0,Action,Nintendo,0.17,0.0,0.08,0.02,71.0,34.0,7.1,133.0,Indies Zero,E
3208,Okami,PS2,2006.0,Action,Capcom,0.11,0.03,0.15,0.34,93.0,69.0,9.3,327.0,Clover Studio,T
7377,Bass Pro Shops: The Strike,X360,2009.0,Sports,XS Games,0.2,0.0,0.0,0.02,63.0,4.0,5.8,5.0,Piranha Games,E
5612,FIFA Street 3,PS3,2008.0,Sports,Electronic Arts,0.08,0.18,0.0,0.06,63.0,37.0,6.9,19.0,EA Canada,E
4807,Wall-E,PS3,2008.0,Platform,THQ,0.12,0.21,0.0,0.08,51.0,24.0,5,7.0,Heavy Iron Studios,E
8099,The Chronicles of Narnia: Prince Caspian,X360,2008.0,Action,Disney Interactive Studios,0.16,0.01,0.0,0.01,56.0,24.0,7.5,13.0,Traveller's Tales,T
447,The Elder Scrolls IV: Oblivion,PS3,2007.0,Role-Playing,Ubisoft,1.69,0.85,0.14,0.43,93.0,45.0,8,604.0,4J Studios,M
11575,RoadKill,XB,2003.0,Action,Midway Games,0.06,0.02,0.0,0.0,68.0,23.0,7.4,5.0,Terminal Reality,M
6112,Hatsune Miku: Project Diva f,PS3,2013.0,Misc,Sega,0.08,0.0,0.19,0.02,73.0,10.0,8.4,108.0,Sega,T
5504,Disgaea: Hour of Darkness,PS2,2003.0,Role-Playing,Tecmo Koei,0.16,0.13,0.0,0.04,84.0,42.0,8.9,74.0,Nippon Ichi Software,T
2913,Infinite Undiscovery,X360,2008.0,Role-Playing,Square Enix,0.34,0.18,0.12,0.06,68.0,60.0,7,158.0,Tri-Ace,T
3351,The Golden Compass,DS,2007.0,Action,Sega,0.28,0.25,0.0,0.06,43.0,7.0,4.9,8.0,Artificial Mind and Movement,E10+
8645,Custom Robo Arena,DS,2006.0,Fighting,Nintendo,0.01,0.02,0.12,0.0,74.0,22.0,8.3,27.0,Noise Inc.,E10+
6387,Knockout Kings 2002,XB,2002.0,Sports,Electronic Arts,0.2,0.06,0.0,0.01,78.0,20.0,7.9,7.0,Electronic Arts,T
5566,Golden Axe: Beast Rider,PS3,2008.0,Action,Sega,0.13,0.14,0.0,0.06,44.0,30.0,5.6,23.0,Secret Level,M
11038,JASF: Jane's Advanced Strike Fighters,X360,2011.0,Simulation,Deep Silver,0.06,0.02,0.0,0.01,45.0,5.0,4.5,8.0,Trickstar Games,T
7636,Apache: Air Assault,PS3,2010.0,Simulation,Activision,0.11,0.06,0.0,0.03,66.0,17.0,6.1,12.0,Gaijin Entertainment,T
4653,Animal Crossing: Amiibo Festival,WiiU,2015.0,Misc,Nintendo,0.19,0.11,0.09,0.03,46.0,20.0,4.4,173.0,"Nintendo, Nd Cube",E
4625,BloodRayne,PS2,2002.0,Shooter,Universal Interactive,0.2,0.16,0.0,0.05,75.0,18.0,8.5,26.0,Terminal Reality,M
14245,Superstars V8 Racing,PS3,2009.0,Racing,Black Bean Games,0.0,0.02,0.0,0.01,66.0,29.0,4.9,9.0,Milestone S.r.l,E
1126,ESPN NFL 2K5,XB,2004.0,Sports,Sega,1.54,0.02,0.0,0.07,92.0,42.0,9.1,93.0,Visual Concepts,E
15662,The Crew: Wild Run,PC,2015.0,Action,Ubisoft,0.0,0.02,0.0,0.0,74.0,6.0,7.4,41.0,Ivory Tower,T
5267,LocoRoco 2,PSP,2008.0,Platform,Sony Computer Entertainment,0.21,0.09,0.01,0.04,85.0,55.0,8.4,44.0,SCE Japan Studio,E
15022,Stake: Fortune Fighters,XB,2003.0,Fighting,Metro 3D,0.02,0.01,0.0,0.0,26.0,8.0,3.7,6.0,Gameness Art Software,T
8732,NCAA Football 2004,GC,2003.0,Sports,Electronic Arts,0.12,0.03,0.0,0.0,89.0,16.0,7.5,6.0,EA Sports,E
3032,Blazing Angels: Squadrons of WWII,PS3,2006.0,Simulation,Ubisoft,0.35,0.22,0.0,0.1,67.0,26.0,6.9,9.0,Ubisoft,T
653,Halo: Combat Evolved Anniversary,X360,2011.0,Shooter,Microsoft Game Studios,1.44,0.7,0.04,0.22,82.0,73.0,8.1,487.0,343 Industries,M
9670,NHL 2K7,PS3,2006.0,Sports,Take-Two Interactive,0.11,0.0,0.0,0.01,79.0,24.0,6.6,5.0,Kush Games,E10+
5719,Drakengard 3,PS3,2013.0,Role-Playing,Square Enix,0.1,0.0,0.19,0.02,61.0,33.0,7.7,237.0,Access Games,M
5638,Disney's Extreme Skate Adventure,PS2,2003.0,Sports,Activision,0.16,0.12,0.0,0.04,78.0,15.0,8.3,12.0,Toys for Bob,E
1528,Transformers,PS2,2004.0,Shooter,Atari,0.63,0.49,0.0,0.16,75.0,51.0,8.6,27.0,Melbourne House,T
8008,NARC,XB,2005.0,Shooter,Midway Games,0.14,0.04,0.0,0.01,51.0,27.0,2.8,6.0,Point of View,M
8688,Godzilla Unleashed,Wii,2007.0,Fighting,Atari,0.14,0.0,0.0,0.01,44.0,31.0,7.2,37.0,"Pipeworks Software, Inc.",E10+
479,Devil May Cry,PS2,2001.0,Action,Capcom,1.36,0.86,0.64,0.13,94.0,37.0,8.5,466.0,Capcom,M
8538,Murdered: Soul Suspect,XOne,2014.0,Action,Square Enix,0.08,0.07,0.0,0.01,51.0,17.0,7,130.0,Airtight Games,M
6421,All-Pro Football 2K8,X360,2007.0,Sports,Take-Two Interactive,0.24,0.0,0.0,0.02,75.0,22.0,6.8,52.0,Visual Concepts,E10+
103,Just Dance,Wii,2009.0,Misc,Ubisoft,3.48,2.99,0.0,0.73,49.0,21.0,8,110.0,Ubisoft Paris,E10+
1157,Sonic Heroes,GC,2003.0,Platform,Sega,1.05,0.44,0.06,0.04,72.0,49.0,7.8,125.0,Sonic Team,E
14038,Scarface: The World is Yours,PC,2006.0,Action,Vivendi Games,0.01,0.02,0.0,0.0,73.0,18.0,7.5,57.0,Radical Entertainment,M
8870,X-Men: The Official Game,GC,2006.0,Action,Activision,0.12,0.03,0.0,0.0,50.0,31.0,6.3,8.0,Hypnos,T
647,Need for Speed Carbon: Own the City,PSP,2006.0,Racing,Electronic Arts,0.87,0.97,0.0,0.58,73.0,14.0,7.9,39.0,EA Canada,E10+
3613,Frontlines: Fuel of War,X360,2008.0,Shooter,THQ,0.34,0.15,0.01,0.05,75.0,55.0,7.8,77.0,Kaos Studios,T
1583,Saints Row IV,PS3,2013.0,Action,Deep Silver,0.56,0.41,0.09,0.19,76.0,26.0,6.3,278.0,Volition Inc.,M
8147,Splatterhouse,X360,2010.0,Action,Namco Bandai Games,0.14,0.03,0.0,0.01,62.0,51.0,7.6,60.0,"Namco Bandai Games America, Namco Bandai Games",M
1457,Monster Hunter Freedom,PSP,2005.0,Role-Playing,Capcom,0.24,0.03,1.03,0.04,71.0,34.0,8.6,78.0,Capcom,T
12253,"Flower, Sun, and Rain",DS,2008.0,Adventure,Rising Star Games,0.06,0.0,0.0,0.0,54.0,37.0,7.1,15.0,h.a.n.d. Inc.,T
9360,Ys: The Ark of Napishtim,PS2,2005.0,Role-Playing,Konami Digital Entertainment,0.07,0.05,0.0,0.02,72.0,35.0,8.8,14.0,Falcom,T
3944,WWE SmackDown vs. RAW 2007,X360,2006.0,Fighting,THQ,0.44,0.03,0.0,0.04,81.0,50.0,7.8,46.0,Yuke's,T
702,Pokemon Ranger: Shadows of Almia,DS,2008.0,Role-Playing,Nintendo,0.94,0.53,0.62,0.18,68.0,24.0,8.2,27.0,"HAL Labs, Creatures Inc.",E
7627,Front Mission Evolved,X360,2010.0,Shooter,Square Enix,0.1,0.07,0.02,0.02,58.0,52.0,6.1,24.0,Double Helix Games,T
606,Pokémon Colosseum,GC,2003.0,Role-Playing,Nintendo,1.21,0.57,0.7,0.07,73.0,37.0,8,89.0,Genius Sonority Inc.,E
3546,Rune Factory 4,3DS,2012.0,Role-Playing,Xseed Games,0.32,0.0,0.21,0.03,78.0,33.0,8.1,122.0,Neverland,E10+
15535,Battle Princess of Arcadias,PS3,2013.0,Role-Playing,Nippon Ichi Software,0.0,0.0,0.02,0.0,69.0,22.0,7.9,25.0,ApolloSoft,T
9024,Geometry Wars: Galaxies,DS,2007.0,Shooter,Vivendi Games,0.13,0.0,0.0,0.01,79.0,36.0,7.9,26.0,Kuju Entertainment,E
10192,Naval Ops: Warship Gunner,PS2,2003.0,Simulation,Tecmo Koei,0.05,0.04,0.0,0.01,67.0,17.0,8.9,23.0,Micro Cabin,T
7172,Ride,PS4,2015.0,Racing,Milestone S.r.l.,0.04,0.13,0.03,0.03,66.0,30.0,7,47.0,Milestone S.r.l,E
2144,NHL 2001,PS2,2000.0,Sports,Electronic Arts,0.47,0.37,0.0,0.12,85.0,22.0,8.1,9.0,EA Sports,E
1880,Project CARS,PS4,2015.0,Racing,Slightly Mad Studios,0.2,0.7,0.02,0.16,83.0,37.0,6.6,363.0,Slightly Mad Studios,E
6044,Dynasty Tactics,PS2,2002.0,Strategy,Tecmo Koei,0.06,0.05,0.16,0.02,79.0,14.0,8.1,31.0,Koei,T
4609,MLB 08: The Show,PS2,2008.0,Sports,Sony Computer Entertainment,0.35,0.01,0.0,0.06,84.0,12.0,7.3,7.0,SCEA San Diego Studios,E
2286,Sonic Mega Collection Plus,XB,2004.0,Misc,Sega,0.61,0.26,0.0,0.04,75.0,20.0,7.9,12.0,Sonic Team,E
714,God of War: Ascension,PS3,2013.0,Action,Sony Computer Entertainment,1.23,0.63,0.04,0.35,80.0,89.0,7.5,914.0,SCE Santa Monica,M
1510,Skylanders Giants,X360,2012.0,Action,Activision,0.75,0.44,0.0,0.11,80.0,35.0,6.6,38.0,Toys for Bob,E10+
13632,LEGO Friends,3DS,2013.0,Action,Warner Bros. Interactive Entertainment,0.0,0.04,0.0,0.0,43.0,4.0,8.3,4.0,Hellbent Games,E
3404,Assassin's Creed: Brotherhood,PC,2011.0,Action,Ubisoft,0.15,0.34,0.0,0.1,88.0,24.0,8.2,1102.0,Ubisoft Montreal,M
1954,Endless Ocean,Wii,2007.0,Adventure,Nintendo,0.43,0.46,0.09,0.09,72.0,42.0,8.1,61.0,Arika,E
12608,Star Trek: Tactical Assault,DS,2006.0,Strategy,Ubisoft,0.05,0.01,0.0,0.0,63.0,15.0,7,10.0,Quicksilver Software,E
9934,Turok: Evolution,GBA,2002.0,Shooter,Acclaim Entertainment,0.08,0.03,0.0,0.0,72.0,8.0,7,5.0,RFX Interactive,T
3902,Ratatouille,PS3,2007.0,Action,THQ,0.09,0.32,0.0,0.1,55.0,8.0,4.8,4.0,Heavy Iron Studios,E
9609,Dynasty Warriors 5 Empires,X360,2006.0,Action,Tecmo Koei,0.11,0.01,0.0,0.01,61.0,40.0,8.2,19.0,Omega Force,T
6442,Superman Returns,X360,2006.0,Action,Electronic Arts,0.23,0.01,0.0,0.02,51.0,48.0,6.2,49.0,EA Tiburon,T
744,BioShock 2,X360,2010.0,Shooter,Take-Two Interactive,1.45,0.54,0.02,0.19,88.0,93.0,8.2,573.0,2K Marin,M
16421,FlatOut: Ultimate Carnage,PC,2008.0,Racing,Empire Interactive,0.0,0.01,0.0,0.0,79.0,16.0,7.7,127.0,Bugbear,T
14401,Toy Shop,DS,2008.0,Simulation,Majesco Entertainment,0.03,0.0,0.0,0.0,31.0,7.0,5.4,11.0,"Gameinvest, Seed Studios, Lda",E
3463,Prince of Persia: The Two Thrones,XB,2005.0,Action,Ubisoft,0.33,0.22,0.0,0.03,85.0,46.0,8.4,28.0,Ubisoft,M
9440,The BIGS 2,PS3,2009.0,Sports,Take-Two Interactive,0.12,0.0,0.0,0.01,80.0,18.0,7.6,16.0,Blue Castle Games,E10+
3533,Spider-Man 3,X360,2007.0,Platform,Activision,0.49,0.04,0.0,0.04,63.0,61.0,7,53.0,Treyarch,T
3728,Over the Hedge,PS2,2006.0,Platform,Activision,0.45,0.02,0.0,0.07,58.0,29.0,8.6,10.0,Edge of Reality,E10+
1206,Guitar Hero 5,Wii,2009.0,Misc,Activision,0.92,0.48,0.0,0.15,89.0,25.0,6.9,49.0,Vicarious Visions,T
1801,Naruto Shippuden: Ultimate Ninja Storm 4,PS4,2016.0,Fighting,Namco Bandai Games,0.41,0.45,0.11,0.17,79.0,60.0,8.2,201.0,CyberConnect2,T
12011,Harry Potter and the Sorcerer's Stone,XB,2003.0,Action,Electronic Arts,0.05,0.02,0.0,0.0,59.0,11.0,6,5.0,Warthog,E
4202,Godzilla: Save the Earth,PS2,2004.0,Fighting,Atari,0.23,0.18,0.0,0.06,62.0,19.0,8.7,21.0,"Pipeworks Software, Inc.",T
8658,Wildstar,PC,2014.0,Role-Playing,NCSoft,0.08,0.07,0.0,0.01,82.0,52.0,7.4,965.0,Carbine Studios,T
3753,Rune Factory: A Fantasy Harvest Moon,DS,2006.0,Role-Playing,Rising Star Games,0.35,0.01,0.14,0.03,78.0,26.0,8.1,52.0,Neverland,E
2753,The Godfather II,PS3,2009.0,Action,Electronic Arts,0.41,0.21,0.01,0.1,67.0,53.0,7.2,50.0,EA Redwood Shores,M
2525,Dance Central 3,X360,2012.0,Misc,Microsoft Game Studios,0.57,0.18,0.0,0.06,86.0,43.0,8,45.0,Harmonix Music Systems,T
14529,Take On Helicopters,PC,2011.0,Simulation,Unknown,0.0,0.02,0.0,0.01,70.0,10.0,6.7,28.0,Bohemia Interactive,T
12072,Mugen Souls Z,PS3,2013.0,Role-Playing,Nippon Ichi Software,0.02,0.01,0.04,0.01,57.0,26.0,6.4,56.0,Compile Heart,T
13620,IL-2 Sturmovik: 1946,PC,2006.0,Simulation,Ubisoft,0.0,0.04,0.0,0.01,86.0,9.0,8.8,115.0,1C: Maddox Games,T
6769,Hitman: Absolution,PC,2012.0,Action,Square Enix,0.03,0.17,0.0,0.04,79.0,26.0,7,1327.0,"Io Interactive, Nixxes Software",M
8637,Putty Squad,PS4,2013.0,Platform,System 3,0.06,0.07,0.0,0.03,38.0,8.0,2.9,52.0,System 3,E10+
11052,Lock's Quest,DS,2008.0,Strategy,THQ,0.08,0.0,0.0,0.01,80.0,32.0,8.7,27.0,5TH Cell,E
7363,50 Cent: Blood on the Sand,X360,2009.0,Shooter,THQ,0.12,0.07,0.0,0.02,71.0,54.0,6.4,64.0,Swordfish Studios,M
7877,Resident Evil: Revelations,WiiU,2013.0,Action,Capcom,0.07,0.07,0.03,0.01,80.0,19.0,7.5,146.0,Capcom,M
10455,Patapon 2,PSP,2008.0,Misc,Sony Computer Entertainment,0.0,0.03,0.06,0.01,81.0,49.0,8.3,62.0,SCE Japan Studio,E
15321,Fuel,PC,2009.0,Racing,Codemasters,0.0,0.02,0.0,0.0,67.0,16.0,6.7,86.0,Asobo Studio,E
4580,ESPN NHL 2K5,XB,2004.0,Sports,Global Star,0.32,0.09,0.0,0.02,88.0,32.0,8.5,14.0,Kush Games,E
1332,Tiger Woods PGA Tour 2005,PS2,2004.0,Sports,Electronic Arts,1.03,0.32,0.0,0.09,88.0,30.0,8.2,20.0,EA Sports,E
8546,Dewy's Adventure,Wii,2007.0,Platform,Konami Digital Entertainment,0.14,0.0,0.01,0.01,67.0,29.0,6.3,15.0,Konami,E
1183,Madden NFL 15,XOne,2014.0,Sports,Electronic Arts,1.31,0.09,0.0,0.16,80.0,19.0,6.4,138.0,EA Sports,E
11195,Obscure: The Aftermath,PSP,2009.0,Action,Playlogic Game Factory,0.05,0.03,0.0,0.01,66.0,25.0,8.2,20.0,Hydravision,M
13624,Red Ninja: End of Honor,PS2,2005.0,Action,Vivendi Games,0.02,0.02,0.0,0.01,47.0,17.0,5,7.0,Opus,M
8749,American Chopper,XB,2004.0,Racing,Zoo Digital Publishing,0.11,0.03,0.0,0.01,44.0,6.0,5.9,9.0,Creat Studios,T
6133,Harry Potter and the Sorcerer's Stone,PS2,2003.0,Action,Electronic Arts,0.14,0.11,0.0,0.04,56.0,14.0,7.6,21.0,Warthog,E
14709,Superdimension Neptune vs Sega Hard Girls,PSV,2016.0,Role-Playing,Idea Factory International,0.0,0.02,0.0,0.01,73.0,16.0,8.4,12.0,Compile Heart,T
9125,World Tour Soccer 2003,PS2,2002.0,Sports,Sony Computer Entertainment,0.07,0.05,0.0,0.02,78.0,21.0,8.3,7.0,SCEE London Studio,E
7874,Metro: Last Light,PC,2013.0,Action,Deep Silver,0.06,0.11,0.0,0.02,82.0,71.0,8.6,2654.0,4A Games,M
4762,Tak and the Power of Juju,GC,2003.0,Platform,THQ,0.31,0.08,0.0,0.01,71.0,16.0,8.2,9.0,Avalanche Software,E
8256,MDK2 Armageddon,PS2,2001.0,Shooter,Virgin Interactive,0.08,0.07,0.0,0.02,80.0,19.0,8.3,11.0,BioWare,T
3694,Front Mission 4,PS2,2003.0,Strategy,Square Enix,0.14,0.11,0.25,0.04,75.0,39.0,8.6,22.0,Square Enix,T
185,New Super Mario Bros. U,WiiU,2012.0,Platform,Nintendo,2.3,1.34,1.27,0.32,84.0,70.0,8.1,733.0,Nintendo,E
863,Need for Speed Rivals,PS4,2013.0,Racing,Electronic Arts,0.73,0.92,0.03,0.3,80.0,53.0,6.2,667.0,Ghost Games,E10+
10843,Pac-Man World 3,GC,2005.0,Platform,Namco Bandai Games,0.07,0.02,0.0,0.0,66.0,17.0,7.3,10.0,Blitz Games,E
4977,Naruto: Clash of Ninja Revolution 2,Wii,2008.0,Fighting,Tomy Corporation,0.34,0.02,0.0,0.03,72.0,20.0,8.4,16.0,Eighting,T
13101,Back to the Future: The Game,Wii,2011.0,Adventure,Telltale Games,0.05,0.0,0.0,0.0,66.0,7.0,4.1,9.0,Iron Galaxy Studios,T
8899,High Velocity Bowling,PS3,2010.0,Sports,Sony Computer Entertainment,0.13,0.0,0.0,0.01,66.0,14.0,8.1,23.0,SCEA,E10+
7764,DanceMasters,X360,2010.0,Misc,Konami Digital Entertainment,0.15,0.02,0.02,0.01,63.0,30.0,5.9,7.0,GCP1,E10+
16490,Super Dungeon Bros,PS4,2016.0,Action,Nordic Games,0.01,0.0,0.0,0.0,42.0,9.0,2.3,7.0,React Games,E10+
5418,The Shoot,PS3,2010.0,Shooter,Sony Computer Entertainment,0.13,0.15,0.01,0.05,60.0,39.0,6.2,11.0,Cohort Studios,T
1594,Tom Clancy's Rainbow Six: Vegas,PS3,2007.0,Shooter,Ubisoft,0.47,0.53,0.03,0.22,86.0,32.0,7.6,81.0,Ubisoft Montreal,M
5135,Virtua Tennis 2009,Wii,2009.0,Sports,Sega,0.12,0.21,0.0,0.04,73.0,33.0,7.7,21.0,Sumo Digital,E
921,NBA 2K17,PS4,2016.0,Sports,Take-Two Interactive,1.25,0.27,0.02,0.34,88.0,47.0,6.7,162.0,Visual Concepts,E
2205,Prince of Persia: The Sands of Time,XB,2003.0,Action,Ubisoft,0.57,0.33,0.0,0.04,92.0,41.0,7.8,72.0,Ubisoft,T
12456,The LEGO Movie Videogame,PC,2014.0,Action,Warner Bros. Interactive Entertainment,0.02,0.04,0.0,0.0,68.0,7.0,6.8,33.0,TT Games,E10+
6492,Riding Spirits,PS2,2002.0,Racing,BAM! Entertainment,0.13,0.1,0.0,0.03,59.0,14.0,9,17.0,Spike,E
2456,The Incredibles,GC,2004.0,Action,THQ,0.65,0.17,0.0,0.02,63.0,27.0,7.1,7.0,Heavy Iron Studios,T
14960,Battlefield 1942,PC,2002.0,Shooter,Electronic Arts,0.01,0.01,0.0,0.0,89.0,27.0,8.6,327.0,Digital Illusions,T
11821,Rogue Trooper: Quartz Zone Massacre,Wii,2009.0,Shooter,Reef Entertainment,0.06,0.0,0.0,0.01,70.0,14.0,8.2,5.0,Rebellion,T
10198,The King of Fighters 2000/2001,PS2,2003.0,Fighting,Ignition Entertainment,0.05,0.04,0.0,0.01,71.0,31.0,8.6,17.0,SNK Playmore,T
15892,Judge Dredd: Dredd Vs Death,XB,2003.0,Shooter,Vivendi Games,0.01,0.0,0.0,0.0,57.0,17.0,6.7,7.0,Rebellion,M
1665,Medal of Honor: Airborne,PS3,2007.0,Shooter,Electronic Arts,0.25,0.69,0.03,0.25,75.0,16.0,7.6,39.0,Electronic Arts,T
5306,Terminator Salvation,X360,2009.0,Shooter,Warner Bros. Interactive Entertainment,0.13,0.18,0.0,0.04,48.0,50.0,5,53.0,GRIN,T
3837,We Cheer,Wii,2008.0,Simulation,505 Games,0.47,0.0,0.0,0.04,56.0,12.0,7.3,13.0,"Machatin, Inc.",E10+
724,Madden NFL 25,X360,2013.0,Sports,Electronic Arts,1.98,0.06,0.0,0.19,80.0,32.0,5.6,136.0,EA Sports,E
13306,Need for Speed Carbon,PC,2006.0,Racing,Electronic Arts,0.0,0.04,0.0,0.01,78.0,17.0,7.2,249.0,Black Box,E10+
3142,James Bond 007: Everything or Nothing,XB,2004.0,Shooter,Electronic Arts,0.43,0.19,0.0,0.02,83.0,51.0,7.4,27.0,EA Redwood Shores,T
11369,Blazing Angels: Squadrons of WWII,XB,2006.0,Simulation,Ubisoft,0.06,0.02,0.0,0.0,69.0,19.0,6.8,4.0,Ubisoft Romania,T
3527,Defiance,X360,2013.0,Shooter,Trion Worlds,0.38,0.14,0.0,0.05,60.0,27.0,7.2,249.0,Trion Worlds,M
11628,Gadget Racers,PS2,2000.0,Racing,Midas Interactive Entertainment,0.04,0.03,0.0,0.01,67.0,10.0,7.4,7.0,Barnhouse Effect,E
9282,Vampire Night,PS2,2001.0,Shooter,Sony Computer Entertainment,0.07,0.05,0.0,0.02,65.0,18.0,8,5.0,Wow Entertainment,T
12759,Lost Kingdoms II,GC,2003.0,Role-Playing,Activision,0.04,0.01,0.0,0.0,68.0,25.0,9.1,14.0,From Software,T
2168,Pro Evolution Soccer 2014,PS3,2013.0,Action,Konami Digital Entertainment,0.03,0.41,0.51,0.0,78.0,39.0,4.1,303.0,Konami,E
2333,Killzone: Liberation,PSP,2006.0,Shooter,Sony Computer Entertainment,0.44,0.27,0.0,0.18,77.0,56.0,8.3,80.0,Guerrilla,T
16276,Doki-Doki Universe,PSV,2013.0,Adventure,Sony Computer Entertainment,0.0,0.01,0.0,0.0,66.0,7.0,5.7,16.0,SCEA,E10+
7565,Code of Princess,3DS,2012.0,Action,Agatsuma Entertainment,0.16,0.0,0.03,0.01,67.0,38.0,7.6,73.0,Studio Saizensen,T
5500,Etrian Odyssey,DS,2007.0,Role-Playing,Nintendo,0.19,0.02,0.09,0.02,75.0,30.0,8.5,37.0,"Lancarse, Atlus",T
4464,Star Wars: Jedi Starfighter,XB,2002.0,Simulation,Activision,0.35,0.07,0.0,0.02,78.0,22.0,5.2,5.0,Secret Level,T
10021,Puzzle Quest 2,DS,2010.0,Puzzle,D3Publisher,0.1,0.0,0.0,0.01,74.0,27.0,5.8,11.0,Infinite Interactive,E10+
8049,Syndicate,X360,2012.0,Shooter,Electronic Arts,0.1,0.06,0.0,0.02,74.0,65.0,7.1,174.0,Starbreeze,M
7028,Dynasty Warriors: Strikeforce,X360,2009.0,Action,Tecmo Koei,0.13,0.06,0.02,0.02,59.0,18.0,5.7,12.0,Omega Force,T
7475,You Don't Know Jack,X360,2011.0,Misc,THQ,0.19,0.0,0.0,0.01,82.0,23.0,7.9,29.0,"Jellyvision, Iron Galaxy Studios",T
14235,WRC: FIA World Rally Championship,PSP,2005.0,Racing,Sony Computer Entertainment,0.02,0.01,0.0,0.0,67.0,18.0,7.8,19.0,Traveller's Tales,E
6119,LEGO The Lord of the Rings,PSV,2012.0,Action,Warner Bros. Interactive Entertainment,0.09,0.13,0.0,0.06,54.0,8.0,5.6,35.0,TT Games,E10+
2955,Plants vs. Zombies: Garden Warfare,XOne,2014.0,Shooter,Electronic Arts,0.39,0.23,0.0,0.06,76.0,65.0,7.4,438.0,PopCap,E10+
3371,Total War: Shogun 2,PC,2011.0,Strategy,Sega,0.19,0.31,0.0,0.09,90.0,62.0,8.3,1180.0,Creative Assembly,T
2400,Fight Night Round 2,PS2,2005.0,Fighting,Electronic Arts,0.72,0.03,0.0,0.12,88.0,37.0,9,37.0,EA Sports,T
12669,Vampire Rain: Altered Species,PS3,2008.0,Action,Ignition Entertainment,0.05,0.0,0.0,0.0,30.0,15.0,3.5,36.0,Artoon,M
3029,NFL Street,XB,2004.0,Sports,Electronic Arts,0.49,0.15,0.0,0.02,81.0,38.0,8.8,9.0,EA Tiburon,E
9864,Overlord: Raising Hell,PS3,2008.0,Action,Codemasters,0.07,0.03,0.0,0.02,72.0,35.0,7.7,27.0,4J Studios,T
949,Rayman Raving Rabbids 2,Wii,2007.0,Misc,Ubisoft,0.82,0.82,0.0,0.2,67.0,25.0,8.3,66.0,Ubisoft Montpellier,E10+
2991,Wolfenstein: The New Order,XOne,2014.0,Shooter,Bethesda Softworks,0.34,0.28,0.0,0.06,79.0,18.0,7.8,397.0,MachineGames,M
2067,SoulCalibur II,XB,2003.0,Fighting,Namco Bandai Games,0.78,0.18,0.03,0.0,92.0,39.0,8.9,54.0,Namco,T
7809,Quantum Theory,PS3,2010.0,Shooter,Tecmo Koei,0.05,0.09,0.02,0.03,43.0,34.0,5.3,21.0,Tecmo,M
12760,Aggressive Inline,GC,2002.0,Sports,Acclaim Entertainment,0.04,0.01,0.0,0.0,88.0,16.0,7.8,5.0,"Z-Axis, Ltd.",T
15080,The Settlers: Rise of an Empire,PC,2007.0,Strategy,Ubisoft,0.01,0.01,0.0,0.0,66.0,19.0,7.7,44.0,Blue Byte,E10+
13715,LEGO Indiana Jones: The Original Adventures,PC,2008.0,Action,LucasArts,0.02,0.02,0.0,0.0,78.0,14.0,7.7,35.0,Traveller's Tales,E10+
15177,Anima - Gate of Memories,PS4,2016.0,Action,Avanquest,0.0,0.02,0.0,0.0,52.0,13.0,7.9,34.0,"Edge Entertainment, Anima Project",T
11258,Puss in Boots,PS3,2011.0,Action,THQ,0.07,0.01,0.0,0.01,70.0,4.0,7,4.0,THQ,E10+
8369,Fairytale Fights,X360,2009.0,Action,Playlogic Game Factory,0.14,0.02,0.0,0.01,51.0,47.0,6.2,12.0,"Playlogic, The Game Factory",M
6494,MLB 09: The Show,PSP,2009.0,Sports,Sony Computer Entertainment,0.24,0.0,0.0,0.02,78.0,12.0,6.9,7.0,SCEA San Diego Studios,E
9498,Ape Escape 3,PS2,2005.0,Platform,Sony Computer Entertainment,0.06,0.05,0.0,0.02,77.0,51.0,8.5,22.0,SCE Japan Studio,E10+
3519,Dynasty Warriors 5: Xtreme Legends,PS2,2005.0,Action,Tecmo Koei,0.11,0.08,0.35,0.03,57.0,22.0,9.1,26.0,Omega Force,T
14716,Braid,PC,2009.0,Platform,Number None,0.0,0.02,0.0,0.0,90.0,11.0,8.6,819.0,"Number None Inc., Knockout Games",E10+
13974,Lost Planet 3,PC,2013.0,Shooter,Capcom,0.0,0.04,0.0,0.0,61.0,17.0,6.2,210.0,Spark Unlimited,T
2619,Tom Clancy's Splinter Cell: Double Agent,X360,2006.0,Action,Ubisoft,0.67,0.04,0.01,0.06,85.0,59.0,8.1,148.0,Ubisoft Shanghai,M
1839,Fight Night Champion,PS3,2011.0,Fighting,Electronic Arts,0.45,0.49,0.0,0.18,84.0,52.0,7.3,95.0,EA Canada,M
6270,Evil Dead: Hail to the King,PS,2000.0,Adventure,THQ,0.15,0.1,0.0,0.02,51.0,8.0,6,7.0,Heavy Iron Studios,M
9026,Syndicate,PS3,2012.0,Shooter,EA Games,0.07,0.06,0.0,0.02,75.0,29.0,6.5,106.0,Starbreeze,M
762,Sonic Unleashed,Wii,2008.0,Platform,Sega,1.26,0.67,0.02,0.21,66.0,30.0,7.3,136.0,Sonic Team,E10+
110,Mario Kart 8,WiiU,2014.0,Racing,Nintendo,3.15,2.15,1.28,0.51,88.0,82.0,9.1,1599.0,Nintendo,E
2442,Ratatouille,PS2,2007.0,Action,THQ,0.31,0.0,0.0,0.53,65.0,9.0,8,11.0,Asobo Studio,E
13002,PAC-MAN and the Ghostly Adventures,WiiU,2013.0,Platform,Namco Bandai Games,0.03,0.01,0.0,0.0,58.0,9.0,6.5,16.0,"Namco Bandai Games, Monkey Bar Games",E10+
2754,Mortal Kombat: Unchained,PSP,2006.0,Fighting,Midway Games,0.67,0.01,0.0,0.06,70.0,19.0,8.8,31.0,JGI Entertainment,M
4077,Far Cry 2,PC,2008.0,Action,Ubisoft,0.01,0.45,0.0,0.03,85.0,34.0,5.8,1345.0,Ubisoft Montreal,M
12238,The Guided Fate Paradox,PS3,2013.0,Role-Playing,Nippon Ichi Software,0.0,0.0,0.06,0.0,74.0,27.0,7.8,66.0,Nippon Ichi Software,T
245,Call of Duty: Infinite Warfare,PS4,2016.0,Shooter,Activision,1.61,2.0,0.15,0.71,77.0,82.0,3.4,1129.0,Infinity Ward,M
14436,The Legend of Heroes III: Song of the Ocean,PSP,2006.0,Role-Playing,Namco Bandai Games,0.03,0.0,0.0,0.0,58.0,17.0,6.1,7.0,Microvision,E10+
6081,Majin and the Forsaken Kingdom,PS3,2010.0,Adventure,Namco Bandai Games,0.09,0.13,0.01,0.05,72.0,49.0,7.9,35.0,Game Republic,T
2818,James Bond 007: Agent Under Fire,GC,2002.0,Shooter,Electronic Arts,0.56,0.15,0.0,0.02,74.0,16.0,6.8,25.0,Electronic Arts,T
219,Assassin's Creed,PS3,2007.0,Adventure,Ubisoft,1.91,2.0,0.09,0.82,81.0,40.0,7.3,769.0,Ubisoft Montreal,M
8076,Test Drive Off-Road Wide Open,XB,2001.0,Racing,Infogrames,0.15,0.03,0.0,0.01,64.0,21.0,8.3,9.0,Rockstar San Diego,E
2457,Xenoblade Chronicles X,WiiU,2015.0,Role-Playing,Nintendo,0.36,0.28,0.14,0.06,84.0,87.0,8.9,1548.0,Monolith Soft,T
15182,Tropico 4: Modern Times,PC,2012.0,Strategy,Kalypso Media,0.0,0.02,0.0,0.0,78.0,11.0,8,58.0,Haemimont,T
7614,IHRA Drag Racing 2004,XB,2003.0,Racing,Bethesda Softworks,0.15,0.04,0.0,0.01,40.0,5.0,7.4,7.0,Bethesda Softworks,E
8999,Record of Agarest War 2,PS3,2010.0,Role-Playing,Compile Heart,0.09,0.0,0.04,0.01,56.0,6.0,7.2,36.0,"Idea Factory, Compile Heart",T
4519,Hometown Story,3DS,2013.0,Role-Playing,Rising Star Games,0.23,0.12,0.04,0.04,47.0,14.0,6,24.0,TOYBOX,E10+
319,World Soccer Winning Eleven 8 International,PS2,2004.0,Sports,Konami Digital Entertainment,0.16,1.89,1.12,0.68,91.0,26.0,9.1,38.0,KCET,E
2375,Borderlands: The Handsome Collection,PS4,2015.0,Shooter,Take-Two Interactive,0.38,0.33,0.03,0.14,82.0,49.0,7.8,345.0,Gearbox Software,M
3337,Dynasty Warriors 8,PS3,2013.0,Action,Tecmo Koei,0.12,0.1,0.34,0.05,68.0,26.0,8.5,75.0,Omega Force,T
330,The Sims: Unleashed,PC,2002.0,Simulation,Electronic Arts,2.03,1.56,0.0,0.17,79.0,21.0,8,29.0,Maxis,T
1786,Dance Dance Revolution Extreme 2,PS2,2005.0,Simulation,Konami Digital Entertainment,0.95,0.04,0.0,0.16,76.0,27.0,9,21.0,Konami Computer Entertainment Hawaii,E10+
812,The Sims 2: Pets,DS,2006.0,Simulation,Electronic Arts,0.92,0.93,0.0,0.22,49.0,5.0,5.2,24.0,Full Fat,E
1978,EA Sports UFC,PS4,2014.0,Sports,Electronic Arts,0.46,0.41,0.01,0.17,70.0,57.0,6.1,279.0,EA Sports,T
1282,Resistance 3,PS3,2011.0,Shooter,Sony Computer Entertainment,0.64,0.57,0.05,0.22,83.0,91.0,7.8,543.0,Insomniac Games,M
5079,Major League Baseball 2K6,X360,2006.0,Sports,Spike,0.34,0.0,0.0,0.03,66.0,22.0,3.9,37.0,Kush Games,E
7811,Guitar Hero Live,WiiU,2015.0,Misc,Activision,0.12,0.05,0.0,0.02,84.0,4.0,6.1,36.0,"Activision, FreeStyleGames",T
12467,Alone in the Dark,PS2,2008.0,Adventure,Atari,0.03,0.02,0.0,0.01,47.0,10.0,5.4,24.0,Hydravision,M
8225,Major League Baseball 2K9,PS3,2009.0,Sports,Spike,0.16,0.0,0.0,0.01,61.0,19.0,4,6.0,2K Sports,E
9585,Advent Rising,XB,2005.0,Action,THQ,0.1,0.03,0.0,0.0,68.0,50.0,7.5,68.0,GlyphX Games,T
3921,Naruto Shippuden: Ultimate Ninja Storm 3,X360,2013.0,Fighting,Namco Bandai Games,0.29,0.16,0.01,0.05,70.0,16.0,7.7,67.0,CyberConnect2,T
13438,Ride 2,PS4,2016.0,Racing,Milestone S.r.l,0.0,0.04,0.0,0.01,71.0,19.0,8,12.0,Milestone S.r.l,E
9825,NPPL: Championship Paintball 2009,X360,2008.0,Shooter,Activision Value,0.1,0.01,0.0,0.01,44.0,9.0,7.3,9.0,FUN Labs,E10+
5064,GRID 2,PS3,2013.0,Racing,Codemasters,0.07,0.22,0.01,0.08,82.0,20.0,6.6,173.0,Codemasters,E
5770,Clash of the Titans,PS3,2010.0,Action,Namco Bandai Games,0.09,0.15,0.01,0.05,41.0,28.0,1.7,17.0,Game Republic,T
13118,Jenga World Tour,Wii,2007.0,Misc,Atari,0.05,0.0,0.0,0.0,26.0,14.0,2.8,11.0,Atomic Planet Entertainment,E
2664,Maximo: Ghosts to Glory,PS2,2001.0,Platform,Capcom,0.38,0.29,0.0,0.1,84.0,33.0,8.7,16.0,Capcom,T
92,Call of Duty: Advanced Warfare,PS4,2014.0,Shooter,Activision,2.81,3.48,0.14,1.23,83.0,39.0,5.7,1443.0,Sledgehammer Games,M
1731,Fallout: New Vegas,PC,2010.0,Role-Playing,Bethesda Softworks,0.59,0.45,0.0,0.14,84.0,39.0,8.6,2754.0,Obsidian Entertainment,M
11102,Zoids Assault,X360,2007.0,Strategy,Takara Tomy,0.08,0.0,0.0,0.01,46.0,17.0,7.3,7.0,Takara Tomy,T
2318,Harry Potter: Quidditch World Cup,PS2,2003.0,Sports,Electronic Arts,0.44,0.34,0.0,0.11,68.0,21.0,6.6,27.0,Magic Pockets,E
9387,Army Men: Green Rogue,PS2,2001.0,Action,3DO,0.06,0.05,0.0,0.02,39.0,13.0,3.8,4.0,3DO,T
11806,Need for Speed Underground 2,PC,2004.0,Racing,Electronic Arts,0.0,0.06,0.0,0.01,82.0,31.0,8.5,407.0,EA Canada,T
5817,Disney's Stitch: Experiment 626,PS2,2002.0,Action,Sony Computer Entertainment,0.15,0.12,0.0,0.04,59.0,17.0,7.8,4.0,High Voltage Software,E
9071,Doom,GBA,2001.0,Shooter,Activision,0.1,0.04,0.0,0.0,81.0,24.0,8.5,15.0,David A. Palmer Productions,T
1451,Chrono Trigger,DS,2008.0,Role-Playing,Square Enix,0.61,0.16,0.49,0.08,92.0,57.0,8.9,440.0,TOSE,E10+
7589,Ty the Tasmanian Tiger 2: Bush Rescue,GC,2004.0,Platform,Electronic Arts,0.15,0.04,0.0,0.01,70.0,20.0,8.6,11.0,Krome Studios,E
6835,AC/DC LIVE: Rock Band Track Pack,PS3,2008.0,Misc,MTV Games,0.21,0.01,0.0,0.02,60.0,12.0,5.3,14.0,Harmonix Music Systems,T
2794,Harvest Moon: Animal Parade,Wii,2008.0,Simulation,Rising Star Games,0.58,0.08,0.02,0.05,76.0,10.0,8.9,20.0,Natsume,E
1943,DJ Hero,X360,2009.0,Misc,Activision,0.56,0.39,0.0,0.11,84.0,72.0,8,42.0,FreeStyleGames,T
8027,Amplitude,PS2,2003.0,Misc,Sony Computer Entertainment,0.09,0.07,0.0,0.02,86.0,35.0,8.8,26.0,Harmonix Music Systems,T
12462,MX vs. ATV Supercross,X360,2014.0,Racing,Nordic Games,0.03,0.02,0.0,0.01,48.0,10.0,4.8,14.0,Nordic Games Publishing,E
9512,Watch Dogs,WiiU,2014.0,Action,Ubisoft,0.07,0.05,0.0,0.01,62.0,15.0,6.4,162.0,Ubisoft Romania,M
2992,Cars: Mater-National Championship,DS,2007.0,Racing,THQ,0.63,0.0,0.0,0.05,69.0,7.0,6.8,5.0,Rainbow Studios,E
1511,SingStar '80s,PS2,2005.0,Misc,Sony Computer Entertainment,0.27,0.02,0.0,1.02,78.0,22.0,8.3,6.0,SCEA,T
2596,Armored Core 2,PS2,2000.0,Simulation,Ubisoft,0.28,0.22,0.23,0.07,78.0,23.0,8.4,19.0,From Software,T
573,Tom Clancy's Splinter Cell,PS2,2003.0,Action,Ubisoft,1.15,1.11,0.0,0.4,89.0,24.0,7.7,102.0,Ubisoft Shanghai,T
8101,Shadow The Hedgehog,XB,2005.0,Platform,Sega,0.13,0.04,0.0,0.01,49.0,24.0,5.5,36.0,Sega,E10+
68,Just Dance 2,Wii,2010.0,Misc,Ubisoft,5.8,2.85,0.01,0.78,74.0,24.0,7.3,24.0,Ubisoft,E10+
4860,Fantastic Four: Rise of the Silver Surfer,PS2,2007.0,Action,Take-Two Interactive,0.19,0.15,0.0,0.05,36.0,7.0,6.4,17.0,7 Studios,T
8292,RoadKill,PS2,2003.0,Action,Midway Games,0.08,0.07,0.0,0.02,71.0,27.0,7.9,11.0,Terminal Reality,M
4075,Need for Speed: Porsche Unleashed,GBA,2004.0,Racing,Zoo Digital Publishing,0.35,0.13,0.0,0.01,62.0,4.0,7.8,8.0,Pocketeers,E
5400,Naruto Shippuden: Ultimate Ninja Impact,PSP,2011.0,Fighting,Namco Bandai Games,0.09,0.07,0.15,0.04,59.0,16.0,7.2,26.0,Racjin,T
2115,Grand Theft Auto: San Andreas,PC,2005.0,Action,Take-Two Interactive,0.0,0.93,0.0,0.04,93.0,47.0,8.9,1841.0,Rockstar North,M
9799,Rise of the Tomb Raider,PC,2016.0,Adventure,Square Enix,0.0,0.11,0.0,0.01,86.0,45.0,7.9,915.0,"Crystal Dynamics, Nixxes Software",M
5098,Spider-Man: Friend or Foe,PS2,2007.0,Action,Activision,0.31,0.01,0.0,0.05,62.0,15.0,8.3,19.0,Next Level Games,E10+
6918,PDC World Championship Darts 2008,Wii,2008.0,Sports,Oxygen Interactive,0.02,0.21,0.0,0.01,51.0,18.0,5.4,7.0,Oxygen Interactive,E10+
4667,Crash of the Titans,PS2,2007.0,Action,Vivendi Games,0.34,0.01,0.0,0.06,70.0,12.0,5.9,48.0,Radical Entertainment,E10+
15196,IL-2 Sturmovik: Forgotten Battles,PC,2003.0,Simulation,Ubisoft,0.0,0.02,0.0,0.0,86.0,12.0,8.6,38.0,"1C, 1C Company",T
11096,Mystic Heroes,GC,2002.0,Action,Tecmo Koei,0.03,0.01,0.04,0.0,67.0,13.0,8.5,26.0,Koei,T
11300,Star Wars: Empire at War,PC,2006.0,Strategy,LucasArts,0.01,0.06,0.0,0.01,79.0,45.0,8.4,240.0,Petroglyph,T
2036,Sonic Generations,3DS,2011.0,Platform,Sega,0.44,0.47,0.01,0.09,66.0,29.0,6.9,108.0,"Sega, Dimps Corporation",E
3065,Rayman Legends,WiiU,2013.0,Platform,Ubisoft,0.25,0.33,0.03,0.05,92.0,35.0,8.7,465.0,Ubisoft Montpellier,E10+
1041,Dishonored,X360,2012.0,Action,Bethesda Softworks,1.06,0.5,0.01,0.14,88.0,56.0,7.9,815.0,Arkane Studios,M
1413,Deus Ex: Human Revolution,PS3,2011.0,Shooter,Square Enix,0.5,0.59,0.07,0.22,89.0,50.0,8.2,682.0,Eidos Montreal,M
114,Medal of Honor: Frontline,PS2,2002.0,Shooter,Electronic Arts,2.93,2.75,0.17,0.99,88.0,29.0,8.5,135.0,EA LA,T
4250,Crash Nitro Kart,GBA,2003.0,Racing,Vivendi Games,0.33,0.12,0.0,0.01,77.0,6.0,8.3,12.0,Vicarious Visions,E
230,Animal Crossing: City Folk,Wii,2008.0,Simulation,Nintendo,1.82,1.12,1.32,0.36,73.0,50.0,7.6,119.0,Nintendo,E
4404,Tony Hawk's Proving Ground,PS3,2007.0,Sports,Activision,0.36,0.04,0.0,0.04,73.0,36.0,6.6,17.0,Neversoft Entertainment,T
6455,Deadly Premonition,X360,2010.0,Action,Rising Star Games,0.18,0.06,0.0,0.02,68.0,39.0,8.2,332.0,Access Games,M
12079,Silpheed: The Lost Planet,PS2,2000.0,Shooter,Swing! Entertainment,0.03,0.03,0.0,0.01,72.0,12.0,7.5,4.0,Treasure,T
3680,Iron Man,PS2,2008.0,Action,Sega,0.36,0.0,0.0,0.19,47.0,8.0,5.6,15.0,Artificial Mind and Movement,T
5908,The Sims 2: Pets,PS2,2006.0,Simulation,Electronic Arts,0.02,0.01,0.0,0.27,68.0,27.0,8,25.0,Maxis,T
5640,Prey,X360,2006.0,Shooter,Take-Two Interactive,0.27,0.03,0.0,0.03,79.0,80.0,7.3,117.0,Venom Games,M
8744,The Godfather: Blackhand Edition,Wii,2007.0,Adventure,Electronic Arts,0.14,0.0,0.0,0.01,77.0,38.0,8.5,48.0,EA Redwood Shores,M
6015,Heroes of the Pacific,PS2,2005.0,Simulation,Codemasters,0.14,0.11,0.0,0.04,76.0,31.0,8.4,15.0,IR Gurus,T
3822,F.E.A.R. 2: Project Origin,X360,2009.0,Shooter,Warner Bros. Interactive Entertainment,0.32,0.15,0.0,0.05,77.0,68.0,8,114.0,Monolith Productions,M
3795,WWE SmackDown vs. Raw 2010,DS,2009.0,Fighting,THQ,0.35,0.13,0.0,0.05,75.0,7.0,8.3,4.0,Yuke's,T
12231,Worms 3D,GC,2003.0,Strategy,Sega,0.05,0.01,0.0,0.0,69.0,23.0,7.6,19.0,Team 17,T
15705,Chili Con Carnage,PSP,2007.0,Shooter,Eidos Interactive,0.0,0.01,0.0,0.0,74.0,37.0,8.2,13.0,Deadline Games,M
10137,Capcom vs. SNK 2 EO,GC,2002.0,Fighting,Capcom,0.09,0.02,0.0,0.0,68.0,20.0,8.9,27.0,Capcom,T
2055,ZombiU,WiiU,2012.0,Action,Ubisoft,0.52,0.36,0.05,0.08,77.0,70.0,7.7,758.0,Ubisoft Montpellier,M
4745,Resistance: Burning Skies,PSV,2012.0,Shooter,Sony Computer Entertainment,0.18,0.15,0.02,0.06,60.0,63.0,6.8,245.0,Nihilistic,M
3838,Madden NFL 07,PS3,2006.0,Sports,Electronic Arts,0.47,0.0,0.01,0.04,76.0,25.0,4.2,22.0,EA Tiburon,E
6143,Jackass the Game,PS2,2007.0,Action,Empire Interactive,0.14,0.11,0.0,0.04,58.0,24.0,6.6,14.0,Sidhe Interactive,M
12030,FIFA Soccer 2004,GC,2003.0,Sports,Electronic Arts,0.05,0.01,0.0,0.0,83.0,17.0,6.2,12.0,EA Canada,E
5438,NHL 09,PS3,2008.0,Sports,Electronic Arts,0.29,0.02,0.0,0.03,88.0,25.0,7.7,41.0,EA Canada,E10+
13357,Snoopy vs the Red Baron,PSP,2006.0,Adventure,Namco Bandai Games,0.04,0.0,0.0,0.0,76.0,7.0,7.8,4.0,Smart Bomb Interactive,E10+
8231,Smash Court Tennis Pro Tournament,PS2,2002.0,Sports,Sony Computer Entertainment,0.08,0.07,0.0,0.02,73.0,15.0,7.4,10.0,Namco,E
13740,Guilty Gear XX Accent Core,Wii,2007.0,Fighting,505 Games,0.03,0.0,0.0,0.0,75.0,15.0,8.4,19.0,Arc System Works,T
1414,Star Wars Knights of the Old Republic II: The Sith Lords,XB,2004.0,Role-Playing,Activision,0.99,0.33,0.0,0.05,86.0,67.0,8.6,140.0,Obsidian Entertainment,T
499,Sega Superstars Tennis,X360,2008.0,Sports,Sega,1.75,0.86,0.0,0.28,67.0,45.0,6.8,18.0,Sumo Digital,E10+
668,Tony Hawk's Underground 2,PS2,2004.0,Sports,Activision,1.25,0.86,0.01,0.26,83.0,59.0,8.8,55.0,Neversoft Entertainment,T
3033,WWE SmackDown vs. RAW 2007,PSP,2006.0,Fighting,THQ,0.33,0.2,0.0,0.14,78.0,13.0,8.1,21.0,Yuke's,T
5849,Naruto Shippuden: Ultimate Ninja Storm 4,XOne,2016.0,Fighting,Namco Bandai Games,0.21,0.07,0.0,0.03,81.0,11.0,8.5,51.0,CyberConnect2,T
303,The Witcher 3: Wild Hunt,PS4,2015.0,Role-Playing,Namco Bandai Games,1.02,2.13,0.23,0.59,92.0,79.0,9.2,10179.0,CD Projekt Red Studio,M
3834,We Love Katamari,PS2,2005.0,Puzzle,Electronic Arts,0.26,0.2,0.0,0.07,86.0,61.0,8.9,51.0,Namco,E
8137,Disney's Tarzan Untamed,GC,2001.0,Platform,Ubisoft,0.14,0.04,0.0,0.0,61.0,11.0,7.4,8.0,Ubisoft Montreal,E
7704,Armored Core 4,PS3,2006.0,Simulation,505 Games,0.09,0.0,0.09,0.01,65.0,36.0,6.8,25.0,From Software,T
4274,Just Dance 2014,XOne,2013.0,Misc,Ubisoft,0.3,0.11,0.0,0.04,71.0,6.0,7,58.0,Ubisoft,E10+
8610,Blitz: The League,X360,2006.0,Sports,Midway Games,0.15,0.0,0.0,0.01,69.0,23.0,6.5,14.0,Midway,M
13674,Split/Second,PC,2010.0,Racing,Disney Interactive Studios,0.0,0.04,0.0,0.01,79.0,18.0,8.2,116.0,Black Rock Studio,E10+
6210,Rugby World Cup 2011,X360,2011.0,Sports,505 Games,0.03,0.21,0.0,0.04,55.0,14.0,3.9,13.0,HB Studios Multimedia,E
14932,X3: Terran Conflict,PC,2008.0,Simulation,Deep Silver,0.0,0.02,0.0,0.0,73.0,16.0,7.9,222.0,Egosoft,T
1068,Resident Evil 4,GC,2005.0,Action,Capcom,0.98,0.42,0.22,0.06,96.0,82.0,9.4,767.0,Capcom,M
2470,Sniper Elite V2,X360,2012.0,Shooter,505 Games,0.46,0.28,0.02,0.07,67.0,37.0,6.8,131.0,Rebellion,M
8083,Bad Boys: Miami Takedown,XB,2004.0,Shooter,Empire Interactive,0.14,0.04,0.0,0.01,35.0,20.0,5.9,9.0,Blitz Games,M
10618,Sudoku Mania,DS,2006.0,Puzzle,Zoo Digital Publishing,0.09,0.0,0.0,0.01,25.0,4.0,3.5,4.0,FrontLine Studios,E
4972,Marvel: Ultimate Alliance,PS3,2006.0,Role-Playing,Activision,0.33,0.02,0.0,0.03,78.0,35.0,7.6,49.0,Raven Software,T
582,Halo Wars,X360,2009.0,Strategy,Microsoft Game Studios,1.54,0.8,0.04,0.24,82.0,92.0,7.2,454.0,Ensemble Studios,T
7826,Majin and the Forsaken Kingdom,X360,2010.0,Adventure,Namco Bandai Games,0.14,0.03,0.0,0.01,74.0,46.0,8.1,24.0,Game Republic,T
10156,Digimon Story: Cyber Sleuth,PS4,2016.0,Role-Playing,Namco Bandai Games,0.0,0.1,0.0,0.02,75.0,45.0,8.5,289.0,Media Vision,T
15387,The Fast and the Furious,PSP,2007.0,Racing,Deep Silver,0.02,0.0,0.0,0.0,58.0,7.0,5.3,6.0,Eutechnyx,T
11191,Battle Fantasia,X360,2008.0,Fighting,505 Games,0.07,0.0,0.01,0.01,71.0,22.0,6.6,8.0,Arc System Works,T
1477,WWE SmackDown vs Raw 2008,PS3,2007.0,Fighting,THQ,0.62,0.49,0.01,0.2,74.0,27.0,7.3,41.0,Yuke's,T
8552,NBA Live 08,Wii,2007.0,Sports,Electronic Arts,0.14,0.0,0.0,0.01,52.0,11.0,7.1,21.0,EA Canada,E
11208,Jumper: Griffin's Story,Wii,2008.0,Action,Eidos Interactive,0.08,0.0,0.0,0.01,28.0,5.0,2.5,11.0,Collision Studios,T
2631,Sid Meier's Civilization Revolution,PS3,2008.0,Strategy,Take-Two Interactive,0.49,0.19,0.01,0.09,85.0,39.0,7.7,87.0,Firaxis Games,E10+
107,The Legend of Zelda: Twilight Princess,Wii,2006.0,Action,Nintendo,3.74,2.14,0.6,0.68,95.0,73.0,9,1658.0,Nintendo,T
3717,Hotel Dusk: Room 215,DS,2007.0,Adventure,Nintendo,0.26,0.04,0.22,0.03,78.0,57.0,8.6,102.0,Cing,T
9513,BlazBlue: Continuum Shift II,PSP,2011.0,Fighting,PQube,0.03,0.02,0.07,0.01,77.0,8.0,6.8,10.0,Arc System Works,T
4993,Brunswick Pro Bowling,Wii,2007.0,Sports,505 Games,0.35,0.01,0.0,0.03,52.0,11.0,5.4,23.0,Point of View,E
7948,F1 2011,PC,2011.0,Racing,Codemasters,0.0,0.15,0.0,0.04,83.0,10.0,7.2,83.0,Codemasters,E
11729,Conflict: Desert Storm,GC,2003.0,Shooter,SCi,0.06,0.02,0.0,0.0,62.0,19.0,8.4,13.0,Pivotal Games,T
15732,TMNT: Mutant Melee,XB,2005.0,Fighting,Konami Digital Entertainment,0.01,0.0,0.0,0.0,43.0,13.0,4.8,5.0,Konami Computer Entertainment Hawaii,T
2030,Dance on Broadway,Wii,2010.0,Misc,Ubisoft,0.25,0.65,0.0,0.12,48.0,6.0,3.3,4.0,Longtail Studios,E10+
39,Super Smash Bros. Brawl,Wii,2008.0,Fighting,Nintendo,6.62,2.55,2.66,1.01,93.0,81.0,8.9,1662.0,Game Arts,T
3508,Titanfall 2,XOne,2016.0,Shooter,Electronic Arts,0.37,0.15,0.0,0.05,87.0,31.0,8,261.0,Respawn Entertainment,M
9100,Skylanders Imaginators,PS4,2016.0,Platform,Activision,0.04,0.08,0.0,0.02,80.0,47.0,5.5,17.0,Toys for Bob,E10+
2980,Sniper Elite 3,PS4,2014.0,Shooter,505 Games,0.24,0.34,0.0,0.11,67.0,41.0,7.1,178.0,Rebellion,M
3437,Game Party in Motion,X360,2010.0,Misc,Warner Bros. Interactive Entertainment,0.36,0.17,0.0,0.05,33.0,6.0,3.7,9.0,Farsight Studios,E
7075,BlowOut,PS2,2003.0,Shooter,Zoo Digital Publishing,0.11,0.09,0.0,0.03,58.0,12.0,6.2,5.0,Terminal Reality,T
2867,Virtua Fighter 4: Evolution,PS2,2003.0,Fighting,Sega,0.35,0.27,0.0,0.09,93.0,30.0,9,48.0,Sega,T
4442,Ben 10 Alien Force: Vilgax Attacks,Wii,2009.0,Action,D3Publisher,0.25,0.14,0.0,0.04,65.0,5.0,4,6.0,Papaya Studios,E10+
9730,Star Trek: Conquest,Wii,2007.0,Strategy,Bethesda Softworks,0.11,0.01,0.0,0.01,49.0,18.0,4.9,11.0,4J Studios,E
6027,Starhawk,PS3,2012.0,Action,Sony Computer Entertainment,0.18,0.05,0.03,0.03,77.0,71.0,7.8,188.0,LightBox Interactive,T
7252,Rugby 2004,PS2,2003.0,Sports,Electronic Arts,0.11,0.08,0.0,0.03,61.0,13.0,6.8,65.0,HB Studios Multimedia,E
9455,Mission: Impossible - Operation Surma,XB,2003.0,Platform,Atari,0.1,0.03,0.0,0.0,67.0,27.0,6.8,4.0,Paradigm Entertainment,T
13748,Devil May Cry 4,PC,2008.0,Action,Capcom,0.01,0.02,0.0,0.01,78.0,21.0,8.5,353.0,Capcom,M
7934,Ice Age: Dawn of the Dinosaurs,PS3,2009.0,Action,Activision,0.13,0.03,0.0,0.02,67.0,23.0,7.3,7.0,Activision,E10+
12233,TRON: Evolution,PC,2010.0,Action,Disney Interactive Studios,0.06,0.0,0.0,0.0,57.0,11.0,6,25.0,Propaganda Games,T
2727,SoulCalibur V,PS3,2012.0,Fighting,Namco Bandai Games,0.35,0.23,0.07,0.09,81.0,53.0,6.7,150.0,Project Soul,T
3836,NCAA Football 2003,XB,2002.0,Sports,Electronic Arts,0.39,0.11,0.0,0.02,90.0,14.0,8.2,15.0,EA Sports,E
36,Call of Duty: Modern Warfare 2,X360,2009.0,Shooter,Activision,8.52,3.59,0.08,1.28,94.0,100.0,6.3,2698.0,Infinity Ward,M
4187,Dead Space Extraction,Wii,2009.0,Shooter,Electronic Arts,0.32,0.1,0.01,0.04,82.0,76.0,8.1,82.0,"Eurocom Entertainment Software, Visceral Games",M
675,Kinect: Disneyland Adventures,X360,2011.0,Misc,Microsoft Game Studios,1.73,0.43,0.02,0.17,73.0,33.0,2.9,67.0,Frontier Developments,E10+
16533,Hoshigami: Ruining Blue Earth Remix,DS,2007.0,Role-Playing,505 Games,0.0,0.0,0.01,0.0,55.0,13.0,7.9,11.0,Barnhouse Effect,T
7220,Jackass the Game,PSP,2007.0,Action,Empire Interactive,0.09,0.08,0.0,0.05,58.0,21.0,7,12.0,Sidhe Interactive,M
3820,Stuntman: Ignition,PS3,2007.0,Racing,THQ,0.17,0.26,0.0,0.1,76.0,18.0,6.2,12.0,Paradigm Entertainment,T
10950,Bloody Roar 4,PS2,2003.0,Fighting,Konami Digital Entertainment,0.05,0.04,0.0,0.01,59.0,25.0,8.6,43.0,Eighting,M
5556,SWAT: Global Strike Team,PS2,2003.0,Shooter,Vivendi Games,0.16,0.12,0.0,0.04,69.0,21.0,7.8,16.0,Argonaut Games,M
1746,NASCAR Thunder 2002,PS2,2001.0,Racing,Electronic Arts,0.57,0.44,0.0,0.15,85.0,17.0,8.5,22.0,EA Sports,E
8824,Indigo Prophecy,PS2,2005.0,Adventure,Atari,0.07,0.06,0.0,0.02,83.0,47.0,7.8,104.0,Quantic Dream,M
8724,F.E.A.R. 3,PC,2011.0,Shooter,Warner Bros. Interactive Entertainment,0.04,0.08,0.0,0.03,74.0,34.0,5.9,420.0,Day 1 Studios,M
1052,Portal 2,PS3,2011.0,Shooter,Valve,0.83,0.6,0.02,0.24,95.0,54.0,8.4,937.0,Valve Software,E10+
4038,Scarface: The World is Yours,XB,2006.0,Action,Vivendi Games,0.37,0.11,0.0,0.02,76.0,41.0,8.4,46.0,Radical Entertainment,M
3428,Final Fantasy Anniversary Edition,PSP,2007.0,Role-Playing,Square Enix,0.39,0.02,0.13,0.04,67.0,34.0,7.7,47.0,TOSE,E10+
5928,Spider-Man 3,PSP,2007.0,Platform,Activision,0.01,0.23,0.0,0.05,52.0,7.0,7.4,9.0,Treyarch,T
2507,Harvest Moon: Tree of Tranquility,Wii,2007.0,Simulation,Rising Star Games,0.67,0.03,0.06,0.05,65.0,18.0,8.2,28.0,Marvelous Entertainment,E
1670,Boom Blox,Wii,2008.0,Puzzle,Electronic Arts,0.71,0.38,0.0,0.12,85.0,61.0,8.6,105.0,EA LA,E
3495,Payday 2,X360,2013.0,Shooter,505 Games,0.33,0.19,0.0,0.05,75.0,18.0,6.3,203.0,Overkill Software,M
14493,Digimon World 4,XB,2005.0,Role-Playing,Atari,0.02,0.01,0.0,0.0,54.0,5.0,8.8,4.0,Bandai,E
14658,Resident Evil 4,PC,2007.0,Action,Ubisoft,0.0,0.02,0.0,0.0,76.0,15.0,7.4,242.0,Capcom,M
484,Titanfall,XOne,2014.0,Shooter,Electronic Arts,1.84,0.8,0.04,0.27,86.0,68.0,6.4,2658.0,Respawn Entertainment,M
5923,Teenage Mutant Ninja Turtles,XB,2003.0,Action,Konami Digital Entertainment,0.22,0.06,0.0,0.01,56.0,22.0,8.4,9.0,Konami,E
2303,The Elder Scrolls Online,PC,2014.0,Role-Playing,Bethesda Softworks,0.32,0.51,0.0,0.07,71.0,64.0,5.7,2421.0,ZeniMax Media,M
8250,Toukiden Kiwami,PS4,2015.0,Action,Tecmo Koei,0.05,0.07,0.02,0.02,74.0,35.0,7.6,74.0,Koei Tecmo Games,T
11357,Smart Bomb,PSP,2005.0,Puzzle,Eidos Interactive,0.07,0.0,0.0,0.01,45.0,19.0,5.4,5.0,Core Design Ltd.,E10+
4244,The Legend of Spyro: Dawn of the Dragon,DS,2008.0,Platform,Vivendi Games,0.26,0.15,0.0,0.05,57.0,9.0,6.8,10.0,Etranges Libellules,E
6572,Nancy Drew: The Mystery of the Clue Bender Society,DS,2008.0,Adventure,Codemasters,0.24,0.0,0.0,0.02,46.0,5.0,3.6,5.0,Gorilla Systems,E10+
6186,Kenka Bancho: Badass Rumble,PSP,2008.0,Action,Spike,0.06,0.0,0.2,0.01,70.0,21.0,7.5,6.0,Bullets,T
738,Forza Motorsport 5,XOne,2013.0,Racing,Microsoft Game Studios,1.21,0.79,0.01,0.19,79.0,76.0,5.9,1095.0,Turn 10,E
14877,Guild Wars: Nightfall,PC,2006.0,Role-Playing,NCSoft,0.0,0.02,0.0,0.0,84.0,30.0,8.7,104.0,ArenaNet,T
2770,Ace Combat: Assault Horizon,PS3,2011.0,Action,Namco Bandai Games,0.3,0.15,0.22,0.07,77.0,28.0,6.7,82.0,Project Aces,T
9293,Call of Duty: Infinite Warfare,PC,2016.0,Shooter,Activision,0.04,0.08,0.0,0.01,73.0,16.0,3,440.0,Infinity Ward,M
5112,Custom Robo,GC,2004.0,Role-Playing,Nintendo,0.29,0.07,0.0,0.01,65.0,31.0,8.1,27.0,Noise Inc.,T
7698,Warriors Orochi,X360,2007.0,Action,Tecmo Koei,0.17,0.01,0.0,0.02,53.0,27.0,7.4,13.0,Omega Force,T
2264,Harvest Moon 3D: A New Beginning,3DS,2012.0,Action,Marvelous Entertainment,0.41,0.17,0.3,0.05,74.0,21.0,8.2,62.0,Marvelous AQL,E
1536,The Elder Scrolls Online,XOne,2015.0,Role-Playing,Bethesda Softworks,0.78,0.38,0.0,0.12,77.0,11.0,8.4,613.0,ZeniMax Media,M
5610,Hatsune Miku: Project Diva F 2nd,PSV,2014.0,Misc,Sega,0.08,0.05,0.16,0.04,81.0,8.0,8.4,69.0,Sega,T
1188,Smuggler's Run,PS2,2000.0,Racing,Take-Two Interactive,0.77,0.6,0.0,0.2,79.0,21.0,6.8,18.0,Rockstar San Diego,T
11771,Baroque,Wii,2008.0,Role-Playing,Rising Star Games,0.07,0.0,0.0,0.01,50.0,22.0,8.1,24.0,Sting,T
9301,Salt Lake 2002,PS2,2002.0,Sports,Eidos Interactive,0.07,0.05,0.0,0.02,49.0,11.0,3.5,6.0,Attention To Detail,E
7828,Arc Rise Fantasia,Wii,2009.0,Role-Playing,Marvelous Interactive,0.12,0.0,0.06,0.01,64.0,26.0,7.8,43.0,"Image Epoch, Imageepoch",T
13332,Worms Reloaded,PC,2010.0,Strategy,Team17 Software,0.0,0.04,0.0,0.01,79.0,28.0,6.8,185.0,Team 17,E10+
10385,FlatOut: Ultimate Carnage,X360,2007.0,Racing,Empire Interactive,0.07,0.02,0.0,0.01,80.0,44.0,8.8,66.0,Bugbear,T
5357,WWE All Stars,X360,2011.0,Fighting,THQ,0.18,0.14,0.0,0.03,75.0,64.0,7.2,45.0,THQ,T
11854,Kessen III,PS2,2004.0,Strategy,Tecmo Koei,0.04,0.03,0.0,0.01,73.0,26.0,8.1,20.0,Koei,T
13951,The Movies,PC,2005.0,Simulation,Activision,0.01,0.03,0.0,0.01,84.0,62.0,8.3,131.0,Lionhead Studios,T
9003,Skylanders Giants,3DS,2012.0,Action,Activision,0.12,0.01,0.0,0.01,59.0,9.0,5,13.0,n-Space,E10+
3488,Phineas and Ferb: Across the 2nd Dimension,Wii,2011.0,Action,Disney Interactive Studios,0.35,0.18,0.0,0.05,76.0,4.0,8.3,6.0,High Impact Games,E10+
5018,Saints Row: The Third,PC,2011.0,Action,THQ,0.16,0.16,0.0,0.06,84.0,22.0,8.1,1263.0,Volition Inc.,M
8978,Guilty Gear X2 #Reload,XB,2004.0,Fighting,Zoo Digital Publishing,0.11,0.03,0.0,0.01,86.0,34.0,7.6,12.0,Arc System Works,T
8973,BMX XXX,PS2,2002.0,Sports,Acclaim Entertainment,0.07,0.06,0.0,0.02,54.0,14.0,4.6,17.0,"Z-Axis, Ltd.",M
5165,Sid Meier's Civilization: Beyond Earth,PC,2014.0,Strategy,Take-Two Interactive,0.11,0.22,0.0,0.03,81.0,78.0,5.5,1027.0,Firaxis Games,E10+
562,Burnout 3: Takedown,PS2,2004.0,Racing,Electronic Arts,1.23,1.11,0.0,0.34,93.0,52.0,9.1,271.0,Criterion Games,T
12334,Mario vs. Donkey Kong: Tipping Stars,3DS,2015.0,Puzzle,Nintendo,0.0,0.0,0.06,0.0,70.0,15.0,7.5,48.0,"Nintendo, Nintendo Software Technology",E
3702,Tiger Woods PGA Tour 13,PS3,2012.0,Sports,Electronic Arts,0.24,0.21,0.0,0.08,75.0,14.0,5.7,9.0,Electronic Arts,E
2407,Warriors Orochi,PS2,2007.0,Action,Tecmo Koei,0.11,0.09,0.64,0.03,55.0,14.0,8.2,16.0,Omega Force,T
9721,Makai Kingdom: Chronicles of the Sacred Tome,PS2,2005.0,Role-Playing,Tecmo Koei,0.06,0.05,0.0,0.02,77.0,41.0,7.3,12.0,Nippon Ichi Software,T
2910,SplashDown,PS2,2001.0,Racing,Atari,0.34,0.27,0.0,0.09,84.0,22.0,8.2,11.0,Rainbow Studios,E
3166,NHL 13,PS3,2012.0,Sports,Electronic Arts,0.33,0.21,0.0,0.09,84.0,22.0,6.8,60.0,Electronic Arts,E10+
12359,Crimson Gem Saga,PSP,2008.0,Role-Playing,Sega,0.06,0.0,0.0,0.0,78.0,20.0,7.5,30.0,"IronNos Co.,Ltd.",T
5545,EA Playground,DS,2007.0,Sports,Electronic Arts,0.29,0.01,0.0,0.03,60.0,8.0,7.6,13.0,Piranha Games,E
1955,Spider-Man 2,GBA,2004.0,Action,Activision,0.76,0.28,0.0,0.02,65.0,12.0,7.7,6.0,Digital Eclipse,E
4786,Life is Strange,PS4,2016.0,Adventure,Square Enix,0.15,0.15,0.03,0.06,85.0,23.0,8.6,672.0,DONTNOD Entertainment,M
4549,Def Jam Icon,PS3,2007.0,Action,Electronic Arts,0.16,0.19,0.0,0.08,68.0,38.0,4.4,40.0,EA Chicago,M
13072,MorphX,X360,2010.0,Shooter,505 Games,0.05,0.0,0.0,0.0,33.0,4.0,6.6,15.0,"Buka Entertainment, Targem Games",M
4884,NBA Jam,PS3,2010.0,Sports,Electronic Arts,0.22,0.12,0.0,0.06,71.0,33.0,5.7,14.0,EA Canada,E
1434,Middle-Earth: Shadow of Mordor,XOne,2014.0,Action,Warner Bros. Interactive Entertainment,0.73,0.5,0.01,0.12,87.0,12.0,8,585.0,Monolith Productions,M
11474,NBA 10: The Inside,PSP,2009.0,Sports,Sony Computer Entertainment,0.07,0.0,0.0,0.01,69.0,13.0,3,13.0,SCEA San Diego Studios,E
6750,TV Superstars,PS3,2010.0,Misc,Sony Computer Entertainment,0.07,0.12,0.0,0.05,56.0,17.0,4.9,8.0,SCE Studio Cambridge,E
8201,Dead or Alive Paradise,PSP,2010.0,Misc,Ubisoft Annecy,0.07,0.02,0.07,0.02,38.0,34.0,5.6,37.0,"Team Ninja, Tecmo",M
3378,Hot Wheels: Stunt Track Challenge,PS2,2004.0,Racing,THQ,0.29,0.23,0.0,0.08,62.0,8.0,8.1,8.0,Climax Group,E
2777,MLB 13: The Show,PS3,2013.0,Sports,Sony Computer Entertainment,0.67,0.0,0.0,0.07,87.0,36.0,7.8,114.0,SCEA San Diego Studios,E
8892,Street Fighter Alpha 3,GBA,2002.0,Fighting,Capcom,0.11,0.04,0.0,0.0,83.0,17.0,7.8,10.0,Crawfish Interactive,T
65,Final Fantasy VII,PS,1997.0,Role-Playing,Sony Computer Entertainment,3.01,2.47,3.28,0.96,92.0,20.0,9.2,1282.0,SquareSoft,T
10467,The Lord of the Rings: Conquest,DS,2009.0,Action,Electronic Arts,0.09,0.01,0.0,0.01,61.0,9.0,7.8,6.0,Artificial Mind and Movement,E10+
2865,XCOM: Enemy Unknown,PC,2012.0,Strategy,Take-Two Interactive,0.27,0.36,0.0,0.08,89.0,57.0,8.2,2235.0,Firaxis Games,M
8373,James Bond 007: Everything or Nothing,GBA,2003.0,Shooter,Electronic Arts,0.12,0.04,0.0,0.0,73.0,17.0,8.3,11.0,Griptonite Games,T
1691,Captain Toad: Treasure Tracker,WiiU,2014.0,Puzzle,Nintendo,0.53,0.38,0.19,0.09,81.0,78.0,8.6,377.0,Nintendo EAD Tokyo,E
1421,Crash Bandicoot 2: N-Tranced,GBA,2003.0,Platform,Vivendi Games,0.63,0.66,0.0,0.07,75.0,21.0,7.8,30.0,Vicarious Visions,E
9992,Sphinx and the Cursed Mummy,XB,2003.0,Action,THQ,0.09,0.02,0.0,0.0,79.0,21.0,9.1,11.0,Eurocom Entertainment Software,T
8262,Disney's Atlantis: The Lost Empire,PS,2001.0,Platform,Sony Computer Entertainment,0.1,0.07,0.0,0.01,73.0,7.0,8.5,6.0,Eurocom Entertainment Software,E
5963,Syphon Filter: Dark Mirror,PSP,2006.0,Shooter,Sony Computer Entertainment,0.26,0.01,0.0,0.03,87.0,58.0,9,118.0,Sony Bend,M
1285,007: Quantum of Solace,X360,2008.0,Action,Activision,0.82,0.51,0.01,0.14,65.0,69.0,7.1,71.0,Treyarch,T
4303,The New York Times Crosswords,DS,2007.0,Puzzle,Majesco Entertainment,0.42,0.0,0.0,0.03,79.0,15.0,6.7,6.0,BudCat,T
10579,The Whispered World,PC,2009.0,Adventure,Deep Silver,0.0,0.08,0.0,0.02,70.0,41.0,7.6,77.0,Daedalic Entertainment,E
1941,The Orange Box,PS3,2007.0,Shooter,Electronic Arts,0.28,0.58,0.0,0.21,89.0,21.0,8.4,188.0,EA Games,M
1091,Dragon Age: Origins,PS3,2009.0,Role-Playing,Electronic Arts,0.96,0.42,0.08,0.21,87.0,41.0,7.9,597.0,BioWare,M
73,Animal Crossing: New Leaf,3DS,2012.0,Simulation,Nintendo,2.03,2.36,4.39,0.39,88.0,70.0,8.7,626.0,Nintendo,E
3397,Crash Bandicoot: The Wrath of Cortex,GC,2002.0,Platform,Universal Interactive,0.46,0.12,0.0,0.02,62.0,11.0,7.3,22.0,Traveller's Tales,E
14011,Cy Girls,PS2,2004.0,Action,Konami Digital Entertainment,0.02,0.01,0.0,0.0,53.0,28.0,8.8,4.0,KCEJ,M
4387,Mario Tennis Ultra Smash,WiiU,2015.0,Sports,Nintendo,0.13,0.15,0.14,0.02,58.0,58.0,5.3,133.0,"Nintendo, Camelot Software Planning",E
6758,NBA Courtside 2002,GC,2002.0,Sports,Nintendo,0.19,0.05,0.0,0.01,71.0,18.0,7.4,7.0,Left Field Productions,E
12119,Operation: Vietnam,DS,2007.0,Shooter,Majesco Entertainment,0.06,0.0,0.0,0.0,65.0,16.0,6.3,4.0,Coyote Console,T
3963,Test Drive Unlimited,PSP,2007.0,Racing,Atari,0.08,0.27,0.0,0.15,80.0,18.0,7.3,29.0,Melbourne House,E10+
1110,Mario Party 6,GC,2004.0,Misc,Nintendo,0.9,0.11,0.6,0.05,71.0,33.0,7.9,51.0,Hudson Soft,E
11379,Miami Nights: Singles in the City,DS,2008.0,Simulation,Ubisoft,0.08,0.0,0.0,0.01,48.0,6.0,7.1,7.0,Gameloft,T
1825,Call Of Duty 2: Big Red One,XB,2005.0,Shooter,Activision,0.66,0.4,0.0,0.05,78.0,46.0,5.1,27.0,Treyarch,T
11091,Justice League Heroes,DS,2006.0,Role-Playing,Eidos Interactive,0.08,0.0,0.0,0.01,43.0,9.0,5.7,7.0,Sensory Sweep,E10+
144,Metal Gear Solid 2: Sons of Liberty,PS2,2001.0,Action,Konami Digital Entertainment,2.45,2.01,0.87,0.72,96.0,42.0,8.7,1026.0,KCEJ,M
13466,Futurama,XB,2003.0,Platform,SCi,0.03,0.01,0.0,0.0,58.0,21.0,6.9,14.0,UDS,T
9075,PaRappa The Rapper 2,PS2,2001.0,Misc,Sony Computer Entertainment,0.07,0.05,0.0,0.02,67.0,26.0,6.6,26.0,NanaOn-Sha,E
9664,Mega Man X: Command Mission,GC,2004.0,Role-Playing,Capcom,0.1,0.02,0.0,0.0,67.0,21.0,7.3,12.0,Capcom,E
4978,Turok: Evolution,GC,2002.0,Shooter,Acclaim Entertainment,0.3,0.08,0.0,0.01,70.0,19.0,7,21.0,Acclaim,M
9418,Warcraft III: Reign of Chaos,PC,2002.0,Strategy,Vivendi Games,0.03,0.09,0.0,0.02,92.0,40.0,9.1,1023.0,Blizzard Entertainment,T
1830,Yakuza 3,PS3,2009.0,Action,Sega,0.21,0.2,0.62,0.08,79.0,77.0,8.1,165.0,Ryu ga Gotoku Studios,M
4181,Emergency Heroes,Wii,2008.0,Racing,Ubisoft,0.14,0.27,0.0,0.05,41.0,12.0,4.2,15.0,"Ubisoft Barcelona, Ubisoft Reflections",E10+
1219,Uncharted: Golden Abyss,PSV,2011.0,Shooter,Sony Computer Entertainment,0.53,0.66,0.13,0.22,80.0,80.0,7.4,770.0,"Naughty Dog, Sony Bend",T
13670,Thrillville: Off the Rails,DS,2007.0,Strategy,LucasArts,0.03,0.01,0.0,0.0,59.0,6.0,6.2,5.0,DC Studios,E
7985,Dragon Blade: Wrath of Fire,Wii,2007.0,Action,D3Publisher,0.17,0.0,0.0,0.01,51.0,19.0,7.5,17.0,D3Publisher,T
5359,Tekken Tag Tournament 2,X360,2012.0,Fighting,Namco Bandai Games,0.19,0.11,0.01,0.03,83.0,35.0,7.5,90.0,Namco Bandai Games,T
5903,Sword Art Online: Hollow Fragment,PSV,2014.0,Role-Playing,Namco Bandai Games,0.0,0.0,0.3,0.0,67.0,28.0,7.6,131.0,Bandai Namco Games,T
1055,The Sims 3: Late Night Expansion Pack,PC,2010.0,Simulation,Electronic Arts,0.59,0.87,0.0,0.23,74.0,17.0,5.3,77.0,The Sims Studio,T
594,WWE SmackDown vs. RAW 2007,PS2,2006.0,Fighting,THQ,1.4,0.88,0.03,0.26,80.0,27.0,8.6,57.0,Yuke's,T
10977,Total Overdose: A Gunslinger's Tale in Mexico,PS2,2005.0,Shooter,Eidos Interactive,0.04,0.04,0.0,0.01,71.0,36.0,9,25.0,Deadline Games,M
8759,Cars: Race-O-Rama,X360,2009.0,Racing,THQ,0.14,0.01,0.0,0.01,54.0,8.0,5.8,5.0,Incinerator Games,E
6733,Indiana Jones and the Staff of Kings,DS,2009.0,Action,Activision,0.16,0.07,0.0,0.02,50.0,5.0,6.8,11.0,LucasArts,T
81,FIFA Soccer 13,PS3,2012.0,Action,Electronic Arts,1.06,5.01,0.13,1.97,88.0,37.0,6.6,348.0,Electronic Arts,E
958,inFAMOUS 2,PS3,2011.0,Action,Sony Computer Entertainment,1.05,0.47,0.08,0.22,83.0,90.0,8.4,932.0,Sucker Punch,T
472,Epic Mickey,Wii,2010.0,Platform,Disney Interactive Studios,2.04,0.63,0.12,0.22,73.0,78.0,7,131.0,Junction Point,E
2290,Street Fighter V,PS4,2016.0,Fighting,Capcom,0.4,0.28,0.08,0.14,77.0,80.0,3.4,1221.0,Capcom,T
12073,BeatMania,PS2,2006.0,Simulation,Konami Digital Entertainment,0.03,0.03,0.0,0.01,67.0,30.0,8.9,11.0,Konami,E10+
2899,Spider-Man 2,PSP,2005.0,Action,Activision,0.35,0.21,0.0,0.14,67.0,43.0,6.9,8.0,Vicarious Visions,T
3954,Hitman: Blood Money,PS2,2006.0,Action,Eidos Interactive,0.25,0.19,0.0,0.06,83.0,36.0,8.4,104.0,Io Interactive,M
8126,de Blob 2,Wii,2011.0,Platform,THQ,0.11,0.06,0.0,0.02,79.0,20.0,8.1,26.0,Blue Tongue Entertainment,E10+
11506,Samurai Western,PS2,2004.0,Action,505 Games,0.04,0.03,0.0,0.01,58.0,34.0,7.6,5.0,Acquire,M
5572,Kinetica,PS2,2001.0,Racing,Sony Computer Entertainment,0.16,0.12,0.0,0.04,77.0,21.0,8.3,21.0,SCE Santa Monica,T
7580,NBA Live 14,XOne,2013.0,Sports,Electronic Arts,0.16,0.02,0.0,0.02,36.0,14.0,3.1,88.0,EA Sports,E
3724,ESPN NBA Basketball,PS2,2003.0,Sports,Sega,0.26,0.21,0.0,0.07,89.0,18.0,8.4,38.0,Visual Concepts,E
1264,Star Wars: The Force Unleashed II,PS3,2010.0,Action,LucasArts,0.8,0.49,0.0,0.21,63.0,41.0,6.8,121.0,LucasArts,T
4371,F.E.A.R. 3,X360,2011.0,Shooter,Warner Bros. Interactive Entertainment,0.3,0.11,0.01,0.04,75.0,71.0,7,139.0,Day 1 Studios,M
5659,NFL Fever 2004,XB,2003.0,Sports,Microsoft Game Studios,0.24,0.07,0.0,0.01,74.0,29.0,8.8,16.0,Microsoft Game Studios,E
1897,Empire: Total War,PC,2009.0,Strategy,Sega,0.01,0.97,0.0,0.1,90.0,62.0,6.9,2981.0,Creative Assembly,T
13597,Castle of Shikigami III,Wii,2007.0,Shooter,PQube,0.04,0.0,0.0,0.0,67.0,9.0,7.6,9.0,Alfa System,T
1458,Donkey Kong Jungle Beat,GC,2004.0,Platform,Nintendo,0.84,0.22,0.24,0.04,80.0,49.0,8.3,30.0,Nintendo,E10+
715,Guitar Hero III: Legends of Rock,PS3,2007.0,Misc,Activision,1.4,0.53,0.02,0.3,83.0,45.0,7.8,52.0,Neversoft Entertainment,T
1118,Army of Two,X360,2008.0,Shooter,Electronic Arts,1.09,0.37,0.02,0.16,72.0,76.0,7.6,233.0,EA Montreal,M
1287,Fight Night 2004,PS2,2004.0,Fighting,Electronic Arts,1.08,0.2,0.0,0.2,85.0,43.0,9,25.0,EA Sports,T
7408,The Wolf Among Us,PS4,2014.0,Adventure,Telltale Games,0.1,0.07,0.0,0.04,83.0,6.0,8.4,259.0,Telltale Games,M
2316,X-Men Legends,XB,2004.0,Role-Playing,Activision,0.62,0.24,0.0,0.04,82.0,63.0,8.5,14.0,Raven Software,T
14308,FIFA World Cup: Germany 2006,GBA,2006.0,Sports,Electronic Arts,0.02,0.01,0.0,0.0,57.0,4.0,6.9,7.0,EA Canada,E
10095,Cold Fear,PS2,2005.0,Action,Ubisoft,0.06,0.04,0.0,0.01,68.0,39.0,7.7,27.0,Darkworks,M
14210,Section 8,PC,2009.0,Shooter,SouthPeak Games,0.02,0.01,0.0,0.0,72.0,31.0,7,78.0,TimeGate Studios,T
7051,Ultimate Band,Wii,2008.0,Misc,Disney Interactive Studios,0.18,0.03,0.0,0.02,59.0,17.0,5.5,4.0,Disney Interactive Studios,E10+
7324,Rampage: Total Destruction,Wii,2006.0,Action,Midway Games,0.19,0.01,0.0,0.02,46.0,21.0,5.6,19.0,"Pipeworks Software, Inc.",E10+
12110,Robot Alchemic Drive,PS2,2002.0,Action,Enix Corporation,0.03,0.03,0.0,0.01,79.0,21.0,8.2,13.0,Sandlot,T
6463,The Adventures of Tintin: The Game,PS3,2011.0,Action,Ubisoft,0.06,0.15,0.0,0.05,59.0,27.0,5.7,13.0,Ubisoft Montpellier,E10+
9919,Peggle: Dual Shot,DS,2009.0,Puzzle,PopCap Games,0.11,0.0,0.0,0.01,84.0,17.0,8.2,21.0,Q Entertainment,E
11359,Shining Force: Resurrection of the Dark Dragon,GBA,2004.0,Role-Playing,THQ,0.06,0.02,0.0,0.0,77.0,20.0,8.8,15.0,Amusement Vision,T
7553,The Witch and the Hundred Knight,PS3,2013.0,Role-Playing,Nippon Ichi Software,0.07,0.02,0.1,0.02,53.0,44.0,7.5,80.0,Nippon Ichi Software,T
14852,Jet Grind Radio,GBA,2003.0,Action,Sega,0.02,0.01,0.0,0.0,74.0,22.0,9.3,6.0,Vicarious Visions,E
1835,Dragon Age II,X360,2011.0,Action,Electronic Arts,0.72,0.29,0.01,0.09,79.0,75.0,4.5,2380.0,BioWare,M
12659,The Fast and the Furious,PS2,2006.0,Racing,Namco Bandai Games,0.03,0.02,0.0,0.01,59.0,22.0,6.6,24.0,Eutechnyx,T
477,The Sims: Livin Large,PC,2000.0,Misc,Electronic Arts,1.67,1.18,0.0,0.13,82.0,23.0,6.6,20.0,Maxis,T
5245,Dragon's Crown,PSV,2013.0,Role-Playing,Nippon Ichi Software,0.14,0.05,0.12,0.05,78.0,15.0,8.4,198.0,Vanillaware,T
5532,MX vs. ATV Untamed,Wii,2008.0,Racing,THQ,0.28,0.02,0.0,0.02,70.0,7.0,8.3,9.0,Rainbow Studios,E
8332,Bee Movie Game,X360,2007.0,Action,Activision,0.16,0.0,0.0,0.01,71.0,25.0,5.8,13.0,Beenox,E
6087,Monster 4x4: Masters of Metal,PS2,2003.0,Racing,Ubisoft,0.14,0.11,0.0,0.04,48.0,9.0,8.3,13.0,Ubisoft,E
12609,Oddworld: Munch's Oddysee,GBA,2003.0,Platform,THQ,0.04,0.02,0.0,0.0,44.0,15.0,2.5,4.0,Art,E
1692,SpongeBob SquarePants: Revenge of the Flying Dutchman,GBA,2002.0,Platform,THQ,0.92,0.23,0.0,0.04,71.0,4.0,7.7,7.0,Vicarious Visions,E
8701,Chaotic: Shadow Warriors,X360,2009.0,Action,Activision,0.14,0.0,0.0,0.01,60.0,4.0,5,4.0,FUN Labs,E10+
493,Call of Duty: Ghosts,XOne,2013.0,Shooter,Activision,1.88,0.77,0.0,0.27,78.0,7.0,4.3,700.0,Infinity Ward,M
1463,Max Payne 2: The Fall of Max Payne,PS2,2003.0,Shooter,Take-Two Interactive,0.65,0.51,0.0,0.17,73.0,27.0,8.2,63.0,Rockstar Vienna,M
9358,Need for Speed Underground 2,DS,2005.0,Racing,Electronic Arts,0.11,0.02,0.0,0.01,65.0,13.0,7,25.0,EA Canada,E
7050,TrackMania: Build to Race,Wii,2010.0,Racing,Focus Home Interactive,0.09,0.11,0.0,0.02,74.0,17.0,6.8,5.0,Firebrand Games,E
10850,Crash 'N' Burn,XB,2004.0,Racing,Eidos Interactive,0.07,0.02,0.0,0.0,65.0,25.0,6.4,7.0,Climax Group,T
8366,Anarchy Reigns,X360,2012.0,Action,Sega,0.12,0.02,0.02,0.01,73.0,38.0,7.9,105.0,PlatinumGames,M
2287,Operation Flashpoint: Dragon Rising,PS3,2009.0,Shooter,Codemasters,0.23,0.46,0.05,0.17,76.0,42.0,6.5,53.0,Codemasters,M
6351,Batman: Arkham Origins Blackgate,3DS,2013.0,Action,Warner Bros. Interactive Entertainment,0.16,0.09,0.0,0.02,68.0,7.0,6.8,38.0,Armature Studio,T
965,DDRMAX2: Dance Dance Revolution,PS2,2003.0,Simulation,Konami Digital Entertainment,1.05,0.59,0.0,0.18,82.0,27.0,8.2,11.0,Konami,E
13847,The Da Vinci Code,XB,2006.0,Action,Take-Two Interactive,0.03,0.01,0.0,0.0,52.0,34.0,2.8,5.0,Double Helix Games,T
8886,Geist,GC,2005.0,Adventure,Nintendo,0.11,0.03,0.0,0.0,66.0,43.0,8.5,23.0,n-Space,M
438,Spider-Man,PS,2000.0,Action,Activision,1.7,1.25,0.02,0.16,87.0,19.0,9,107.0,Neversoft Entertainment,E
7872,Tenchu: Fatal Shadows,PS2,2004.0,Action,Sega,0.09,0.07,0.0,0.02,58.0,33.0,8,24.0,K2 LLC,M
7063,WWE All Stars,3DS,2011.0,Fighting,THQ,0.15,0.06,0.0,0.02,71.0,12.0,7.4,7.0,THQ,T
2688,Star Wars Battlefront: Elite Squadron,PSP,2009.0,Shooter,LucasArts,0.38,0.23,0.0,0.15,63.0,25.0,8,41.0,Savage Entertainment,T
3958,Crash: Mind Over Mutant,PS2,2008.0,Platform,Vivendi Games,0.25,0.19,0.0,0.06,73.0,7.0,6.5,36.0,Radical Entertainment,E10+
4511,Hunter: The Reckoning  Wayward,PS2,2003.0,Action,Interplay,0.21,0.16,0.0,0.06,68.0,27.0,8.8,16.0,High Voltage Software,M
1374,Fight Night Round 4,X360,2009.0,Fighting,Electronic Arts,0.95,0.33,0.0,0.13,87.0,76.0,8.1,86.0,EA Canada,T
10889,MotoGP,XB,2002.0,Racing,THQ,0.07,0.02,0.0,0.0,84.0,18.0,8.4,16.0,Climax Group,E
12313,Miami Vice: The Game,PSP,2006.0,Shooter,Activision,0.06,0.0,0.0,0.0,63.0,36.0,7,12.0,Rebellion,M
537,Skylanders: Spyro's Adventure,Wii,2011.0,Action,Activision,1.35,1.13,0.0,0.3,81.0,11.0,5.6,31.0,Toys for Bob,E10+
9855,Rodea the Sky Soldier,WiiU,2015.0,Action,Nippon Ichi Software,0.08,0.02,0.01,0.01,45.0,31.0,6.5,81.0,"Prope, Kadokawa",E10+
15473,Painkiller,PC,2004.0,Shooter,DreamCatcher Interactive,0.0,0.02,0.0,0.0,81.0,62.0,8.1,284.0,People Can Fly,M
14206,Hitman: Blood Money,PC,2006.0,Action,Eidos Interactive,0.0,0.03,0.0,0.01,82.0,35.0,8.8,528.0,Io Interactive,M
7581,Kung Fu Rider,PS3,2010.0,Action,Sony Computer Entertainment,0.06,0.09,0.01,0.03,36.0,45.0,3.7,21.0,SCE Japan Studio,E10+
1432,Gardening Mama,DS,2009.0,Puzzle,505 Games,0.79,0.42,0.01,0.13,60.0,17.0,9.3,4.0,Taito Corporation,E
14106,Secret Files 2: Puritas Cordis,PC,2009.0,Adventure,Deep Silver,0.0,0.03,0.0,0.0,64.0,14.0,7.1,17.0,"Fusionsphere Systems, Animation Arts",T
332,Harry Potter and the Sorcerer's Stone,PS,2001.0,Action,Electronic Arts,1.37,2.0,0.14,0.22,64.0,11.0,7.5,41.0,Argonaut Games,E
3891,Summoner,PS2,2000.0,Role-Playing,THQ,0.25,0.2,0.0,0.07,74.0,16.0,7.8,12.0,Volition Inc.,T
1995,F-Zero: Maximum Velocity,GBA,2001.0,Racing,Nintendo,0.39,0.16,0.37,0.12,86.0,19.0,8.5,22.0,Nd Cube,E
2952,Dragon Ball Z: Budokai,GC,2003.0,Fighting,Atari,0.53,0.14,0.0,0.02,65.0,16.0,6.3,15.0,Pyramid,T
10565,RLH: Run Like Hell,PS2,2002.0,Shooter,Virgin Interactive,0.05,0.04,0.0,0.01,58.0,27.0,8.2,9.0,Digital Mayhem,M
16514,Art Academy: Home Studio,WiiU,2015.0,Misc,Nintendo,0.0,0.0,0.01,0.0,82.0,9.0,8.3,20.0,Headstrong Games,E
15649,Broken Sword: The Sleeping Dragon,XB,2003.0,Adventure,THQ,0.01,0.0,0.0,0.0,77.0,24.0,8.3,12.0,Revolution Software,T
9502,Secret Agent Clank,PSP,2008.0,Platform,Sony Computer Entertainment,0.04,0.03,0.04,0.02,72.0,56.0,7.8,35.0,High Impact Games,E10+
2447,The Legendary Starfy,DS,2008.0,Platform,Nintendo,0.6,0.0,0.2,0.05,75.0,25.0,8.4,26.0,TOSE,E
9378,Shin Megami Tensei: Devil Summoner 2 - Raidou Kuzunoha vs. King Abaddon,PS2,2008.0,Role-Playing,Atlus,0.07,0.05,0.0,0.02,79.0,23.0,8.7,26.0,Atlus Co.,M
8466,Zoo Keeper,DS,2004.0,Puzzle,Ignition Entertainment,0.1,0.01,0.05,0.01,74.0,40.0,7.5,13.0,"Buddiez, Inc.",E
7372,Dragon Ball: Fusions,3DS,2016.0,Role-Playing,Namco Bandai Games,0.02,0.0,0.19,0.0,68.0,12.0,7.6,16.0,Ganbarion,T
134,Halo 3: ODST,X360,2009.0,Shooter,Microsoft Game Studios,4.34,1.34,0.06,0.61,83.0,94.0,7.1,1163.0,"Bungie Software, Bungie",M
799,Dead Rising,X360,2006.0,Action,Capcom,1.16,0.64,0.08,0.2,85.0,82.0,7.6,520.0,Capcom,M
6443,Shin Megami Tensei: Devil Survivor,DS,2009.0,Role-Playing,Atlus,0.13,0.0,0.12,0.01,84.0,28.0,8.8,79.0,Atlus,T
8395,Mega Man Network Transmission,GC,2003.0,Platform,Capcom,0.13,0.03,0.0,0.0,65.0,28.0,7.6,13.0,Arika,E
1255,Call of Duty 3,PS3,2006.0,Shooter,Activision,0.6,0.62,0.03,0.26,80.0,43.0,6.9,92.0,Treyarch,T
8565,The King of Fighters XII,PS3,2009.0,Fighting,Ignition Entertainment,0.11,0.01,0.03,0.01,57.0,48.0,5.3,46.0,SNK Playmore,T
12642,Adventure Time: The Secret of the Nameless Kingdom,X360,2014.0,Action,Little Orbit,0.0,0.05,0.0,0.0,58.0,5.0,7.5,4.0,WayForward,E10+
3131,Need For Speed: Undercover,Wii,2008.0,Racing,Electronic Arts,0.27,0.31,0.0,0.07,54.0,12.0,6.2,29.0,Exient Entertainment,T
1926,Pro Evolution Soccer 2008,X360,2007.0,Sports,Konami Digital Entertainment,0.08,0.9,0.04,0.05,76.0,29.0,7.8,36.0,Konami,E
9775,Undead Knights,PSP,2009.0,Action,Ubisoft Annecy,0.05,0.0,0.06,0.01,63.0,27.0,8,13.0,Now Production,M
3037,The Darkness,PS3,2007.0,Shooter,Take-Two Interactive,0.2,0.33,0.0,0.13,80.0,35.0,7.7,107.0,Starbreeze,M
15160,Cities XL 2011,PC,2010.0,Simulation,Focus Home Interactive,0.0,0.02,0.0,0.0,70.0,17.0,5.7,39.0,Monte Cristo Multimedia,E
8298,The Chronicles of Narnia: Prince Caspian,PS3,2008.0,Action,Disney Interactive Studios,0.14,0.01,0.0,0.02,56.0,16.0,5.6,8.0,Traveller's Tales,T
13307,Colin McRae Rally 2005,XB,2004.0,Racing,Codemasters,0.04,0.01,0.0,0.0,83.0,35.0,7.5,6.0,Codemasters,E
11668,C.O.P.: The Recruit,DS,2009.0,Action,Ubisoft,0.05,0.02,0.0,0.01,55.0,38.0,7.5,13.0,Velez & Dubail,T
6153,Surf's Up,DS,2007.0,Sports,Ubisoft,0.26,0.0,0.0,0.02,56.0,5.0,7,4.0,Ubisoft Quebec,E
4096,Mario Golf: World Tour,3DS,2014.0,Sports,Nintendo,0.15,0.13,0.17,0.03,78.0,73.0,8.2,76.0,Camelot Software Planning,E
14035,Scaler,GC,2004.0,Platform,Take-Two Interactive,0.03,0.01,0.0,0.0,69.0,11.0,7.3,8.0,Artificial Mind and Movement,E
3503,Skylanders: Spyro's Adventure,3DS,2011.0,Action,Activision,0.32,0.2,0.0,0.05,82.0,8.0,4.9,62.0,Vicarious Visions,E10+
12512,Alien Syndrome,Wii,2007.0,Role-Playing,Sega,0.05,0.0,0.0,0.0,48.0,24.0,7.1,23.0,Totally Games,T
12032,Record of Agarest War,PS3,2007.0,Role-Playing,Ghostlight,0.0,0.03,0.03,0.01,67.0,7.0,6.8,34.0,Compile Heart,T
5461,Deus Ex: Invisible War,XB,2003.0,Shooter,Eidos Interactive,0.25,0.07,0.0,0.01,84.0,50.0,7.6,37.0,Ion Storm,M
2314,DJ Hero,PS3,2009.0,Misc,Activision,0.42,0.34,0.0,0.14,86.0,53.0,7.8,49.0,FreeStyleGames,T
6536,Atelier Ayesha: The Alchemist of Dusk,PS3,2012.0,Role-Playing,Tecmo Koei,0.06,0.04,0.14,0.02,70.0,17.0,6.6,120.0,Gust,T
2018,MotorStorm: Arctic Edge,PSP,2009.0,Racing,Sony Computer Entertainment,0.16,0.57,0.0,0.29,79.0,58.0,8.8,39.0,Bigbig Studios,T
7937,Robin Hood: Defender of the Crown,PS2,2003.0,Strategy,Capcom,0.09,0.07,0.0,0.02,59.0,18.0,5.6,5.0,Cinemaware,T
6842,Asura's Wrath,X360,2012.0,Action,Capcom,0.15,0.06,0.01,0.02,71.0,54.0,6.5,131.0,CyberConnect2,T
11236,F.E.A.R. Files,X360,2007.0,Shooter,Vivendi Games,0.07,0.01,0.0,0.01,66.0,43.0,7.1,16.0,"TimeGate Studios, Day 1 Studios",M
4540,Microsoft Flight Simulator X,PC,2006.0,Simulation,Microsoft Game Studios,0.02,0.36,0.0,0.05,80.0,28.0,7.6,95.0,Microsoft Game Studios,E
8981,Soldier of Fortune: Payback,PS3,2007.0,Shooter,Activision,0.12,0.02,0.0,0.01,50.0,14.0,5.4,13.0,Cauldron Ltd.,M
4126,Children of Mana,DS,2006.0,Role-Playing,Nintendo,0.16,0.01,0.29,0.01,65.0,34.0,6,21.0,Nex Entertainment,E10+
3448,Skylanders SWAP Force,WiiU,2013.0,Platform,Activision,0.38,0.15,0.0,0.05,89.0,7.0,6,96.0,Vicarious Visions,E10+
43,Animal Crossing: Wild World,DS,2005.0,Simulation,Nintendo,2.5,3.45,5.33,0.86,86.0,57.0,8.7,242.0,Nintendo,E
17,Grand Theft Auto: San Andreas,PS2,2004.0,Action,Take-Two Interactive,9.43,0.4,0.41,10.57,95.0,80.0,9,1588.0,Rockstar North,M
1883,The Godfather,PS2,2006.0,Action,Electronic Arts,0.89,0.03,0.01,0.15,75.0,56.0,8.3,99.0,Electronic Arts,M
2372,Rock Band 3,X360,2010.0,Misc,MTV Games,0.73,0.09,0.0,0.06,93.0,57.0,8.2,137.0,Harmonix Music Systems,T
8990,Shadow Hearts: From The New World,PS2,2005.0,Role-Playing,Ghostlight,0.07,0.06,0.0,0.02,76.0,42.0,8.2,33.0,Nautilus,T
10387,Digimon Digital Card Battle,PS,1999.0,Strategy,Namco Bandai Games,0.06,0.04,0.0,0.01,51.0,5.0,9,44.0,Bandai,T
4094,Tiger Woods PGA Tour 07,X360,2006.0,Sports,Electronic Arts,0.44,0.0,0.0,0.04,80.0,44.0,7.9,21.0,EA Redwood Shores,E
11884,Hearts of Iron III,PC,2009.0,Strategy,Paradox Interactive,0.02,0.04,0.0,0.01,77.0,23.0,7.1,233.0,Paradox Development Studio,E10+
3305,Major League Baseball 2K9,X360,2009.0,Sports,Spike,0.56,0.0,0.0,0.05,64.0,29.0,5.3,26.0,2K Sports,E
10481,Road Rash: Jailbreak,GBA,2003.0,Racing,Zoo Digital Publishing,0.07,0.03,0.0,0.0,78.0,15.0,9.3,23.0,Magic Pockets,T
13228,Hatsune Miku: Project Diva X,PS4,2016.0,Misc,Sega,0.02,0.0,0.02,0.0,78.0,22.0,7.4,41.0,Sega,T
1420,Need for Speed: The Run,X360,2011.0,Action,Electronic Arts,0.63,0.57,0.0,0.15,68.0,65.0,6,160.0,Black Box,T
5205,The Chronicles of Narnia: Prince Caspian,Wii,2008.0,Action,Disney Interactive Studios,0.31,0.02,0.0,0.03,63.0,5.0,7.1,12.0,Traveller's Tales,T
13144,Steins;Gate 0,PS4,2015.0,Adventure,PQube,0.0,0.0,0.05,0.0,81.0,17.0,8.3,29.0,5pb,M
430,Enter the Matrix,PS2,2003.0,Action,Atari,1.78,1.12,0.09,0.19,62.0,30.0,8.1,137.0,Shiny Entertainment,T
2328,Fire Emblem: The Sacred Stones,GBA,2004.0,Strategy,Nintendo,0.42,0.16,0.3,0.02,85.0,38.0,9.1,132.0,Intelligent Systems,E
6101,Dragon Ball Z: Budokai Tenkaichi 2,Wii,2006.0,Fighting,Atari,0.24,0.03,0.0,0.02,72.0,37.0,8.5,40.0,Spike,T
577,Medal of Honor Heroes,PSP,2006.0,Shooter,Electronic Arts,0.86,1.11,0.01,0.66,71.0,24.0,7.9,47.0,Team Fusion,T
4233,Brothers In Arms: Earned in Blood,PS2,2005.0,Shooter,Ubisoft,0.38,0.01,0.0,0.06,71.0,20.0,7.9,23.0,Gearbox Software,M
6983,Meteos,DS,2005.0,Puzzle,Nintendo,0.15,0.01,0.06,0.01,88.0,49.0,7.5,164.0,Q Entertainment,E
3785,Magician's Quest: Mysterious Times,DS,2008.0,Role-Playing,Konami Digital Entertainment,0.04,0.01,0.48,0.0,69.0,13.0,7.6,9.0,Konami,E10+
761,Scribblenauts,DS,2009.0,Puzzle,Warner Bros. Interactive Entertainment,1.67,0.3,0.02,0.18,79.0,72.0,7.6,110.0,5TH Cell,E10+
3588,Fullmetal Alchemist and the Broken Angel,PS2,2003.0,Role-Playing,Square Enix,0.15,0.12,0.26,0.04,56.0,35.0,8.1,38.0,Racjin,T
5715,NBA Inside Drive 2003,XB,2002.0,Sports,Microsoft Game Studios,0.23,0.07,0.0,0.01,72.0,21.0,7.8,12.0,High Voltage Software,E
14989,Battlestations: Pacific,PC,2009.0,Strategy,Eidos Interactive,0.0,0.02,0.0,0.0,74.0,31.0,8.4,46.0,Eidos Interactive,T
16534,Carmageddon: Max Damage,PS4,2016.0,Action,Stainless Games,0.01,0.0,0.0,0.0,51.0,28.0,5.5,39.0,Stainless Games,M
2758,Assassin's Creed: Revelations,PC,2011.0,Action,Ubisoft,0.14,0.48,0.0,0.12,80.0,20.0,7.4,771.0,Ubisoft Montreal,M
1654,Final Fantasy IV,DS,2007.0,Simulation,Square Enix,0.51,0.04,0.62,0.05,85.0,52.0,7.7,164.0,Matrix Software,E10+
591,Mario Strikers Charged,Wii,2007.0,Sports,Nintendo,1.05,1.05,0.24,0.24,79.0,47.0,8,124.0,Next Level Games,E10+
5361,Driver 2 Advance,GBA,2002.0,Action,Atari,0.25,0.09,0.0,0.01,73.0,9.0,6.6,14.0,Sennari Interactive,T
5597,Tony Hawk's American Wasteland,X360,2005.0,Sports,Activision,0.28,0.01,0.0,0.03,75.0,43.0,7.2,21.0,Neversoft Entertainment,T
11636,Ultimate Ghosts 'n Goblins,PSP,2006.0,Platform,Capcom,0.07,0.0,0.0,0.01,72.0,49.0,7.7,18.0,TOSE,E10+
8051,Call of Juarez,X360,2007.0,Shooter,Ubisoft,0.14,0.02,0.0,0.01,71.0,37.0,6.9,46.0,Techland,M
11366,Metal Slug Advance,GBA,2004.0,Shooter,Ignition Entertainment,0.06,0.02,0.0,0.0,79.0,32.0,8.3,14.0,Noise Factory,T
9490,RollerCoaster Tycoon,XB,2003.0,Strategy,Atari,0.1,0.03,0.0,0.0,62.0,8.0,8.3,12.0,Atari,E
9995,GT Advance 2: Rally Racing,GBA,2001.0,Racing,THQ,0.08,0.03,0.0,0.0,77.0,12.0,6,4.0,MTO,E
3540,Resident Evil Outbreak File #2,PS2,2004.0,Action,Capcom,0.19,0.15,0.17,0.05,58.0,35.0,7.7,70.0,Capcom,M
1160,Diablo,PC,1996.0,Role-Playing,Activision,0.01,1.58,0.0,0.0,94.0,12.0,8.7,850.0,Blizzard Entertainment,M
6290,Baten Kaitos: Eternal Wings and the Lost Ocean,GC,2003.0,Role-Playing,Nintendo,0.21,0.05,0.0,0.01,80.0,48.0,9,59.0,Monolith Soft,T
8145,Ball Breakers,PS,2000.0,Action,Take-Two Interactive,0.1,0.07,0.0,0.01,68.0,10.0,5.3,4.0,Lost Toys,E
13530,Front Mission,DS,2007.0,Strategy,Square Enix,0.01,0.0,0.03,0.0,72.0,19.0,8.9,9.0,Square Enix,E10+
12829,The Saboteur,PC,2009.0,Action,Electronic Arts,0.0,0.05,0.0,0.01,76.0,20.0,8,236.0,Pandemic Studios,M
11994,MLB Front Office Manager,X360,2009.0,Sports,Take-Two Interactive,0.06,0.0,0.0,0.01,47.0,13.0,4.6,10.0,Blue Castle Games,E
12227,Armored Core: Nine Breaker,PS2,2004.0,Simulation,505 Games,0.03,0.03,0.0,0.01,57.0,25.0,8.2,5.0,From Software,T
3350,Split/Second,X360,2010.0,Racing,Disney Interactive Studios,0.32,0.23,0.0,0.06,82.0,78.0,8.1,101.0,Black Rock Studio,E10+
623,Bloodborne,PS4,2015.0,Action,Sony Computer Entertainment,1.03,0.81,0.26,0.38,92.0,100.0,8.6,6383.0,From Software,M
3080,Brothers In Arms: Road to Hill 30,XB,2005.0,Shooter,Ubisoft,0.49,0.14,0.0,0.02,88.0,64.0,8,69.0,Gearbox Software,M
5467,Fracture,X360,2008.0,Shooter,LucasArts,0.15,0.14,0.0,0.04,63.0,60.0,6.2,45.0,Day 1 Studios,T
11388,Death Jr. and the Science Fair of Doom,DS,2007.0,Platform,Konami Digital Entertainment,0.08,0.0,0.0,0.01,47.0,23.0,7.5,6.0,Foundation 9 Entertainment,E10+
14720,Syberia,PC,2002.0,Action,Microids,0.0,0.02,0.0,0.0,82.0,26.0,8.5,235.0,Microids,T
9470,F1 2011,PSV,2011.0,Racing,Codemasters,0.03,0.07,0.01,0.02,66.0,27.0,6.2,25.0,Codemasters,E
2532,The Legend of Zelda: Four Swords Adventures,GC,2004.0,Action,Nintendo,0.63,0.16,0.0,0.02,86.0,55.0,7.2,74.0,Nintendo,E
516,BioShock,X360,2007.0,Shooter,Take-Two Interactive,1.65,0.85,0.05,0.28,96.0,88.0,8.9,2249.0,"Irrational Games, 2K Marin",M
672,Midnight Club: Los Angeles,X360,2008.0,Racing,Take-Two Interactive,1.68,0.45,0.01,0.21,81.0,66.0,8.5,142.0,Rockstar San Diego,T
9115,Cranium Kabookii,Wii,2007.0,Misc,Ubisoft,0.13,0.0,0.0,0.01,64.0,9.0,5.4,13.0,Ubisoft Quebec,E
12392,Assetto Corsa,PS4,2016.0,Racing,505 Games,0.0,0.05,0.0,0.01,73.0,35.0,6.2,70.0,Kunos Simulazioni,E
10414,"Sakura Wars: So Long, My Love",Wii,2010.0,Role-Playing,Ackkstudios,0.05,0.04,0.0,0.01,75.0,30.0,7.3,31.0,Idea Factory,T
10316,[Prototype 2],PC,2012.0,Action,Activision,0.07,0.03,0.0,0.01,76.0,12.0,6.4,389.0,Radical Entertainment,M
13010,F1 2015,PC,2015.0,Racing,Codemasters,0.0,0.05,0.0,0.0,61.0,13.0,3.6,63.0,Codemasters,E
849,Need for Speed: The Run,PS3,2011.0,Action,Electronic Arts,0.58,1.04,0.03,0.36,64.0,48.0,6.4,182.0,Black Box,T
8403,G-Force,X360,2009.0,Action,Disney Interactive Studios,0.11,0.05,0.0,0.01,68.0,33.0,7,9.0,Eurocom Entertainment Software,E10+
6253,Guitar Hero: Van Halen,PS3,2009.0,Misc,Activision,0.14,0.09,0.0,0.04,59.0,33.0,4.7,9.0,Neversoft Entertainment,T
2210,EA Sports UFC 2,PS4,2016.0,Sports,Electronic Arts,0.29,0.49,0.0,0.15,79.0,38.0,6.2,157.0,EA Sports,T
3202,Sega Rally Revo,PS3,2007.0,Racing,Sega,0.07,0.42,0.0,0.14,75.0,40.0,7,20.0,SEGA Racing Studio,E
8310,Thief: Deadly Shadows,XB,2004.0,Action,Eidos Interactive,0.13,0.04,0.0,0.01,82.0,61.0,7.3,12.0,Ion Storm,M
6075,Spyro: A Hero's Tail,GC,2004.0,Platform,Vivendi Games,0.22,0.06,0.0,0.01,62.0,13.0,8.3,10.0,Eurocom Entertainment Software,E
3424,The Fight: Lights Out,PS3,2010.0,Fighting,Sony Computer Entertainment,0.29,0.21,0.0,0.09,48.0,39.0,7.5,77.0,Coldwood Interactive,T
414,True Crime: Streets of LA,PS2,2003.0,Action,Activision,1.89,1.05,0.02,0.31,77.0,39.0,8,94.0,"Luxoflux, Inc.",M
7536,Disney's Planes,WiiU,2013.0,Simulation,Disney Interactive Studios,0.14,0.04,0.0,0.02,51.0,10.0,5.3,9.0,Behaviour Interactive,E
9334,The Guy Game,PS2,2004.0,Misc,Gathering of Developers,0.07,0.05,0.0,0.02,48.0,20.0,6.7,13.0,Top Heavy Studios,M
4717,Top Spin 4,X360,2011.0,Sports,Take-Two Interactive,0.15,0.22,0.0,0.04,84.0,54.0,8.2,70.0,2K Czech,E
2094,Midnight Club: LA Remix,PSP,2008.0,Racing,Take-Two Interactive,0.52,0.27,0.0,0.19,79.0,26.0,8.7,43.0,Rockstar London,T
14344,Astonishia Story,PSP,2006.0,Role-Playing,Ubisoft,0.03,0.0,0.0,0.0,48.0,35.0,4.9,18.0,Sonnori,E10+
13396,FIFA Manager 12,PC,2011.0,Sports,Electronic Arts,0.0,0.03,0.0,0.01,72.0,11.0,3.9,24.0,Bright Future GmbH,E
6679,Hatsune Miku: Project Diva F 2nd,PS3,2014.0,Misc,Sega,0.09,0.03,0.1,0.03,78.0,15.0,8.6,49.0,Sega,T
2340,Resistance: Retribution,PSP,2009.0,Shooter,Sony Computer Entertainment,0.27,0.35,0.05,0.21,81.0,67.0,8.1,84.0,Sony Bend,M
265,Fable II,X360,2008.0,Role-Playing,Microsoft Game Studios,2.51,1.24,0.11,0.41,89.0,95.0,6.5,2423.0,Lionhead Studios,M
8526,True Swing Golf,DS,2005.0,Sports,Nintendo,0.11,0.0,0.04,0.01,66.0,32.0,7.7,11.0,T&E Soft,E
12147,Inversion,PS3,2012.0,Shooter,Namco Bandai Games,0.03,0.03,0.0,0.01,56.0,23.0,5.4,43.0,Saber Interactive,M
8836,Oreshika: Tainted Bloodlines,PSV,2014.0,Role-Playing,Sony Computer Entertainment,0.0,0.0,0.15,0.0,78.0,26.0,8,84.0,Alfa System,T
9132,ArmA II,PC,2009.0,Shooter,505 Games,0.0,0.12,0.0,0.02,77.0,38.0,7.5,589.0,Bohemia Interactive,M
3851,Tomb Raider: Legend,PS2,2006.0,Action,Eidos Interactive,0.25,0.19,0.02,0.06,82.0,43.0,7.1,96.0,Crystal Dynamics,T
1082,We Ski,Wii,2008.0,Sports,Namco Bandai Games,0.97,0.4,0.14,0.15,67.0,32.0,8.5,12.0,Bandai Namco Games,E
9038,Just Cause 3,PC,2015.0,Action,Square Enix,0.03,0.11,0.0,0.01,74.0,50.0,5.3,529.0,Avalanche Studios,M
7855,Spider-Man: Shattered Dimensions,DS,2010.0,Action,Activision,0.17,0.01,0.0,0.01,73.0,13.0,7,6.0,Griptonite Games,E10+
8455,FlatOut,XB,2004.0,Racing,Empire Interactive,0.12,0.04,0.0,0.01,71.0,39.0,8.2,21.0,Bugbear,T
1503,[Prototype],X360,2009.0,Action,Activision,0.84,0.35,0.0,0.12,78.0,83.0,7.8,356.0,Radical Entertainment,M
3798,Tom Clancy's Ghost Recon Advanced Warfighter 2,PSP,2007.0,Shooter,Ubisoft,0.35,0.09,0.0,0.08,61.0,12.0,6.4,9.0,"High Voltage Software, Ubisoft Paris",T
4863,Juiced 2: Hot Import Nights,PS2,2007.0,Racing,THQ,0.19,0.15,0.01,0.05,66.0,4.0,6.7,10.0,Juice Games,T
10252,Lost in Blue,DS,2005.0,Adventure,Konami Digital Entertainment,0.07,0.02,0.02,0.01,69.0,33.0,7.8,21.0,Konami Computer Entertainment Hawaii,E10+
3094,F-Zero GX,GC,2003.0,Racing,Nintendo,0.41,0.11,0.12,0.02,89.0,50.0,8.5,161.0,Amusement Vision,T
11584,Resident Evil 6,PS4,2016.0,Shooter,Capcom,0.06,0.0,0.0,0.01,60.0,19.0,6.7,94.0,Capcom,M
8421,Dementium: The Ward,DS,2007.0,Shooter,SouthPeak Games,0.15,0.01,0.0,0.01,72.0,48.0,7.9,37.0,Renegade Kid,M
3100,Tiger Woods PGA Tour 09,PS3,2008.0,Sports,Electronic Arts,0.34,0.22,0.0,0.1,82.0,34.0,7.2,9.0,EA Tiburon,E
4817,Marvel: Ultimate Alliance,Wii,2006.0,Role-Playing,Activision,0.36,0.0,0.0,0.03,73.0,31.0,7.3,29.0,Vicarious Visions,T
9445,Dead to Rights: Reckoning,PSP,2005.0,Shooter,Electronic Arts,0.12,0.0,0.0,0.01,54.0,26.0,7.2,22.0,Rebellion,M
14084,RLH: Run Like Hell,XB,2003.0,Shooter,Avalon Interactive,0.03,0.01,0.0,0.0,55.0,22.0,8,5.0,Digital Mayhem,M
3563,The Sims: Bustin' Out,XB,2003.0,Simulation,Electronic Arts,0.4,0.14,0.0,0.02,81.0,26.0,8.9,12.0,Maxis,T
15753,Space Channel 5: Ulala's Cosmic Attack,GBA,2002.0,Misc,Atari,0.01,0.0,0.0,0.0,55.0,15.0,8,5.0,Art,E
13104,Yanya Caballista: City Skater,PS2,2001.0,Sports,Tecmo Koei,0.02,0.02,0.0,0.01,58.0,13.0,6.3,7.0,Cave,E
6061,Rayman 3: Hoodlum Havoc,PS2,2003.0,Platform,Ubisoft,0.14,0.11,0.0,0.04,76.0,21.0,8.6,38.0,Ubisoft,E
11367,Pac-Man World Rally,GC,2006.0,Racing,Namco Bandai Games,0.06,0.02,0.0,0.0,57.0,10.0,7.8,4.0,Smart Bomb Interactive,E
2484,NCAA Football 12,PS3,2011.0,Sports,Electronic Arts,0.78,0.0,0.0,0.05,82.0,17.0,5.8,41.0,EA Sports,E
4590,Lemony Snicket's A Series of Unfortunate Events,GBA,2004.0,Platform,Activision,0.3,0.11,0.0,0.01,72.0,8.0,8,4.0,Griptonite Games,E
5350,SoulCalibur,DC,1999.0,Fighting,Namco Bandai Games,0.0,0.0,0.34,0.0,98.0,24.0,8.8,200.0,Namco,T
952,Kirby: Triple Deluxe,3DS,2014.0,Platform,Nintendo,0.61,0.34,0.79,0.09,80.0,68.0,8.8,206.0,HAL Labs,E
13458,Bubble Bobble Revolution,DS,2005.0,Puzzle,Atari,0.04,0.0,0.0,0.0,38.0,19.0,6.2,6.0,Taito Corporation,E
13148,Hail to the Chimp,PS3,2008.0,Misc,Gamecock,0.05,0.0,0.0,0.0,51.0,19.0,4.5,4.0,Wideload Games Inc.,T
8903,Brain Boost: Beta Wave,DS,2005.0,Puzzle,505 Games,0.14,0.0,0.0,0.01,39.0,12.0,2.5,4.0,Interchannel,E
12318,One Piece: Unlimited World Red,WiiU,2014.0,Action,Namco Bandai Games,0.0,0.04,0.02,0.0,66.0,11.0,7.8,43.0,Ganbarion,T
2564,Prince of Persia: Warrior Within,XB,2004.0,Action,Ubisoft,0.48,0.28,0.0,0.04,83.0,55.0,7.5,35.0,Ubisoft Montreal,M
11972,Escape Dead Island,X360,2014.0,Action,Deep Silver,0.03,0.04,0.0,0.01,32.0,12.0,3.8,74.0,Fatshark AB,M
5152,Marvel: Ultimate Alliance,PSP,2006.0,Role-Playing,Activision,0.33,0.0,0.0,0.03,81.0,19.0,7.5,14.0,Vicarious Visions,T
1937,Mortal Kombat: Armageddon,PS2,2006.0,Fighting,Midway Games,0.88,0.04,0.0,0.14,75.0,43.0,8.5,84.0,Midway,M
14004,Worms: Ultimate Mayhem,PC,2011.0,Strategy,Unknown,0.0,0.03,0.0,0.0,66.0,4.0,7.8,48.0,Team 17,E10+
1031,Dragon Quest VI: Realms of Revelation,DS,2010.0,Role-Playing,Nintendo,0.2,0.14,1.35,0.03,78.0,41.0,8.1,31.0,ArtePiazza,T
3884,Pac-Man Fever,PS2,2001.0,Misc,Sony Computer Entertainment,0.25,0.2,0.0,0.07,47.0,14.0,6.3,7.0,Mass Media,E
3336,NBA 2K8,PS2,2007.0,Sports,Take-Two Interactive,0.5,0.02,0.0,0.08,72.0,7.0,6,9.0,Visual Concepts,E
3858,Kirby and the Rainbow Curse,WiiU,2015.0,Platform,Nintendo,0.22,0.13,0.12,0.04,73.0,72.0,8,227.0,HAL Labs,E
3130,Assassin's Creed IV: Black Flag,PC,2013.0,Action,Ubisoft,0.22,0.38,0.0,0.05,84.0,10.0,7.7,1470.0,Ubisoft,M
3931,Capcom Classics Collection,PS2,2005.0,Misc,Capcom,0.22,0.17,0.05,0.06,78.0,30.0,8.4,5.0,Digital Eclipse,T
2239,Teenage Mutant Ninja Turtles,PS2,2003.0,Action,Konami Digital Entertainment,0.45,0.35,0.0,0.12,59.0,29.0,8.7,31.0,KCE Studios,E
13781,Shattered Union,XB,2005.0,Strategy,Take-Two Interactive,0.03,0.01,0.0,0.0,66.0,17.0,6.9,7.0,PopTop Software,T
5138,The Legend of Spyro: The Eternal Night,DS,2007.0,Platform,Vivendi Games,0.32,0.02,0.0,0.03,56.0,4.0,2.7,6.0,Amaze Entertainment,E
9827,Atelier Annie: Alchemists of Sera Island,DS,2009.0,Role-Playing,Gust,0.08,0.0,0.03,0.01,70.0,11.0,6.7,15.0,Gust,E10+
2389,Phantasy Star Portable 2,PSP,2009.0,Role-Playing,Sega,0.08,0.11,0.62,0.06,69.0,27.0,8.1,35.0,Alfa System,T
15172,Star Trek Online,PC,2010.0,Role-Playing,Atari,0.0,0.02,0.0,0.0,66.0,34.0,6.2,694.0,Cryptic Studios,T
1592,Pokemon XD: Gale of Darkness,GC,2005.0,Role-Playing,Nintendo,0.71,0.19,0.31,0.03,64.0,27.0,8.3,74.0,Genius Sonority Inc.,E
2391,Michael Jackson: The Experience,X360,2011.0,Misc,Ubisoft,0.62,0.18,0.0,0.07,63.0,31.0,6.8,29.0,Ubisoft Montreal,E10+
9414,Tomb Raider: Legend,XB,2006.0,Action,Eidos Interactive,0.1,0.03,0.0,0.0,82.0,40.0,7.2,13.0,Crystal Dynamics,T
13032,Fallout: Brotherhood of Steel,XB,2004.0,Role-Playing,Avalon Interactive,0.04,0.01,0.0,0.0,66.0,33.0,5.5,23.0,Interplay,M
1663,Need for Speed Underground,GC,2003.0,Racing,Electronic Arts,0.69,0.48,0.01,0.03,83.0,24.0,9,45.0,Electronic Arts,E
2901,NCAA Football 08,X360,2007.0,Sports,Electronic Arts,0.65,0.0,0.0,0.05,81.0,30.0,7.8,44.0,EA Sports,E
13790,Company of Heroes: Opposing Fronts,PC,2007.0,Strategy,THQ,0.01,0.03,0.0,0.01,87.0,36.0,8.6,235.0,Relic,M
5924,Capcom Classics Collection Remixed,PSP,2006.0,Misc,Capcom,0.27,0.0,0.0,0.02,72.0,37.0,7,5.0,Digital Eclipse,T
9538,Rango: The Video Game,X360,2011.0,Action,Electronic Arts,0.06,0.06,0.0,0.01,68.0,25.0,8,9.0,Behaviour Interactive,E10+
2397,DiRT,X360,2007.0,Racing,Codemasters,0.38,0.4,0.0,0.09,83.0,59.0,7.4,94.0,Codemasters,E
2576,Rayman Raving Rabbids 2,DS,2007.0,Misc,Ubisoft,0.73,0.01,0.0,0.06,57.0,8.0,7,15.0,Ubisoft Paris,E10+
2373,WWE SmackDown vs. Raw 2011,X360,2010.0,Fighting,THQ,0.44,0.35,0.0,0.08,75.0,49.0,7.6,45.0,Yuke's,T
6902,Midway Arcade Treasures: Extended Play,PSP,2005.0,Misc,Midway Games,0.21,0.0,0.0,0.02,63.0,24.0,7.8,8.0,Digital Eclipse,M
8687,Dynasty Warriors 8: Xtreme Legends,PS3,2013.0,Action,Tecmo Koei,0.02,0.02,0.11,0.01,68.0,4.0,6.8,9.0,Omega Force,T
7405,The Legend of Spyro: The Eternal Night,Wii,2007.0,Platform,Vivendi Games,0.18,0.02,0.0,0.02,60.0,8.0,6.4,15.0,Krome Studios,E10+
13904,JASF: Jane's Advanced Strike Fighters,PC,2011.0,Simulation,Deep Silver,0.02,0.01,0.0,0.0,48.0,4.0,3.1,14.0,Trickstar Games,T
13562,Teenage Mutant Ninja Turtles: Mutants in Manhattan,XOne,2016.0,Action,Activision,0.03,0.01,0.0,0.0,55.0,14.0,6,38.0,PlatinumGames,T
4262,Delta Force: Black Hawk Down,PS2,2005.0,Shooter,NovaLogic,0.22,0.17,0.0,0.06,58.0,25.0,8.8,51.0,Rebellion,T
415,Professor Layton and the Unwound Future,DS,2008.0,Puzzle,Nintendo,0.6,1.57,0.82,0.27,86.0,62.0,9.2,111.0,Level 5,E10+
10298,NBA Live 16,XOne,2015.0,Sports,Electronic Arts,0.09,0.01,0.0,0.01,60.0,17.0,5.6,62.0,EA Sports,E
7219,Nickelodeon Party Blast,XB,2002.0,Misc,Infogrames,0.16,0.05,0.0,0.01,19.0,4.0,4.3,7.0,Data Design Interactive,E
710,Onimusha 2: Samurai's Destiny,PS2,2002.0,Adventure,Capcom,0.62,0.44,1.06,0.13,84.0,31.0,9,52.0,Capcom,M
3528,Disgaea 4: A Promise Unforgotten,PS3,2011.0,Role-Playing,Nippon Ichi Software,0.27,0.11,0.14,0.05,80.0,39.0,7.8,126.0,Nippon Ichi Software,T
2528,Tales of Destiny II,PS,2000.0,Role-Playing,Namco Bandai Games,0.06,0.04,0.66,0.05,78.0,9.0,8.7,31.0,Namco,T
14093,Stranger of Sword City,PSV,2015.0,Role-Playing,Nippon Ichi Software,0.02,0.0,0.0,0.01,71.0,24.0,8,30.0,Experience Inc.,T
6887,Avalon Code,DS,2008.0,Role-Playing,Rising Star Games,0.11,0.0,0.12,0.01,71.0,29.0,7.4,13.0,"Matrix Software, Marvelous Entertainment",E10+
2893,NCAA Football 09,X360,2008.0,Sports,Electronic Arts,0.65,0.0,0.0,0.05,83.0,24.0,7.7,26.0,EA Tiburon,E
4091,MotorStorm: Apocalypse,PS3,2011.0,Racing,Sony Computer Entertainment,0.21,0.19,0.0,0.08,77.0,74.0,7.7,155.0,Evolution Studios,T
1523,Crysis 2,PS3,2011.0,Action,Electronic Arts,0.46,0.56,0.06,0.21,85.0,54.0,7.2,406.0,Crytek,M
10770,Guilty Gear Isuka,PS2,2004.0,Fighting,505 Games,0.05,0.04,0.0,0.01,73.0,39.0,7.5,13.0,Arc System Works,T
5206,World's Scariest Police Chases,PS,2001.0,Racing,Activision,0.2,0.14,0.0,0.02,54.0,16.0,6.3,4.0,UDS,T
1406,Dave Mirra Freestyle BMX 2,PS2,2001.0,Sports,Acclaim Entertainment,0.67,0.53,0.0,0.18,81.0,21.0,8.1,18.0,"Z-Axis, Ltd.",T
3319,Naruto: Ultimate Ninja,PS2,2003.0,Fighting,Atari,0.5,0.02,0.0,0.08,75.0,34.0,7.7,35.0,CyberConnect2,T
13131,Second Sight,GC,2004.0,Adventure,Codemasters,0.04,0.01,0.0,0.0,77.0,34.0,8.5,13.0,Free Radical Design,T
1811,Guitar Hero 5,X360,2009.0,Misc,Activision,0.65,0.37,0.0,0.11,85.0,69.0,6.8,108.0,Neversoft Entertainment,T
12583,Create,PC,2010.0,Action,Electronic Arts,0.04,0.01,0.0,0.01,54.0,7.0,6.8,9.0,EA Bright Light,E
11507,Looney Tunes: Acme Arsenal,X360,2007.0,Action,Warner Bros. Interactive Entertainment,0.06,0.01,0.0,0.01,40.0,15.0,6.8,13.0,Red Tribe,E10+
13260,Plants vs. Zombies: Garden Warfare 2,PC,2016.0,Shooter,Electronic Arts,0.0,0.04,0.0,0.0,82.0,6.0,7.5,44.0,PopCap,E10+
10117,Sabrina The Teenage Witch: Potion Commotion,GBA,2002.0,Action,Ubisoft,0.08,0.03,0.0,0.0,63.0,5.0,2.8,6.0,Ubisoft,E
15614,uDraw Studio: Instant Artist,X360,2011.0,Misc,THQ,0.01,0.01,0.0,0.0,54.0,5.0,5.7,6.0,THQ,E
14229,Special Forces: Nemesis Strike,XB,2005.0,Shooter,Hip Interactive,0.03,0.01,0.0,0.0,60.0,10.0,6.5,4.0,Asobo Studio,M
3012,Turok,PS3,2008.0,Action,Touchstone,0.35,0.21,0.01,0.1,67.0,38.0,6,39.0,Propaganda Games,M
774,Call of Duty: Roads to Victory,PSP,2007.0,Shooter,Activision,0.52,1.02,0.0,0.59,64.0,45.0,7.5,30.0,Amaze Entertainment,T
469,FIFA 14,PS4,2013.0,Sports,Electronic Arts,0.61,1.85,0.11,0.44,87.0,26.0,6.3,616.0,EA Canada,E
2750,Spectrobes,DS,2007.0,Role-Playing,Disney Interactive Studios,0.66,0.02,0.0,0.06,63.0,37.0,7.9,31.0,Jupiter Corporation,E
11716,Need for Speed: Most Wanted,PC,2012.0,Racing,Electronic Arts,0.0,0.06,0.0,0.02,82.0,19.0,8.5,525.0,Black Box,T
598,Monster Hunter Freedom 2,PSP,2007.0,Role-Playing,Capcom,0.37,0.27,1.75,0.18,72.0,38.0,8.7,83.0,Capcom,T
8602,The Sims 3: Seasons,PC,2012.0,Simulation,Electronic Arts,0.0,0.13,0.0,0.02,73.0,12.0,7.5,48.0,The Sims Studio,T
4659,NFL GameDay 2004,PS2,2003.0,Sports,Sony Computer Entertainment,0.2,0.16,0.0,0.05,65.0,25.0,8.7,6.0,989 Sports,E
4684,X-Men: The Official Game,PS2,2006.0,Action,Activision,0.2,0.16,0.0,0.05,52.0,44.0,7.5,20.0,"Z-Axis, Ltd.",T
9034,Second Sight,PS2,2004.0,Adventure,Codemasters,0.07,0.05,0.0,0.02,76.0,48.0,8,23.0,Free Radical Design,T
14727,Jack Keane,PC,2008.0,Adventure,Kalypso Media,0.0,0.02,0.0,0.0,69.0,25.0,7,21.0,Legacy Interactive,T
10400,Pac-Man and the Ghostly Adventures 2,X360,2014.0,Adventure,Namco Bandai Games,0.05,0.04,0.0,0.01,60.0,7.0,6.5,10.0,Vicious Cycle,E10+
12935,Lufia: The Ruins of Lore,GBA,2002.0,Role-Playing,Taito,0.04,0.01,0.0,0.0,76.0,12.0,8.3,8.0,Taito Corporation,E
9736,Madden NFL 06,DS,2005.0,Sports,Electronic Arts,0.11,0.0,0.0,0.01,66.0,9.0,6.3,12.0,Exient Entertainment,E
10159,Stronghold,PC,2001.0,Strategy,Gathering of Developers,0.0,0.09,0.0,0.02,81.0,19.0,8.9,224.0,FireFly Studios,T
2837,Major League Baseball 2K7,X360,2007.0,Sports,Spike,0.67,0.0,0.0,0.06,79.0,31.0,7.1,34.0,Kush Games,E
3757,007 Racing,PS,2000.0,Racing,Electronic Arts,0.3,0.2,0.0,0.03,51.0,16.0,4.6,14.0,Eutechnyx,T
3218,Tony Hawk's Project 8,PS3,2006.0,Sports,Activision,0.3,0.22,0.01,0.1,76.0,43.0,7.2,14.0,Neversoft Entertainment,T
3132,Spyro: A Hero's Tail,PS2,2004.0,Platform,Vivendi Games,0.32,0.25,0.0,0.08,60.0,16.0,8,44.0,Eurocom Entertainment Software,E
12283,Wings of War,XB,2004.0,Simulation,Take-Two Interactive,0.05,0.01,0.0,0.0,62.0,29.0,5,5.0,Silver Wish Games,T
2588,Motocross Mania,PS,2001.0,Racing,Take-Two Interactive,0.44,0.3,0.0,0.05,34.0,6.0,5.3,6.0,Deibus Studios,E
4308,Star Wars Jedi Knight: Jedi Academy,XB,2003.0,Shooter,Activision,0.34,0.1,0.0,0.02,76.0,30.0,8.7,30.0,Vicarious Visions,T
1758,Worldwide Soccer Manager 2009,PC,2008.0,Simulation,Sega,0.0,1.14,0.0,0.01,83.0,29.0,8.1,30.0,Sports Interactive,E
9635,Quantum Redshift,XB,2002.0,Racing,Microsoft Game Studios,0.09,0.03,0.0,0.0,70.0,21.0,8.1,15.0,Curly Monsters,T
9385,X-Blades,PS3,2009.0,Action,SouthPeak Games,0.07,0.03,0.02,0.01,50.0,31.0,5.9,15.0,Gaijin Entertainment,M
2464,Big Mutha Truckers,PS2,2002.0,Racing,Empire Interactive,0.41,0.32,0.0,0.11,62.0,15.0,5.3,20.0,Eutechnyx,T
13838,Fisherman's Challenge,PS2,2003.0,Sports,Konami Digital Entertainment,0.02,0.02,0.0,0.01,67.0,7.0,7.5,4.0,Konami,E
13439,Wing Island,Wii,2006.0,Simulation,Konami Digital Entertainment,0.03,0.01,0.01,0.0,47.0,32.0,4.9,8.0,CAProduction,E
8272,Psi-Ops: The Mindgate Conspiracy,XB,2004.0,Shooter,Midway Games,0.13,0.04,0.0,0.01,84.0,55.0,7.9,18.0,Midway,M
4608,NBA Live 06,PSP,2005.0,Sports,Electronic Arts,0.39,0.0,0.0,0.03,80.0,18.0,7.6,13.0,EA Canada,E
13342,B-Boy,PSP,2006.0,Misc,Sony Computer Entertainment,0.04,0.0,0.0,0.0,50.0,11.0,7.8,6.0,FreeStyleGames,T
8057,Mushroom Men: The Spore Wars,Wii,2008.0,Action,SouthPeak Games,0.16,0.01,0.0,0.01,72.0,37.0,8.7,33.0,Red Fly Studio,E10+
500,Hot Shots Golf 3,PS2,2001.0,Sports,Sony Computer Entertainment,0.99,0.32,1.38,0.2,85.0,30.0,8.9,16.0,Clap Hanz,E
11838,F.E.A.R. 2: Project Origin,PC,2009.0,Shooter,Warner Bros. Interactive Entertainment,0.02,0.05,0.0,0.01,79.0,49.0,7.8,520.0,Monolith Productions,M
14385,Tork: Prehistoric Punk,XB,2005.0,Platform,Microsoft Game Studios,0.02,0.01,0.0,0.0,62.0,21.0,6.2,6.0,Tiwak,E
7841,Teenage Mutant Ninja Turtles 2: Battle Nexus,GC,2004.0,Action,Konami Digital Entertainment,0.15,0.04,0.0,0.01,49.0,16.0,4.6,7.0,Konami,T
5625,Karaoke Revolution Volume 3,PS2,2004.0,Misc,Konami Digital Entertainment,0.16,0.12,0.0,0.04,82.0,25.0,7.8,10.0,Harmonix Music Systems,E
6630,The Legend of Legacy,3DS,2015.0,Role-Playing,FuRyu,0.12,0.01,0.1,0.02,67.0,31.0,7.1,54.0,FuRyu,E10+
9722,Lemony Snicket's A Series of Unfortunate Events,XB,2004.0,Platform,Activision,0.09,0.03,0.0,0.0,70.0,17.0,7.2,5.0,Activision,E
11469,The Italian Job,XB,2003.0,Racing,Eidos Interactive,0.06,0.02,0.0,0.0,54.0,22.0,5.8,5.0,Climax Group,T
777,Your Shape featuring Jenny McCarthy,Wii,2009.0,Sports,Ubisoft,1.49,0.46,0.0,0.18,62.0,5.0,5.2,54.0,Ubisoft,E
13876,Grand Theft Auto: Vice City,PC,2003.0,Action,Take-Two Interactive,0.0,0.03,0.0,0.01,94.0,30.0,8.8,1520.0,Rockstar North,M
51,Grand Theft Auto IV,X360,2008.0,Action,Take-Two Interactive,6.76,3.07,0.14,1.03,98.0,86.0,7.9,2951.0,Rockstar North,M
1113,Need for Speed Carbon,X360,2006.0,Racing,Electronic Arts,0.76,0.69,0.02,0.18,77.0,52.0,6.3,82.0,EA Canada,E10+
2982,Hot Shots Golf: Open Tee 2,PSP,2007.0,Sports,Sony Computer Entertainment,0.21,0.11,0.28,0.08,82.0,42.0,8.6,12.0,Clap Hanz,E
8248,Metal Arms: Glitch in the System,XB,2003.0,Shooter,Vivendi Games,0.13,0.04,0.0,0.01,82.0,35.0,8.7,15.0,Swingin' Ape,T
565,Mario vs. Donkey Kong: Mini-Land Mayhem!,DS,2010.0,Puzzle,Nintendo,1.63,0.51,0.35,0.18,79.0,51.0,7.7,18.0,Nintendo,E
4118,Midnight Club: Street Racing,GBA,2001.0,Racing,Rebellion,0.34,0.13,0.0,0.01,50.0,5.0,5.3,6.0,Angel Studios,E
5681,Lord of Arcana,PSP,2010.0,Role-Playing,Square Enix,0.07,0.04,0.17,0.03,53.0,45.0,5.5,21.0,Access Games,M
840,Carnival Games,DS,2008.0,Misc,Take-Two Interactive,1.21,0.63,0.0,0.19,48.0,11.0,3.3,4.0,Cat Daddy Games,E
3888,Lair,PS3,2007.0,Action,Sony Computer Entertainment,0.36,0.03,0.08,0.04,53.0,55.0,6.4,229.0,"Factor 5, SCE/WWS",T
6109,The Golden Compass,PS3,2007.0,Action,Sega,0.14,0.1,0.0,0.05,40.0,17.0,4.8,16.0,Shiny Entertainment,E10+
2666,All-Star Baseball 2003,PS2,2002.0,Sports,Acclaim Entertainment,0.38,0.29,0.0,0.1,81.0,15.0,8.4,17.0,Acclaim Studios Austin,E
16424,Mario vs. Donkey Kong: Tipping Stars,WiiU,2015.0,Puzzle,Nintendo,0.0,0.0,0.01,0.0,70.0,26.0,7.4,72.0,"Nintendo, Nintendo Software Technology",E
1149,Rage,X360,2011.0,Shooter,Bethesda Softworks,0.82,0.6,0.03,0.15,81.0,77.0,6.7,559.0,id Software,M
4783,Overlord,X360,2007.0,Strategy,Codemasters,0.34,0.03,0.01,0.03,76.0,47.0,8.3,70.0,Triumph Studios,T
4092,Dark Sector,X360,2008.0,Shooter,D3Publisher,0.22,0.2,0.01,0.05,72.0,71.0,7.5,147.0,Digital Extremes,M
15039,Cold War,XB,2005.0,Shooter,DreamCatcher Interactive,0.02,0.01,0.0,0.0,60.0,25.0,8,4.0,Mindware Studios,T
9434,Total War: WARHAMMER,PC,2016.0,Strategy,Sega,0.0,0.12,0.0,0.01,86.0,77.0,7.3,556.0,Creative Assembly,T
5662,FIFA Street 3,X360,2008.0,Sports,Electronic Arts,0.14,0.14,0.0,0.03,63.0,48.0,6.9,18.0,EA Canada,E
10708,Steins;Gate,PSV,2013.0,Adventure,PQube,0.04,0.04,0.0,0.02,83.0,16.0,9.2,87.0,5pb,M
4102,Crash of the Titans,DS,2007.0,Action,Vivendi Games,0.42,0.02,0.0,0.04,73.0,8.0,5.9,10.0,Amaze Entertainment,E
2022,Dragon Ball Z: Budokai Tenkaichi 3,Wii,2007.0,Fighting,Atari,0.32,0.36,0.26,0.09,72.0,27.0,8.4,61.0,"Spike, Namco Bandai Games",T
15723,Emergency Mayhem,Wii,2008.0,Racing,Codemasters,0.02,0.0,0.0,0.0,40.0,21.0,4.3,4.0,Supersonic Software,T
2685,Need For Speed: Undercover,PSP,2008.0,Racing,Electronic Arts,0.23,0.31,0.03,0.19,52.0,7.0,6.8,37.0,Piranha Games,T
12872,F1 2010,PC,2010.0,Racing,Codemasters,0.0,0.05,0.0,0.01,84.0,15.0,6.6,99.0,Codemasters Birmingham,E
911,Mario Super Sluggers,Wii,2008.0,Sports,Nintendo,1.48,0.0,0.29,0.12,69.0,31.0,7.8,58.0,Namco Bandai Games,E
15652,Tycoon City: New York,PC,2006.0,Strategy,Atari,0.0,0.02,0.0,0.0,67.0,30.0,8.3,4.0,Deep Red,T
5716,FIFA Street,PS2,2005.0,Sports,Electronic Arts,0.15,0.12,0.0,0.04,59.0,29.0,7.9,52.0,EA Canada,E
9178,X-Blades,X360,2009.0,Action,SouthPeak Games,0.1,0.02,0.02,0.01,50.0,39.0,5.4,14.0,Gaijin Entertainment,M
1345,Hasbro Family Game Night,Wii,2008.0,Puzzle,Electronic Arts,0.96,0.33,0.0,0.13,63.0,12.0,7.5,11.0,EA Bright Light,E
3499,XCOM: Enemy Unknown,PS3,2012.0,Strategy,Take-Two Interactive,0.24,0.23,0.0,0.1,89.0,20.0,8.2,296.0,Firaxis Games,M
6693,Tony Hawk's Proving Ground,Wii,2007.0,Sports,Activision,0.22,0.01,0.0,0.02,57.0,8.0,6.2,19.0,Page 44 Studios,T
14437,Combat Mission: Shock Force,PC,2007.0,Strategy,Paradox Interactive,0.0,0.03,0.0,0.0,62.0,15.0,3.3,86.0,Big Time Software,T
2422,Guitar Hero: Warriors of Rock,X360,2010.0,Misc,Activision,0.47,0.31,0.0,0.08,72.0,65.0,6.5,51.0,Neversoft Entertainment,T
6407,NBA 07,PS3,2006.0,Sports,Sony Computer Entertainment,0.24,0.0,0.01,0.02,63.0,24.0,6.3,10.0,SCEA,E
80,Mario Party 8,Wii,2007.0,Misc,Nintendo,3.74,2.24,1.58,0.7,62.0,41.0,6.3,190.0,Hudson,E
13493,Pony Friends,DS,2007.0,Simulation,Eidos Interactive,0.0,0.04,0.0,0.01,67.0,8.0,6.6,12.0,Tantalus Interactive,E
4739,"Ed, Edd n Eddy: The Mis-Edventures",PS2,2005.0,Platform,Midway Games,0.34,0.01,0.0,0.06,50.0,5.0,7.6,16.0,Artificial Mind and Movement,E
1572,Rockstar Games presents Table Tennis,Wii,2007.0,Sports,Take-Two Interactive,0.39,0.72,0.0,0.15,68.0,36.0,5.8,21.0,Rockstar San Diego,E
879,Kirby Squeak Squad,DS,2006.0,Platform,Nintendo,0.78,0.02,1.05,0.08,71.0,29.0,8.1,41.0,"Flagship, HAL Labs",E
1578,Tamagotchi Connection: Corner Shop,DS,2005.0,Simulation,Atari,0.1,0.02,1.12,0.01,59.0,20.0,7.7,6.0,NanaOn-Sha,E
12716,Warriors Orochi 2,X360,2008.0,Action,Tecmo Koei,0.04,0.0,0.01,0.0,44.0,28.0,8.1,15.0,Omega Force,T
1509,Yoshi's Woolly World,WiiU,2015.0,Platform,Nintendo,0.62,0.47,0.11,0.1,78.0,83.0,8.5,376.0,Good-Feel,E
13779,Virtua Tennis 4,PC,2011.0,Sports,Sega,0.0,0.03,0.0,0.01,66.0,5.0,7.3,43.0,Sega,E
9751,Blackwater,X360,2011.0,Shooter,505 Games,0.09,0.02,0.0,0.01,37.0,12.0,4.5,14.0,Zombie Studios,T
8394,CSI: Fatal Conspiracy,X360,2010.0,Adventure,Ubisoft,0.11,0.04,0.0,0.01,42.0,9.0,4.8,4.0,Telltale Games,M
4742,WWE All Stars,PS3,2011.0,Fighting,THQ,0.16,0.18,0.0,0.07,75.0,51.0,6.4,36.0,THQ,T
13942,LEGO Jurassic World,PC,2015.0,Action,Warner Bros. Interactive Entertainment,0.0,0.04,0.0,0.0,72.0,8.0,7.1,31.0,TT Games,E10+
7066,Mortal Kombat: Armageddon,Wii,2007.0,Fighting,Midway Games,0.19,0.02,0.0,0.02,71.0,29.0,8.4,33.0,JGI Entertainment,M
5096,Kingdom Under Fire: Circle of Doom,X360,2007.0,Role-Playing,Microsoft Game Studios,0.18,0.12,0.04,0.03,55.0,44.0,5.9,49.0,Blueside,M
16108,Turok,PC,2008.0,Action,Touchstone,0.0,0.01,0.0,0.0,65.0,16.0,6.5,55.0,Propaganda Games,M
7573,Planet 51,Wii,2009.0,Action,Sega,0.17,0.01,0.0,0.02,53.0,6.0,5.8,4.0,Pyro Studios,E
3614,MX 2002 Featuring Ricky Carmichael,PS2,2001.0,Racing,THQ,0.27,0.21,0.0,0.07,76.0,17.0,8.3,9.0,Pacific Coast Power & Light,E
6180,NCAA March Madness 2005,XB,2004.0,Sports,Electronic Arts,0.21,0.06,0.0,0.01,80.0,18.0,7.8,4.0,EA Canada,E
12292,World Poker Tour,XB,2005.0,Misc,Take-Two Interactive,0.05,0.01,0.0,0.0,63.0,17.0,7.8,4.0,2K Sports,T
6098,FIFA 15,PC,2014.0,Sports,Electronic Arts,0.0,0.27,0.0,0.02,82.0,9.0,4.2,383.0,EA Sports,E
9420,Frogger Beyond,GC,2002.0,Platform,Konami Digital Entertainment,0.1,0.03,0.0,0.0,60.0,6.0,7.2,5.0,Konami,E
5595,"Warhammer 40,000: Squad Command",PSP,2007.0,Strategy,THQ,0.11,0.13,0.0,0.08,67.0,25.0,7.6,26.0,RedLynx,T
7402,World of Final Fantasy,PSV,2016.0,Role-Playing,Square Enix,0.04,0.06,0.08,0.03,77.0,5.0,8.6,46.0,Square Enix,E10+
5323,NFL Street,GC,2004.0,Sports,Electronic Arts,0.27,0.07,0.0,0.01,81.0,30.0,8,4.0,EA Tiburon,E
6977,The Scorpion King: Rise of the Akkadian,PS2,2002.0,Action,Universal Interactive,0.11,0.09,0.0,0.03,47.0,12.0,7.2,6.0,VU Games,T
8478,World Tour Soccer 2005,PS2,2004.0,Sports,Sony Computer Entertainment,0.08,0.06,0.0,0.02,68.0,28.0,9,6.0,SCEE London Studio,E
10778,Shovel Knight,WiiU,2015.0,Platform,Yacht Club Games,0.05,0.04,0.0,0.01,88.0,24.0,8.3,280.0,Yacht Club Games,E
636,The Sims: Bustin' Out,PS2,2003.0,Simulation,Electronic Arts,1.07,1.19,0.0,0.18,81.0,26.0,8.4,42.0,Maxis,T
3219,Ghostbusters: The Video Game,X360,2009.0,Action,Atari,0.43,0.14,0.0,0.06,79.0,53.0,8.5,125.0,Terminal Reality,T
7255,Senran Kagura 2: Deep Crimson ,3DS,2014.0,Action,Marvelous Entertainment,0.1,0.02,0.08,0.01,58.0,28.0,6.8,56.0,Tamsoft,M
976,The Evil Within,PS4,2014.0,Action,Bethesda Softworks,0.55,0.86,0.11,0.27,75.0,65.0,7.3,1223.0,Tango Gameworks,M
5940,Spider-Man: Friend or Foe,X360,2007.0,Action,Activision,0.26,0.01,0.0,0.02,60.0,51.0,6.3,26.0,Next Level Games,E10+
5563,Def Jam Rapstar,PS3,2010.0,Misc,Konami Digital Entertainment,0.25,0.04,0.0,0.03,75.0,25.0,6.3,4.0,"Terminal Reality, 4mm Games",T
1584,Star Wars: The Force Unleashed,PS2,2008.0,Action,LucasArts,0.49,0.0,0.01,0.75,68.0,7.0,7.4,33.0,Krome Studios,T
6110,ATV Quad Power Racing 2,GC,2003.0,Racing,Acclaim Entertainment,0.22,0.06,0.0,0.01,70.0,18.0,9,4.0,Climax Group,E
14634,Popeye: Rush for Spinach,GBA,2005.0,Platform,Atari,0.02,0.01,0.0,0.0,48.0,9.0,4.2,5.0,Magic Pockets,E
1975,LEGO The Lord of the Rings,PS3,2012.0,Action,Warner Bros. Interactive Entertainment,0.37,0.49,0.0,0.19,82.0,16.0,8.3,85.0,TT Games,E10+
3912,Disney's Kim Possible: Revenge of Monkey Fist,GBA,2002.0,Platform,THQ,0.37,0.14,0.0,0.01,62.0,4.0,8.8,8.0,Digital Eclipse,E
11176,Digimon World 4,GC,2005.0,Role-Playing,Namco Bandai Games,0.07,0.02,0.0,0.0,55.0,4.0,8.1,19.0,Bandai,E
8483,Leisure Suit Larry: Box Office Bust,X360,2009.0,Adventure,Codemasters,0.14,0.01,0.0,0.01,25.0,27.0,2.5,41.0,Team 17,M
2840,MLB 14: The Show,PS4,2014.0,Sports,Sony Computer Entertainment America,0.58,0.0,0.0,0.14,83.0,17.0,7.7,205.0,SCEA San Diego Studios,E
14482,Neverwinter Nights,PC,2002.0,Role-Playing,Atari,0.0,0.03,0.0,0.0,91.0,34.0,8.2,490.0,BioWare,T
11850,I-Ninja,XB,2003.0,Platform,Namco Bandai Games,0.05,0.02,0.0,0.0,75.0,18.0,8.4,8.0,Argonaut Games,T
12435,Atelier Iris 2: The Azoth Of Destiny,PS2,2005.0,Role-Playing,Tecmo Koei,0.03,0.02,0.0,0.01,68.0,34.0,7.8,14.0,Gust,E10+
16164,Neverwinter Nights 2: Mask of the Betrayer,PC,2007.0,Role-Playing,Atari,0.0,0.01,0.0,0.0,82.0,25.0,8.8,182.0,Obsidian Entertainment,T
7513,Mobile Suit Gundam: Crossfire,PS3,2006.0,Simulation,Namco Bandai Games,0.06,0.0,0.14,0.01,33.0,31.0,5.1,47.0,Bec,T
1832,Spider-Man 2,XB,2004.0,Action,Activision,0.82,0.26,0.0,0.04,83.0,60.0,8.3,40.0,Treyarch,T
460,LEGO Batman: The Videogame,DS,2008.0,Action,Warner Bros. Interactive Entertainment,1.75,1.01,0.0,0.29,72.0,16.0,8,16.0,TT Fusion,E10+
4505,Payday 2,PS3,2013.0,Shooter,505 Games,0.22,0.14,0.0,0.08,74.0,12.0,6.2,181.0,Overkill Software,M
37,Call of Duty: Modern Warfare 3,PS3,2011.0,Shooter,Activision,5.54,5.73,0.49,1.57,88.0,39.0,3.2,5234.0,"Infinity Ward, Sledgehammer Games",M
3988,Monster Hunter,PS2,2004.0,Role-Playing,Capcom,0.11,0.08,0.28,0.03,68.0,37.0,8.9,46.0,Capcom,T
713,Madden NFL 12,PS3,2011.0,Sports,Electronic Arts,1.93,0.15,0.0,0.17,79.0,31.0,5.5,56.0,EA Tiburon,E
559,LEGO Star Wars II: The Original Trilogy,PS2,2006.0,Action,LucasArts,1.85,0.64,0.01,0.19,84.0,32.0,9,41.0,Traveller's Tales,E10+
5183,Dragon Ball Z: Attack of the Saiyans,DS,2009.0,Role-Playing,Namco Bandai Games,0.12,0.02,0.21,0.01,73.0,21.0,7.9,24.0,Monolith Soft,E10+
4899,Transformers: Fall of Cybertron,PS3,2012.0,Action,Activision,0.19,0.14,0.0,0.06,77.0,32.0,8.2,87.0,High Moon Studios,T
6201,Trivial Pursuit,PS3,2009.0,Misc,Electronic Arts,0.12,0.11,0.0,0.05,66.0,13.0,7.1,7.0,EA Bright Light,E
4900,Alpha Protocol,X360,2010.0,Role-Playing,Sega,0.23,0.12,0.0,0.04,63.0,68.0,7.2,201.0,Obsidian Entertainment,M
567,Call Of Duty 2: Big Red One,PS2,2005.0,Shooter,Activision,1.48,0.92,0.01,0.26,77.0,39.0,8.2,69.0,Treyarch,T
10075,MLB 13: The Show,PSV,2013.0,Sports,Sony Computer Entertainment,0.1,0.0,0.0,0.02,75.0,7.0,7.5,21.0,SCEA San Diego Studios,E
6307,F1 Race Stars,X360,2012.0,Racing,Codemasters,0.07,0.17,0.0,0.02,64.0,33.0,5.7,22.0,Codemasters,E
16667,E.T. The Extra-Terrestrial,GBA,2001.0,Action,NewKidCo,0.01,0.0,0.0,0.0,46.0,4.0,2.4,21.0,Fluid Studios,E
11446,Battlefield 2,PC,2005.0,Shooter,Electronic Arts,0.0,0.07,0.0,0.01,91.0,55.0,8.4,837.0,Digital Illusions,T
9118,XCOM 2,PS4,2016.0,Strategy,Take-Two Interactive,0.04,0.08,0.0,0.02,88.0,28.0,8,116.0,Firaxis Games,T
239,Guitar Hero III: Legends of Rock,X360,2007.0,Misc,Activision,3.19,0.91,0.01,0.42,85.0,69.0,7.9,165.0,Neversoft Entertainment,T
5687,Shenmue II,XB,2002.0,Adventure,Microsoft Game Studios,0.22,0.08,0.0,0.01,80.0,31.0,9.3,96.0,Sega AM2,T
12876,Bombastic,PS2,2002.0,Puzzle,Capcom,0.03,0.02,0.0,0.01,72.0,24.0,7.2,6.0,Shift,E
1597,RollerCoaster Tycoon 2,PC,2002.0,Strategy,Atari,1.19,0.05,0.0,0.0,74.0,22.0,8.5,135.0,Chris Sawyer,E
11014,Riviera: The Promised Land,PSP,2006.0,Role-Playing,505 Games,0.07,0.0,0.02,0.01,68.0,11.0,7.7,17.0,Sting,T
5888,Army Men: Air Attack 2,PS,2000.0,Action,3DO,0.17,0.11,0.0,0.02,74.0,8.0,5.3,4.0,3DO,T
1180,Watch Dogs,XOne,2014.0,Action,Ubisoft,0.9,0.53,0.0,0.14,78.0,15.0,5.8,712.0,Ubisoft Montreal,M
4302,NHL 2005,PS2,2004.0,Sports,Electronic Arts,0.22,0.17,0.0,0.06,75.0,21.0,8.3,23.0,EA Sports,E
3006,The Evil Within,XOne,2014.0,Action,Bethesda Softworks,0.35,0.25,0.0,0.06,79.0,24.0,7.3,430.0,Tango Gameworks,M
2781,Sword of Mana,GBA,2003.0,Role-Playing,Nintendo,0.31,0.11,0.3,0.02,72.0,31.0,8.3,25.0,Brownie Brown,E
12915,Dynasty Warriors 5,XB,2005.0,Action,Tecmo Koei,0.04,0.01,0.0,0.0,66.0,22.0,8,4.0,Omega Force,T
15590,Hogs of War,PS,2000.0,Strategy,Infogrames,0.01,0.01,0.0,0.0,62.0,10.0,8.8,31.0,Infogrames Sheffield,T
6451,Etrian Odyssey II: Heroes of Lagaard,DS,2008.0,Role-Playing,Atlus,0.09,0.0,0.16,0.01,82.0,17.0,8.9,24.0,Atlus,E10+
5121,The BIGS,Wii,2007.0,Sports,Take-Two Interactive,0.34,0.0,0.0,0.03,66.0,15.0,7.1,14.0,Blue Castle Games,E
2829,Total War: Rome II,PC,2013.0,Strategy,Sega,0.12,0.53,0.0,0.07,76.0,71.0,4.2,3742.0,Creative Assembly,T
5787,NASCAR Thunder 2003,GC,2002.0,Racing,Electronic Arts,0.24,0.06,0.0,0.01,85.0,12.0,6.6,5.0,EA Sports,E
4219,Dragon Ball Z: Collectible Card Game,GBA,2002.0,Misc,Infogrames,0.33,0.12,0.0,0.01,62.0,4.0,5.5,4.0,ImaginEngine,E
12729,MX vs. ATV Supercross Encore,PS4,2015.0,Sports,Nordic Games,0.0,0.05,0.0,0.01,42.0,8.0,4.1,9.0,Rainbow Studios,E
9272,NBA Ballers: Chosen One,PS3,2008.0,Sports,Midway Games,0.12,0.0,0.0,0.01,54.0,23.0,6.5,4.0,Midway,E
3693,Crash Tag Team Racing,PS2,2005.0,Racing,Vivendi Games,0.27,0.21,0.0,0.07,66.0,21.0,7,49.0,Radical Entertainment,E10+
8731,Bomberman,PSP,2006.0,Puzzle,Konami Digital Entertainment,0.14,0.0,0.0,0.01,73.0,30.0,7,7.0,Hudson,E
6393,InuYasha: Feudal Combat,PS2,2005.0,Fighting,Namco Bandai Games,0.13,0.1,0.0,0.03,52.0,14.0,8.3,21.0,Eighting,T
5987,Zoo Tycoon 2 DS,DS,2008.0,Strategy,THQ,0.24,0.03,0.0,0.02,60.0,17.0,5.4,7.0,Altron,E
295,Watch Dogs,PS4,2014.0,Action,Ubisoft,1.4,1.9,0.11,0.64,80.0,80.0,6.3,2996.0,Ubisoft Montreal,M
8129,Remember Me,X360,2013.0,Action,Capcom,0.1,0.06,0.0,0.02,70.0,42.0,7.5,267.0,DONTNOD Entertainment,M
1785,007: Quantum of Solace,PS3,2008.0,Action,Activision,0.43,0.51,0.02,0.19,65.0,42.0,6.6,47.0,Treyarch,T
11220,Red Faction: Armageddon,PC,2011.0,Shooter,THQ,0.05,0.02,0.0,0.01,75.0,29.0,6.7,273.0,Volition Inc.,M
5854,Batman: Arkham VR,PS4,2016.0,Action,Warner Bros. Interactive Entertainment,0.25,0.0,0.0,0.06,75.0,59.0,7.3,89.0,Rocksteady Studios,M
6818,Kill.Switch,XB,2003.0,Shooter,Namco Bandai Games,0.18,0.05,0.0,0.01,75.0,26.0,8,7.0,Namco,T
1362,UFC Undisputed 2010,PS3,2010.0,Fighting,THQ,0.8,0.4,0.02,0.18,85.0,54.0,7.2,48.0,Yuke's,T
5453,Harry Potter and the Deathly Hallows - Part 2,X360,2011.0,Action,Electronic Arts,0.19,0.11,0.0,0.03,44.0,31.0,5.4,24.0,EA Bright Light,T
4454,Child of Eden,X360,2011.0,Shooter,Ubisoft,0.28,0.12,0.0,0.04,84.0,81.0,7.7,95.0,Q Entertainment,E10+
11103,Arslan: The Warriors of Legend,PS4,2015.0,Action,Tecmo Koei,0.03,0.01,0.04,0.01,69.0,43.0,6.6,23.0,Omega Force,T
10927,Ribbit King,PS2,2003.0,Sports,Atari,0.05,0.04,0.0,0.01,58.0,10.0,6.5,4.0,Bandai,E
8180,Full Auto 2: Battlelines,PS3,2006.0,Racing,Sega,0.14,0.02,0.0,0.02,67.0,43.0,7.6,25.0,Pseudo Interactive,T
10910,Code Lyoko: Quest for Infinity,Wii,2007.0,Action,Game Factory,0.07,0.01,0.0,0.01,58.0,15.0,8.5,8.0,The Game Factory,E10+
2648,Perfect Dark Zero,X360,2005.0,Shooter,Microsoft Game Studios,0.66,0.02,0.03,0.06,81.0,75.0,7.3,229.0,Rare Ltd.,M
3480,NHL 06,PS2,2005.0,Sports,Electronic Arts,0.48,0.02,0.0,0.08,78.0,27.0,8.5,29.0,EA Canada,E10+
2377,Madden NFL 08,Wii,2007.0,Sports,Electronic Arts,0.8,0.0,0.0,0.07,76.0,29.0,6.8,27.0,EA Tiburon,E
5692,Rugby World Cup 2011,PS3,2011.0,Sports,505 Games,0.0,0.24,0.0,0.07,50.0,12.0,5.6,7.0,HB Studios Multimedia,E
4587,NASCAR Kart Racing,Wii,2009.0,Racing,Electronic Arts,0.39,0.0,0.0,0.03,70.0,12.0,8.1,9.0,Electronic Arts,E
7386,Summoner 2,PS2,2002.0,Role-Playing,THQ,0.1,0.08,0.0,0.03,76.0,20.0,8.3,22.0,Volition Inc.,T
7403,Danganronpa Another Episode: Ultra Despair Girls,PSV,2014.0,Action,Nippon Ichi Software,0.06,0.01,0.12,0.02,72.0,35.0,8.4,77.0,Spike Chunsoft,M
5399,MVP 06 NCAA Baseball,XB,2006.0,Sports,Electronic Arts,0.25,0.07,0.0,0.01,75.0,29.0,8.6,17.0,EA Canada,E
7085,Toukiden Kiwami,PSV,2014.0,Action,Tecmo Koei,0.02,0.02,0.17,0.01,82.0,5.0,8.6,42.0,"Omega Force, Koei Tecmo Games",T
8814,Serious Sam,XB,2002.0,Shooter,Take-Two Interactive,0.11,0.03,0.0,0.01,75.0,22.0,8.2,16.0,Croteam,M
5372,Supreme Commander 2,X360,2010.0,Strategy,Square Enix,0.23,0.09,0.0,0.03,75.0,28.0,7.1,23.0,Gas Powered Games,E10+
4955,Red Faction: Armageddon,X360,2011.0,Shooter,THQ,0.18,0.16,0.01,0.04,71.0,74.0,7,77.0,Volition Inc.,M
1613,FIFA Street,PS3,2012.0,Sports,Electronic Arts,0.12,0.89,0.0,0.23,76.0,36.0,6.4,66.0,EA Sports,E
7307,NBA,PSP,2005.0,Sports,Sony Computer Entertainment,0.2,0.0,0.0,0.02,57.0,25.0,6.9,14.0,989 Sports,E
2015,Street Fighter Alpha 3,PS,1998.0,Fighting,Virgin Interactive,0.38,0.12,0.51,0.02,93.0,12.0,8.5,46.0,Capcom,T
8439,Bomberman Land,Wii,2007.0,Misc,Rising Star Games,0.11,0.01,0.03,0.01,57.0,23.0,8,10.0,Racjin,E
15584,Crysis: Warhead,PC,2008.0,Shooter,Electronic Arts,0.0,0.02,0.0,0.0,84.0,56.0,7.9,516.0,Crytek,M
5756,Dark Void,X360,2010.0,Action,Capcom,0.19,0.09,0.0,0.03,59.0,69.0,6,61.0,Airtight Games,T
6958,Buffy the Vampire Slayer,XB,2002.0,Action,Electronic Arts,0.18,0.05,0.0,0.01,79.0,30.0,9.1,31.0,Double Helix Games,T
5329,EverGrace,PS2,2000.0,Role-Playing,Ubisoft,0.1,0.08,0.15,0.03,59.0,12.0,7.8,4.0,From Software,T
2981,Prince of Persia: The Two Thrones,PS2,2005.0,Action,Ubisoft,0.57,0.02,0.0,0.09,85.0,46.0,8.5,111.0,Ubisoft Montreal,M
9199,Rayman Legends,PSV,2014.0,Platform,Ubisoft,0.01,0.1,0.0,0.03,87.0,8.0,8.4,159.0,Ubisoft Montpellier,E10+
10355,FIFA World Cup Germany 2006,PSP,2006.0,Sports,Electronic Arts,0.1,0.0,0.0,0.01,72.0,15.0,7.3,8.0,EA Canada,E
243,Spider-Man: The Movie,PS2,2002.0,Action,Activision,2.71,1.51,0.03,0.23,76.0,25.0,7.9,41.0,Treyarch,E
106,Tekken 3,PS,1998.0,Fighting,Sony Computer Entertainment,3.27,2.22,1.4,0.29,96.0,15.0,9.1,367.0,Namco,T
9033,Class of Heroes,PSP,2008.0,Role-Playing,Acquire,0.06,0.0,0.08,0.01,61.0,12.0,7.1,12.0,Zerodiv,T
15203,Brandish: The Dark Revenant,PSP,2009.0,Role-Playing,Falcom Corporation,0.0,0.0,0.02,0.0,78.0,9.0,8.3,12.0,Falcom,T
8544,The Incredibles: Rise of the Underminer,GC,2005.0,Action,THQ,0.12,0.03,0.0,0.0,67.0,7.0,6.6,7.0,Heavy Iron Studios,E10+
15501,Motocross Mania 3,XB,2005.0,Racing,Take-Two Interactive,0.01,0.0,0.0,0.0,38.0,9.0,3.6,7.0,Deibus Studios,T
3960,Picross DS,DS,2007.0,Puzzle,Nintendo,0.17,0.02,0.3,0.02,83.0,33.0,8.7,36.0,Jupiter Corporation,E
3873,SimAnimals,DS,2009.0,Simulation,Electronic Arts,0.26,0.2,0.0,0.05,70.0,10.0,7.5,4.0,Electronic Arts,E
179,Call of Duty: Advanced Warfare,XOne,2014.0,Shooter,Activision,3.22,1.55,0.01,0.48,81.0,53.0,5.4,898.0,Sledgehammer Games,M
4446,Eternal Darkness: Sanity's Requiem,GC,2002.0,Adventure,Nintendo,0.34,0.09,0.0,0.01,92.0,41.0,8.7,173.0,Silicon Knights,M
11391,Pro Evolution Soccer 2013,PC,2012.0,Sports,Konami Digital Entertainment,0.0,0.07,0.0,0.01,80.0,8.0,6.9,182.0,Konami,E
7506,Assassin's Creed The Ezio Collection,PS4,2016.0,Action,Ubisoft,0.04,0.13,0.0,0.03,72.0,32.0,7.4,49.0,Ubisoft Montreal,M
4793,The Wonderful 101,WiiU,2013.0,Action,Nintendo,0.19,0.1,0.08,0.03,78.0,75.0,8.5,495.0,PlatinumGames,T
29,Call of Duty: Modern Warfare 3,X360,2011.0,Shooter,Activision,9.04,4.24,0.13,1.32,88.0,81.0,3.4,8713.0,"Infinity Ward, Sledgehammer Games",M
5703,Batman: Arkham Origins,PC,2013.0,Action,Warner Bros. Interactive Entertainment,0.13,0.16,0.0,0.02,74.0,17.0,7.5,1170.0,Iron Galaxy Studios,T
2801,Final Fantasy XIII-2,X360,2011.0,Role-Playing,Square Enix,0.36,0.29,0.02,0.06,79.0,50.0,6.3,268.0,Square Enix,T
10856,Pac-Man and the Ghostly Adventures 2,PS3,2014.0,Adventure,Namco Bandai Games,0.05,0.03,0.0,0.02,59.0,11.0,6.3,4.0,Vicious Cycle,E10+
12487,Cold Fear,XB,2005.0,Action,Ubisoft,0.05,0.01,0.0,0.0,71.0,41.0,7.6,20.0,Darkworks,M
15133,Inkheart,DS,2009.0,Adventure,DreamCatcher Interactive,0.02,0.0,0.0,0.0,39.0,8.0,2.2,5.0,Dreamcatcher,E
4969,Looney Tunes: Acme Arsenal,PS2,2007.0,Action,Warner Bros. Interactive Entertainment,0.19,0.15,0.0,0.05,38.0,10.0,3.9,7.0,Red Tribe,E10+
12843,V-Rally 3,PS2,2002.0,Racing,Atari,0.03,0.02,0.0,0.01,82.0,10.0,7.4,14.0,Eden Studios,E
8722,Atelier Iris: Eternal Mana,PS2,2004.0,Role-Playing,Tecmo Koei,0.08,0.06,0.0,0.02,74.0,38.0,7.7,38.0,Gust,T
5844,Chaos Legion,PS2,2003.0,Action,Capcom,0.15,0.12,0.0,0.04,65.0,34.0,8.2,58.0,Capcom,T
5873,F1 2013,X360,2013.0,Racing,Codemasters,0.01,0.27,0.0,0.02,79.0,29.0,6.6,33.0,Codemasters,E
10008,Smash Cars,PS2,2003.0,Racing,Metro 3D,0.06,0.04,0.0,0.01,67.0,15.0,9,5.0,Creat Studios,E
7916,Tom Clancy's Splinter Cell: Blacklist,PC,2013.0,Action,Ubisoft,0.04,0.13,0.0,0.01,82.0,13.0,7.4,754.0,Ubisoft Toronto,M
13742,WarJetz,PS2,2001.0,Shooter,3DO,0.02,0.02,0.0,0.01,59.0,9.0,5.5,4.0,3DO,T
8664,Amped 3,X360,2005.0,Sports,Take-Two Interactive,0.13,0.02,0.0,0.01,72.0,49.0,7.1,36.0,2K Sports,T
8406,Backyard Wrestling: Don't Try This at Home,XB,2003.0,Fighting,Eidos Interactive,0.13,0.04,0.0,0.01,50.0,15.0,5,7.0,Paradox Development,M
7306,Crash 'N' Burn,PS2,2004.0,Racing,Eidos Interactive,0.11,0.08,0.0,0.03,63.0,17.0,8,7.0,Climax Group,T
4299,Tomb Raider: Underworld,Wii,2008.0,Action,Eidos Interactive,0.13,0.27,0.0,0.05,70.0,12.0,7.2,20.0,Crystal Dynamics,T
6556,Resident Evil: Deadly Silence,DS,2006.0,Action,Capcom,0.11,0.02,0.11,0.01,71.0,41.0,8.4,36.0,Capcom,M
3653,MX vs. ATV: Alive,X360,2011.0,Racing,THQ,0.37,0.13,0.0,0.04,63.0,43.0,7.2,24.0,THQ Digital Studio Phoenix,E
8798,Samurai Warriors: Katana,Wii,2007.0,Action,Tecmo Koei,0.11,0.0,0.04,0.01,53.0,30.0,6.8,6.0,"Koei, Omega Force",T
8772,Army Men: Sarge's War,GC,2004.0,Shooter,Global Star,0.12,0.03,0.0,0.0,56.0,11.0,6.7,7.0,3DO,T
6913,G.I. Joe: The Rise of Cobra,X360,2009.0,Action,Electronic Arts,0.17,0.05,0.0,0.02,42.0,59.0,4.7,22.0,Double Helix Games,T
2647,Need for Speed: ProStreet,PSP,2008.0,Racing,Electronic Arts,0.24,0.33,0.01,0.19,57.0,14.0,7.1,19.0,EA Games,E
13655,Secret Files: Tunguska,PC,2006.0,Adventure,DreamCatcher Interactive,0.0,0.04,0.0,0.0,66.0,26.0,7.4,38.0,Fusionsphere Systems,T
1215,Tom Clancy's Ghost Recon Advanced Warfighter,X360,2006.0,Shooter,Ubisoft,1.4,0.02,0.02,0.1,90.0,78.0,8,215.0,Ubisoft Paris,T
8157,College Hoops 2K7,PS3,2007.0,Sports,Take-Two Interactive,0.16,0.0,0.0,0.01,81.0,9.0,7.1,8.0,2K Sports,E
323,Call of Duty: Ghosts,PS4,2013.0,Shooter,Activision,1.78,1.43,0.05,0.57,78.0,49.0,3.7,1564.0,Infinity Ward,M
1344,Anno 2070,PC,2011.0,Strategy,Ubisoft,0.0,1.13,0.0,0.29,83.0,33.0,7,493.0,"Blue Byte, Related Designs",T
4457,Spider-Man: Shattered Dimensions,PS3,2010.0,Action,Activision,0.26,0.12,0.0,0.05,74.0,57.0,7.5,96.0,Beenox,T
909,Star Wars Rogue Leader: Rogue Squadron II,GC,2001.0,Simulation,LucasArts,1.03,0.75,0.03,0.09,90.0,45.0,8.6,80.0,Factor 5,T
11562,Crush,PSP,2007.0,Puzzle,Sega,0.07,0.0,0.0,0.01,83.0,41.0,9,21.0,Zoe Mode,E10+
16211,Serious Sam II,PC,2005.0,Shooter,Take-Two Interactive,0.0,0.01,0.0,0.0,74.0,31.0,7,152.0,Croteam,M
496,Mass Effect,X360,2007.0,Role-Playing,Microsoft Game Studios,1.83,0.79,0.03,0.27,91.0,74.0,8.7,1692.0,BioWare,M
5846,Charlie and the Chocolate Factory,GBA,2005.0,Adventure,Global Star,0.22,0.08,0.0,0.01,36.0,5.0,3.8,6.0,"High Voltage Software, Backbone Entertainment",E
5302,EA Sports MMA,X360,2010.0,Fighting,Electronic Arts,0.23,0.09,0.0,0.02,79.0,63.0,7,55.0,EA Tiburon,T
4365,Deadpool,PS3,2013.0,Action,Activision,0.23,0.14,0.0,0.08,61.0,27.0,7.2,221.0,High Moon Studios,M
4953,EA Sports Active 2,X360,2010.0,Sports,Electronic Arts,0.18,0.16,0.0,0.04,68.0,21.0,5.4,9.0,EA Canada,E
7144,Whirl Tour,PS2,2002.0,Sports,Crave Entertainment,0.11,0.09,0.0,0.03,58.0,9.0,7,5.0,Papaya Studios,E
256,Resistance: Fall of Man,PS3,2006.0,Shooter,Sony Computer Entertainment,1.74,1.72,0.14,0.75,86.0,70.0,8.1,715.0,Insomniac Games,M
10540,Capcom vs. SNK 2 EO,XB,2003.0,Fighting,Capcom,0.08,0.02,0.0,0.0,80.0,26.0,8.7,13.0,Capcom,T
288,World of Warcraft: The Burning Crusade,PC,2007.0,Role-Playing,Activision,2.57,1.52,0.0,0.0,91.0,46.0,7.9,785.0,Blizzard Entertainment,T
6287,Pro Race Driver,PS2,2002.0,Racing,Codemasters,0.13,0.1,0.0,0.03,81.0,22.0,8.5,20.0,Codemasters,T
8144,Senran Kagura: Estival Versus,PS4,2015.0,Action,Marvelous Interactive,0.08,0.0,0.08,0.02,67.0,25.0,8,96.0,Marvelous Inc.,M
7523,Midnight Club 3: DUB Edition Remix,XB,2006.0,Racing,Take-Two Interactive,0.15,0.04,0.0,0.01,87.0,16.0,5.3,18.0,Rockstar San Diego,E10+
9774,NCIS,PS3,2011.0,Adventure,Ubisoft,0.07,0.04,0.0,0.02,50.0,4.0,4,4.0,Ubisoft,T
11497,Samurai Shodown Sen,X360,2009.0,Fighting,Rising Star Games,0.07,0.01,0.0,0.01,46.0,33.0,5.2,12.0,K2 LLC,M
7275,Hunted: The Demon's Forge,X360,2011.0,Action,Bethesda Softworks,0.13,0.06,0.0,0.02,61.0,59.0,6,116.0,InXile Entertainment,M
12531,Big Bang Mini,DS,2009.0,Shooter,SouthPeak Games,0.05,0.0,0.0,0.0,78.0,39.0,8.2,26.0,Arkedo Studio,E
1280,Sonic Rivals 2,PSP,2007.0,Racing,Sega,0.44,0.67,0.0,0.37,60.0,24.0,7.8,35.0,Backbone Entertainment,E
9375,Life is Strange,XOne,2016.0,Adventure,Square Enix,0.09,0.03,0.0,0.01,85.0,4.0,8.7,123.0,DONTNOD Entertainment,M
1112,Star Wars The Clone Wars: Lightsaber Duels,Wii,2008.0,Action,LucasArts,1.21,0.3,0.0,0.14,56.0,24.0,6.7,18.0,Krome Studios,T
7612,NBA 07,PSP,2006.0,Sports,Sony Computer Entertainment,0.18,0.0,0.0,0.02,68.0,24.0,7,5.0,SCEA,E
4221,Harry Potter and the Order of the Phoenix,Wii,2007.0,Action,Electronic Arts,0.38,0.05,0.0,0.04,69.0,34.0,7.2,28.0,EA Games,E10+
13690,Ride to Hell,PS3,2013.0,Racing,Deep Silver,0.02,0.01,0.0,0.01,13.0,4.0,1,218.0,"Eutechnyx, Deep Silver",M
13007,UEFA Champions League 2006-2007,X360,2007.0,Sports,Electronic Arts,0.04,0.01,0.0,0.0,72.0,27.0,8.2,10.0,EA Canada,E
267,Batman: Arkham Asylum,PS3,2009.0,Action,Eidos Interactive,2.24,1.31,0.07,0.61,91.0,70.0,8.9,1122.0,Rocksteady Studios,T
6939,Birds of Steel,PS3,2012.0,Simulation,Konami Digital Entertainment,0.1,0.08,0.02,0.03,73.0,27.0,8.4,18.0,Gaijin Entertainment,T
12393,NHL 2K9,Wii,2008.0,Sports,Take-Two Interactive,0.06,0.0,0.0,0.0,65.0,11.0,5.4,19.0,Visual Concepts,E10+
5821,NBA Live 08,PSP,2007.0,Sports,Electronic Arts,0.28,0.0,0.0,0.02,73.0,11.0,6.2,5.0,EA Canada,E
11586,Assassin's Creed: Rogue,PC,2015.0,Action,Ubisoft,0.05,0.02,0.0,0.01,74.0,25.0,7.5,362.0,Ubisoft,M
13267,NASCAR Heat Evolution,PS4,2016.0,Racing,Dusenberry Martin Racing,0.04,0.0,0.0,0.01,66.0,8.0,3.8,18.0,Dusenberry Martin Racing,E
4759,Spider-Man: Web of Shadows,X360,2008.0,Action,Activision,0.36,0.02,0.0,0.03,68.0,57.0,8.6,87.0,Shaba Games,T
13874,Dead Rising,PS4,2016.0,Action,Capcom,0.02,0.0,0.01,0.01,78.0,6.0,6.6,30.0,Capcom,M
652,Need for Speed: ProStreet,PS2,2007.0,Racing,Electronic Arts,0.69,0.0,0.04,1.68,62.0,11.0,6.2,34.0,Black Box,E10+
3473,Rayman Legends,PS3,2013.0,Platform,Ubisoft,0.14,0.34,0.0,0.1,91.0,23.0,8.7,310.0,Ubisoft Montpellier,E10+
7217,Touch the Dead,DS,2007.0,Shooter,Eidos Interactive,0.2,0.0,0.0,0.02,56.0,31.0,5.6,5.0,Secret Stash Games,M
15744,Invizimals: The Lost Kingdom,PS3,2013.0,Action,Sony Computer Entertainment,0.0,0.02,0.0,0.0,50.0,16.0,5,14.0,Magenta Software,E10+
8525,NPPL: Championship Paintball 2009,PS3,2008.0,Shooter,Activision Value,0.15,0.0,0.0,0.01,45.0,9.0,7.4,10.0,FUN Labs,E10+
5019,Ghost Trick: Phantom Detective,DS,2010.0,Adventure,Capcom,0.17,0.07,0.12,0.02,83.0,60.0,9,127.0,Capcom,T
8153,Charlie and the Chocolate Factory,GC,2005.0,Adventure,Global Star,0.14,0.04,0.0,0.0,39.0,16.0,3.2,6.0,"High Voltage Software, Backbone Entertainment",E
13433,Wonder World Amusement Park,Wii,2008.0,Misc,Majesco Entertainment,0.04,0.0,0.0,0.0,37.0,9.0,4.5,4.0,Coyote Console,E
5286,Assassin's Creed III,WiiU,2012.0,Action,Ubisoft,0.19,0.13,0.0,0.03,85.0,26.0,7.1,216.0,Ubisoft Quebec,M
10656,Rolling Stone: Drum King,Wii,2009.0,Misc,505 Games,0.09,0.0,0.0,0.01,32.0,4.0,1.8,4.0,505 Games,T
3603,Tetris Party Deluxe,Wii,2010.0,Puzzle,Nintendo,0.33,0.16,0.02,0.05,72.0,19.0,5.8,4.0,"Tetris Online, Inc",E
9143,The Orange Box,PC,2007.0,Shooter,Electronic Arts,0.0,0.11,0.0,0.03,96.0,34.0,9.3,1495.0,Valve Software,M
16122,NBA 2K17,PC,2016.0,Sports,Take-Two Interactive,0.0,0.01,0.0,0.0,90.0,6.0,6.3,52.0,Visual Concepts,E
730,LEGO Marvel Super Heroes,X360,2013.0,Action,Warner Bros. Interactive Entertainment,1.24,0.79,0.0,0.19,80.0,37.0,7.6,127.0,TT Games,E10+
7228,Magna Carta: Tears of Blood,PS2,2004.0,Role-Playing,505 Games,0.11,0.08,0.0,0.03,66.0,34.0,7,22.0,SoftMax,T
14121,S.T.A.L.K.E.R.: Clear Sky,PC,2008.0,Shooter,Deep Silver,0.0,0.03,0.0,0.01,75.0,47.0,7.7,478.0,GSC Game World,M
1745,Sonic the Hedgehog,PS3,2006.0,Platform,Sega,0.41,0.06,0.04,0.66,43.0,17.0,4.1,176.0,Sonic Team,E10+
6987,Virtua Tennis 4,X360,2011.0,Sports,Sega,0.11,0.09,0.01,0.02,70.0,37.0,6.2,12.0,Sega,E
3853,Silent Hill: Origins,PSP,2007.0,Action,Konami Digital Entertainment,0.22,0.15,0.04,0.1,78.0,40.0,7.8,107.0,"Climax Group, Climax Studios",M
5221,Spider-Man: Shattered Dimensions,X360,2010.0,Action,Activision,0.24,0.08,0.0,0.03,76.0,68.0,7.6,96.0,Beenox,T
5902,Showdown: Legends of Wrestling,PS2,2004.0,Fighting,Acclaim Entertainment,0.15,0.11,0.0,0.04,55.0,24.0,6.1,7.0,Acclaim,T
3388,Dead Space,PC,2008.0,Action,Electronic Arts,0.0,0.53,0.0,0.06,86.0,28.0,8,1093.0,EA Redwood Shores,M
9487,Cabela's Alaskan Adventure,X360,2006.0,Sports,Activision,0.12,0.0,0.0,0.01,48.0,11.0,5.6,17.0,FUN Labs,T
7379,Disgaea D2: A Brighter Darkness,PS3,2013.0,Role-Playing,Nippon Ichi Software,0.09,0.0,0.1,0.02,74.0,37.0,8.1,61.0,Nippon Ichi Software,T
1156,Silent Hill,PS,1999.0,Action,Konami Digital Entertainment,0.71,0.48,0.3,0.1,86.0,17.0,9.2,326.0,KCET,M
11193,Karaoke Revolution,XB,2004.0,Misc,Konami Digital Entertainment,0.06,0.02,0.0,0.0,80.0,13.0,8.5,4.0,Secret Level,E
6216,Virtua Fighter 5 Online,X360,2007.0,Fighting,Sega,0.2,0.02,0.03,0.02,89.0,36.0,7.6,62.0,Sega AM2,T
32,Call of Duty: Black Ops,X360,2010.0,Shooter,Activision,9.7,3.68,0.11,1.13,87.0,89.0,6.3,1454.0,Treyarch,M
13292,Dynasty Warriors Vol. 2,PSP,2006.0,Action,Tecmo Koei,0.04,0.0,0.0,0.0,57.0,28.0,8.1,8.0,Omega Force,T
5970,NBA Live 06,X360,2005.0,Sports,Electronic Arts,0.27,0.0,0.0,0.02,64.0,35.0,5.6,16.0,EA Canada,E
1336,WWE SmackDown vs Raw 2008,X360,2007.0,Fighting,THQ,0.92,0.38,0.0,0.13,71.0,41.0,6.8,48.0,Yuke's,T
10063,Fatal Frame: Maiden of Black Water,WiiU,2014.0,Action,Nintendo,0.0,0.03,0.08,0.0,67.0,58.0,7.6,226.0,Koei Tecmo Games,M
1610,Star Wars Episode III: Revenge of the Sith,XB,2005.0,Action,Activision,0.82,0.38,0.0,0.04,61.0,44.0,8.1,54.0,Double Helix Games,T
939,Chrono Cross,PS,1999.0,Role-Playing,SquareSoft,0.62,0.42,0.69,0.12,94.0,16.0,8.1,297.0,SquareSoft,T
4023,The Matrix: Path of Neo,PS2,2005.0,Action,Atari,0.41,0.01,0.0,0.07,69.0,42.0,7.9,42.0,Shiny Entertainment,T
16027,Quantum Break,PC,2016.0,Action,Microsoft Game Studios,0.0,0.01,0.0,0.0,66.0,14.0,4.3,539.0,Remedy Entertainment,M
14689,Race Driver 2006,PSP,2006.0,Racing,Codemasters,0.03,0.0,0.0,0.0,81.0,16.0,8.5,6.0,Sumo Digital,T
3270,NieR,PS3,2010.0,Role-Playing,Square Enix,0.17,0.18,0.2,0.07,68.0,58.0,8.4,263.0,Cavia Inc.,M
2877,Spyro: Enter the Dragonfly,GC,2002.0,Platform,Universal Interactive,0.55,0.14,0.0,0.02,48.0,13.0,5.1,24.0,Equinoxe,E
1741,Midnight Club 3: DUB Edition Remix,PS2,2006.0,Racing,Take-Two Interactive,0.97,0.04,0.0,0.16,85.0,19.0,8.9,53.0,Rockstar San Diego,E10+
2651,Need for Speed: Porsche Unleashed,PS,1999.0,Racing,Electronic Arts,0.43,0.29,0.0,0.05,78.0,13.0,8.5,24.0,Eden Studios,E
11326,Nano Assault,3DS,2011.0,Shooter,Majesco Entertainment,0.08,0.0,0.0,0.01,75.0,8.0,7.7,18.0,Shin'en,E10+
6641,Men of Valor,XB,2004.0,Shooter,Vivendi Games,0.19,0.05,0.0,0.01,73.0,47.0,8,8.0,2015,M
5646,Folklore,PS3,2007.0,Role-Playing,Sony Computer Entertainment,0.2,0.04,0.05,0.03,75.0,55.0,8.2,145.0,"Game Republic, JapanStudio",T
11452,Persona 4: Arena Ultimax,X360,2014.0,Fighting,Atlus,0.06,0.01,0.0,0.01,85.0,15.0,7.4,35.0,Arc System Works,T
1821,Rabbids Go Home,Wii,2009.0,Platform,Ubisoft,0.25,0.74,0.0,0.14,78.0,50.0,8.3,32.0,Ubisoft Montpellier,E10+
1330,Disney Infinity,X360,2013.0,Action,Disney Interactive Studios,0.97,0.34,0.0,0.13,74.0,38.0,6.5,79.0,Avalanche Software,E10+
13936,Stolen,PS2,2005.0,Action,Hip Interactive,0.02,0.01,0.0,0.0,51.0,16.0,7.4,16.0,Blue 52,T
2110,Tom Clancy's Splinter Cell: Blacklist,X360,2013.0,Action,Ubisoft,0.57,0.32,0.01,0.08,82.0,58.0,7.5,383.0,Ubisoft Toronto,M
4691,NHL 15,XOne,2014.0,Sports,Electronic Arts,0.31,0.06,0.0,0.04,59.0,22.0,3.2,180.0,EA Sports,E10+
1660,Dino Crisis 2,PS,2000.0,Action,Virgin Interactive,0.34,0.49,0.28,0.1,86.0,13.0,9,91.0,Capcom,M
15815,Aedis Eclipse: Generation of Chaos,PSP,2006.0,Role-Playing,Idea Factory,0.02,0.0,0.0,0.0,62.0,20.0,6.5,11.0,"Neverland, Idea Factory",E10+
6669,Cars,X360,2006.0,Racing,THQ,0.22,0.01,0.0,0.02,65.0,16.0,6.1,8.0,Rainbow Studios,E
15258,Plants vs. Zombies: Garden Warfare,PC,2014.0,Shooter,Electronic Arts,0.0,0.02,0.0,0.0,78.0,11.0,7.8,186.0,PopCap,E10+
15964,LEGO Star Wars II: The Original Trilogy,PC,2006.0,Action,Activision,0.0,0.01,0.0,0.0,86.0,20.0,8.2,64.0,Traveller's Tales,E10+
7200,Tetris Worlds,GC,2002.0,Puzzle,THQ,0.17,0.04,0.0,0.01,47.0,10.0,5.6,8.0,Radical Entertainment,E
2199,NCAA Football 10,X360,2009.0,Sports,Electronic Arts,0.87,0.0,0.0,0.07,83.0,26.0,6.7,37.0,EA Tiburon,E
4640,TRON: Evolution,PS3,2010.0,Action,Disney Interactive Studios,0.27,0.09,0.0,0.05,58.0,47.0,6.2,28.0,Propaganda Games,T
2399,Red Faction: Guerrilla,X360,2009.0,Shooter,THQ,0.48,0.29,0.01,0.09,85.0,84.0,8.1,237.0,Volition Inc.,M
5487,Fight Night Round 3,XB,2006.0,Fighting,Electronic Arts,0.26,0.06,0.0,0.01,83.0,32.0,9,21.0,EA Chicago,T
13063,Operation Flashpoint: Dragon Rising,PC,2009.0,Shooter,Codemasters,0.02,0.03,0.0,0.01,76.0,29.0,4.9,539.0,Codemasters,M
7336,Conflict Zone,PS2,2002.0,Strategy,Ubisoft,0.1,0.08,0.0,0.03,47.0,7.0,7.4,8.0,MASA Group,T
1405,Sonic Generations,X360,2011.0,Platform,Sega,0.71,0.53,0.0,0.13,77.0,49.0,8.3,340.0,"Sega, Sonic Team",E
6973,Dynasty Warriors: Gundam Reborn,PS3,2013.0,Action,Tecmo Koei,0.0,0.0,0.23,0.0,64.0,35.0,7.5,25.0,Omega Force,T
2625,Dead Island: Riptide,X360,2013.0,Action,Deep Silver,0.44,0.26,0.01,0.07,57.0,43.0,6.3,192.0,Techland,M
10389,Dragon Ball Z: Battle of Z,PSV,2014.0,Fighting,Namco Bandai Games,0.0,0.04,0.06,0.01,66.0,7.0,7.5,54.0,Artdink,T
3916,Dynasty Warriors,PSP,2004.0,Action,Tecmo Koei,0.18,0.0,0.3,0.02,62.0,26.0,7.3,24.0,Koei,T
9922,Cruis'n,Wii,2007.0,Racing,Midway Games,0.1,0.01,0.0,0.01,25.0,7.0,3.7,18.0,Midway Studios - San Diego,E
5195,BlazBlue: Calamity Trigger,X360,2009.0,Fighting,PQube,0.21,0.08,0.04,0.03,86.0,51.0,8.5,70.0,Arc System Works,T
435,Animal Crossing,GC,2001.0,Simulation,Nintendo,1.92,0.16,0.99,0.09,87.0,42.0,8.9,137.0,Nintendo,E
1775,WWE 2K15,PS4,2014.0,Sports,Take-Two Interactive,0.39,0.57,0.0,0.19,62.0,44.0,5.1,164.0,Yuke's,T
4007,Spider-Man 2,DS,2004.0,Action,Activision,0.41,0.02,0.03,0.04,61.0,46.0,5,6.0,Vicarious Visions,E
3181,NBA Live 08,PS3,2007.0,Sports,Electronic Arts,0.56,0.02,0.01,0.05,73.0,28.0,6.8,10.0,EA Canada,E
7563,X2: Wolverine's Revenge,GBA,2003.0,Platform,Activision,0.14,0.05,0.0,0.0,72.0,8.0,7.2,5.0,Vicarious Visions,E
2338,Pure,PS3,2008.0,Racing,Disney Interactive Studios,0.42,0.33,0.0,0.14,83.0,43.0,7.8,30.0,Black Rock Studio,E
1885,Star Wars: Bounty Hunter,PS2,2002.0,Shooter,LucasArts,0.53,0.42,0.0,0.14,65.0,32.0,8.3,33.0,LucasArts,T
7689,Untold Legends: Dark Kingdom,PS3,2006.0,Role-Playing,Electronic Arts,0.14,0.02,0.02,0.02,58.0,40.0,7.2,36.0,Sony Online Entertainment,T
5773,Pandora's Tower,Wii,2011.0,Role-Playing,Nintendo,0.11,0.1,0.08,0.02,73.0,48.0,8,99.0,Ganbarion,T
5584,Eternal Sonata,X360,2007.0,Role-Playing,Atari,0.19,0.04,0.08,0.02,79.0,56.0,7.9,97.0,Tri-Crescendo,T
13869,Headhunter: Redemption,PS2,2004.0,Action,Sega,0.02,0.01,0.0,0.0,62.0,29.0,6.7,7.0,Amuze,M
7004,The Lord of the Rings: Aragorn's Quest,Wii,2010.0,Action,Warner Bros. Interactive Entertainment,0.17,0.05,0.0,0.02,58.0,21.0,7.8,5.0,Headstrong Games,T
4030,GoldenEye: Rogue Agent,XB,2004.0,Shooter,Electronic Arts,0.34,0.13,0.0,0.02,61.0,55.0,7.2,20.0,EA LA,T
1437,Battlefield 4,PC,2013.0,Shooter,Electronic Arts,0.39,0.87,0.0,0.1,81.0,52.0,6,3517.0,EA DICE,M
9527,Green Lantern: Rise of the Manhunters,3DS,2011.0,Action,Warner Bros. Interactive Entertainment,0.09,0.03,0.0,0.01,42.0,6.0,3.9,7.0,Griptonite Games,E10+
3102,Mortal Kombat,PSV,2012.0,Fighting,Warner Bros. Interactive Entertainment,0.42,0.13,0.0,0.1,85.0,51.0,7.8,192.0,NetherRealm Studios,M
11857,The King of Fighters Collection: The Orochi Saga,PSP,2008.0,Fighting,Ignition Entertainment,0.07,0.0,0.0,0.0,61.0,16.0,7,9.0,SNK Playmore,T
6836,Crash Tag Team Racing,PSP,2005.0,Racing,Vivendi Games,0.16,0.05,0.0,0.03,68.0,9.0,7.1,25.0,Radical Entertainment,E10+
5393,Tenchu Z,X360,2006.0,Action,Microsoft Game Studios,0.27,0.02,0.02,0.03,56.0,51.0,7.3,58.0,K2 LLC,M
449,Resident Evil 6,PS3,2012.0,Shooter,Capcom,0.88,0.94,0.88,0.4,74.0,34.0,5.4,1304.0,Capcom,M
3621,Dora The Explorer: Dora Saves the Snow Princess,Wii,2008.0,Platform,Take-Two Interactive,0.49,0.02,0.0,0.04,47.0,4.0,7,5.0,High Voltage Software,E
2317,NBA Live 2005,XB,2004.0,Sports,Electronic Arts,0.81,0.05,0.0,0.04,85.0,28.0,7.6,14.0,EA Canada,E
1890,Skate 2,X360,2009.0,Sports,Electronic Arts,0.82,0.17,0.01,0.09,84.0,70.0,8,72.0,EA Black Box,T
1155,Just Cause 2,X360,2010.0,Action,Square Enix,0.59,0.83,0.02,0.17,81.0,74.0,8,267.0,Avalanche Studios,M
16068,Assetto Corsa,XOne,2016.0,Racing,505 Games,0.0,0.01,0.0,0.0,63.0,9.0,6.7,27.0,Kunos Simulazioni,E
12276,Alan Wake,PC,2012.0,Action,Nordic Games,0.0,0.06,0.0,0.01,83.0,30.0,8,1473.0,Remedy Entertainment,T
2997,RIFT,PC,2011.0,Role-Playing,Unknown,0.44,0.16,0.0,0.07,84.0,59.0,7.3,561.0,Trion Worlds,T
13885,SWAT: Target Liberty,PSP,2007.0,Shooter,Vivendi Games,0.03,0.0,0.0,0.0,50.0,26.0,7.7,9.0,3G Studios,T
5349,Transformers: Dark of the Moon,PS3,2011.0,Action,Activision,0.11,0.18,0.0,0.06,57.0,41.0,5.6,27.0,High Moon Studios,T
7717,The Hobbit,GBA,2003.0,Platform,Vivendi Games,0.14,0.05,0.0,0.0,67.0,6.0,9.2,17.0,Saffire,E
4392,Skylanders: Trap Team,PS4,2014.0,Action,Activision,0.19,0.18,0.0,0.07,78.0,46.0,5.6,32.0,Toys for Bob,E10+
2503,James Bond 007: Nightfire,XB,2002.0,Shooter,Electronic Arts,0.58,0.22,0.0,0.03,78.0,30.0,7.8,25.0,Eurocom Entertainment Software,T
2846,MLB 09: The Show,PS3,2009.0,Sports,Sony Computer Entertainment,0.66,0.0,0.0,0.06,90.0,27.0,8.1,61.0,SCEA San Diego Studios,E
10569,The Ant Bully,PS2,2006.0,Platform,Midway Games,0.05,0.04,0.0,0.01,52.0,19.0,4.2,6.0,Artificial Mind and Movement,E10+
8765,Enthusia Professional Racing,PS2,2005.0,Racing,Konami Digital Entertainment,0.07,0.06,0.0,0.02,70.0,43.0,7.6,17.0,Konami,E
1729,Cabela's Dangerous Hunts,PS2,2003.0,Sports,Zoo Digital Publishing,0.57,0.45,0.0,0.15,57.0,4.0,8.4,37.0,Sand Grain Studios,T
4824,The Urbz: Sims in the City,GC,2004.0,Simulation,Electronic Arts,0.24,0.14,0.0,0.02,73.0,19.0,8.4,16.0,Maxis,T
13371,NightCaster II: Equinox,XB,2002.0,Action,Jaleco,0.03,0.01,0.0,0.0,46.0,12.0,7,4.0,Jaleco Entertainment,T
12768,The Sims 2: University,PC,2005.0,Simulation,Electronic Arts,0.01,0.04,0.0,0.01,81.0,31.0,7.8,49.0,Maxis,T
15356,Quake 4,PC,2005.0,Shooter,Activision,0.0,0.02,0.0,0.0,81.0,62.0,7.6,281.0,Raven Software,M
9336,Blade II,XB,2002.0,Action,Activision,0.1,0.03,0.0,0.0,53.0,20.0,4,4.0,Mucky Foot Productions,M
10970,Shrek SuperSlam,XB,2005.0,Action,Activision,0.07,0.02,0.0,0.0,71.0,20.0,9.3,4.0,Shaba Games,E10+
16553,Sega Rally Revo,PC,2007.0,Racing,Sega,0.0,0.01,0.0,0.0,74.0,9.0,7.6,18.0,SEGA Racing Studio,E
12129,Microsoft Flight Simulator 2004: A Century of Flight,PC,2003.0,Simulation,Microsoft Game Studios,0.0,0.06,0.0,0.01,88.0,22.0,8.2,49.0,Microsoft Game Studios,E
8128,Commandos 2: Men of Courage,PS2,2002.0,Strategy,Eidos Interactive,0.09,0.07,0.0,0.02,67.0,19.0,6.8,11.0,Pyro Studios,T
10577,Terraria,PSV,2013.0,Action,Screenlife,0.0,0.01,0.09,0.0,85.0,17.0,7.8,112.0,Engine Software,T
5950,Outlaw Golf,XB,2002.0,Sports,TDK Mediactive,0.22,0.06,0.0,0.01,72.0,23.0,6.9,9.0,Simon & Schuster,T
9463,Mega Man Anniversary Collection,XB,2005.0,Platform,Capcom,0.1,0.03,0.0,0.0,80.0,12.0,9.2,5.0,Atomic Planet Entertainment,E
5298,Need for Speed Carbon,GC,2006.0,Racing,Electronic Arts,0.27,0.07,0.0,0.01,75.0,12.0,7.8,14.0,EA Canada,E10+
13001,Dead Island Definitive Collection,XOne,2016.0,Action,Deep Silver,0.02,0.03,0.0,0.0,67.0,10.0,4.9,18.0,Techland,M
2755,Need for Speed: Shift,PSP,2009.0,Racing,Electronic Arts,0.16,0.37,0.01,0.21,69.0,11.0,6.5,31.0,EA Bright Light,E
3139,WWE 2K15,X360,2014.0,Sports,Take-Two Interactive,0.38,0.2,0.0,0.06,50.0,5.0,4,65.0,Yuke's,T
7188,Shinobi,3DS,2011.0,Platform,Sega,0.14,0.07,0.0,0.02,69.0,33.0,7.3,33.0,Griptonite Games,T
5234,Harry Potter and the Chamber of Secrets,XB,2002.0,Action,Electronic Arts,0.27,0.08,0.0,0.01,77.0,13.0,7.2,12.0,Eurocom Entertainment Software,E
7231,Capcom vs. SNK,DC,2000.0,Fighting,Virgin Interactive,0.0,0.0,0.22,0.0,80.0,17.0,9,24.0,Capcom,T
2889,Dragon Ball: Xenoverse 2,PS4,2016.0,Action,Namco Bandai Games,0.24,0.27,0.09,0.1,73.0,54.0,7.8,117.0,Dimps Corporation,T
6321,NASCAR 06: Total Team Control,XB,2005.0,Racing,Electronic Arts,0.2,0.06,0.0,0.01,79.0,25.0,5.9,7.0,EA Sports,E
6740,Major League Baseball 2K7,PS3,2007.0,Sports,Spike,0.23,0.0,0.0,0.02,74.0,19.0,4.7,7.0,Kush Games,E
6126,Fable: The Journey,X360,2012.0,Role-Playing,Microsoft Game Studios,0.18,0.08,0.0,0.02,61.0,70.0,4.8,80.0,Lionhead Studios,T
2194,Skylanders: Spyro's Adventure,PS3,2011.0,Action,Activision,0.39,0.39,0.0,0.16,77.0,18.0,4.8,42.0,Toys for Bob,E10+
5444,NHL 17,PS4,2016.0,Sports,Electronic Arts,0.19,0.08,0.0,0.06,78.0,26.0,5.8,67.0,"EA Canada, EA Vancouver",E10+
8085,Mega Man X: Command Mission,PS2,2004.0,Role-Playing,Capcom,0.09,0.07,0.0,0.02,69.0,27.0,7.1,18.0,"Valuewave Co.,Ltd.",E
6196,Bass Strike,PS2,2001.0,Sports,THQ,0.14,0.11,0.0,0.04,57.0,11.0,5.8,4.0,THQ,E
1780,Shadow of the Colossus,PS2,2005.0,Action,Sony Computer Entertainment,0.78,0.03,0.2,0.13,91.0,77.0,9.1,933.0,SCE Japan Studio,T
2959,Prince of Persia: The Forgotten Sands,PS3,2010.0,Action,Ubisoft,0.19,0.36,0.01,0.12,75.0,49.0,7.6,120.0,Ubisoft Montreal,T
9716,Puzzle Quest: Challenge of the Warlords,PS2,2007.0,Puzzle,D3Publisher,0.06,0.05,0.0,0.02,78.0,11.0,7,6.0,Infinite Interactive,E10+
9571,Portal Runner,PS2,2001.0,Platform,3DO,0.06,0.05,0.0,0.02,53.0,18.0,6.7,6.0,3DO,E
349,Pro Evolution Soccer 2008,PS2,2007.0,Sports,Konami Digital Entertainment,0.05,0.0,0.64,2.93,82.0,10.0,7.9,38.0,Konami,E
13385,Pro Evolution Soccer 2017,XOne,2016.0,Sports,Konami Digital Entertainment,0.01,0.03,0.0,0.0,87.0,12.0,6.1,84.0,Konami,E
42,Grand Theft Auto V,PS4,2014.0,Action,Take-Two Interactive,3.96,6.31,0.38,1.97,97.0,66.0,8.3,2899.0,Rockstar North,M
801,Tetris Worlds,PS2,2002.0,Puzzle,THQ,1.11,0.71,0.0,0.27,44.0,7.0,6.2,11.0,Blue Planet Software,E
8944,Lego Star Wars: The Force Awakens,WiiU,2016.0,Action,Warner Bros. Interactive Entertainment,0.06,0.07,0.01,0.01,74.0,6.0,8,11.0,TT Games,E10+
981,Midnight Club II,PS2,2003.0,Racing,Take-Two Interactive,1.25,0.29,0.0,0.24,85.0,41.0,8.5,47.0,Rockstar San Diego,T
6408,Call of Juarez: The Cartel,X360,2011.0,Shooter,Ubisoft,0.14,0.1,0.0,0.03,47.0,62.0,5.7,109.0,Techland,M
3458,NHL 12,PS3,2011.0,Sports,Electronic Arts,0.36,0.15,0.0,0.07,86.0,33.0,7.5,52.0,Electronic Arts,E10+
7852,Naruto: Ninja Destiny,DS,2006.0,Fighting,Namco Bandai Games,0.02,0.01,0.16,0.0,61.0,22.0,4.4,10.0,Takara Tomy,T
3091,Radiata Stories,PS2,2005.0,Role-Playing,Square Enix,0.18,0.14,0.29,0.05,74.0,36.0,9,54.0,Tri-Ace,T
9624,Indianapolis 500 Legends,Wii,2007.0,Racing,Destineer,0.12,0.0,0.0,0.01,47.0,10.0,6.7,7.0,Torus Games,E
2756,Dark Souls II,X360,2014.0,Role-Playing,Namco Bandai Games,0.48,0.18,0.01,0.07,91.0,30.0,7.9,915.0,From Software,T
4812,MLB 2006,PS2,2005.0,Sports,Sony Computer Entertainment,0.33,0.01,0.0,0.05,81.0,32.0,9,21.0,989 Sports,E
916,Game Party 2,Wii,2008.0,Misc,Midway Games,1.28,0.43,0.0,0.17,29.0,7.0,4.6,7.0,Midway,E
1616,Ninja Gaiden,XB,2004.0,Action,Microsoft Game Studios,0.92,0.2,0.07,0.04,91.0,89.0,8.8,152.0,Team Ninja,M
2146,Guitar Hero: Warriors of Rock,Wii,2010.0,Misc,Activision,0.47,0.4,0.0,0.09,77.0,26.0,7.5,17.0,"Vicarious Visions, Neversoft Entertainment",T
5087,"Monsters, Inc. Scream Arena",GC,2002.0,Platform,THQ,0.29,0.07,0.0,0.01,39.0,7.0,4.7,14.0,Radical Entertainment,E
1833,Crackdown 2,X360,2010.0,Shooter,Microsoft Game Studios,0.63,0.36,0.02,0.1,70.0,91.0,6,202.0,Ruffian Games,M
10138,Hot Wheels Velocity X,GC,2002.0,Racing,THQ,0.09,0.02,0.0,0.0,55.0,4.0,6.4,5.0,Beyond Games,E
12319,Aggressive Inline,XB,2002.0,Sports,Acclaim Entertainment,0.05,0.01,0.0,0.0,85.0,20.0,7.7,7.0,"Z-Axis, Ltd.",T
782,Need for Speed: Hot Pursuit 2,PS2,2002.0,Racing,Electronic Arts,1.68,0.31,0.02,0.09,89.0,31.0,8.5,92.0,Black Box,E
7038,Carnival Island,PS3,2011.0,Misc,Sony Computer Entertainment,0.13,0.06,0.0,0.04,66.0,25.0,5.2,5.0,Magic Pixel Games,E
11859,Aero Elite: Combat Academy,PS2,2002.0,Simulation,Sega,0.04,0.03,0.0,0.01,64.0,18.0,7,8.0,Sega AM2,E
4838,NBA Live 2002,XB,2001.0,Sports,Electronic Arts,0.35,0.03,0.0,0.02,76.0,15.0,7.5,6.0,Electronic Arts,E
2401,Conflict: Desert Storm,XB,2002.0,Shooter,SCi,0.48,0.37,0.0,0.02,65.0,14.0,8.1,17.0,SCi,T
7702,X-Men Origins: Wolverine,DS,2009.0,Action,Activision,0.15,0.03,0.0,0.02,55.0,8.0,8.1,8.0,Griptonite Games,E10+
2152,Sniper Elite V2,PS3,2012.0,Shooter,505 Games,0.38,0.38,0.06,0.14,70.0,21.0,6.9,92.0,Rebellion,M
7233,Aliens vs Predator: Requiem,PSP,2007.0,Action,Vivendi Games,0.03,0.12,0.0,0.07,49.0,34.0,5.6,19.0,Rebellion,T
10811,Cartoon Network: Punch Time Explosion,3DS,2011.0,Fighting,Deep Silver,0.07,0.02,0.0,0.01,58.0,16.0,5.9,28.0,Papaya Studios,E10+
2947,MotionSports,X360,2010.0,Sports,Ubisoft,0.38,0.25,0.0,0.06,40.0,30.0,4.4,9.0,Ubisoft Milan,T
3878,The 3rd Birthday,PSP,2010.0,Role-Playing,Square Enix,0.13,0.07,0.27,0.05,71.0,56.0,6.1,113.0,HexaDrive,M
7719,Tom Clancy's Splinter Cell: Essentials,PSP,2006.0,Shooter,Ubisoft,0.17,0.01,0.0,0.02,58.0,37.0,7.5,39.0,Ubisoft,M
3023,The Sims 3,DS,2010.0,Simulation,Electronic Arts,0.38,0.22,0.0,0.06,73.0,9.0,6.4,20.0,Exient Entertainment,E
3541,Top Spin 3,PS3,2008.0,Action,Take-Two Interactive,0.08,0.36,0.0,0.12,75.0,36.0,7.5,20.0,Pam Development,E
3279,Cooking Mama 4: Kitchen Magic!,3DS,2011.0,Simulation,505 Games,0.5,0.07,0.0,0.05,56.0,6.0,6,7.0,Cooking Mama Limited,E
8887,The King of Fighters XIV,PS4,2016.0,Fighting,Deep Silver,0.07,0.02,0.04,0.02,79.0,54.0,8.7,208.0,SNK Playmore,T
7319,College Hoops 2K7,X360,2006.0,Sports,Take-Two Interactive,0.2,0.0,0.0,0.02,82.0,22.0,8.2,12.0,2K Sports,E
2804,Persona 4: Arena,PS3,2012.0,Fighting,Atlus,0.3,0.11,0.24,0.07,86.0,47.0,7.7,180.0,Arc System Works,T
2211,The Sims 2,DS,2005.0,Simulation,Electronic Arts,0.81,0.05,0.0,0.07,70.0,13.0,6.1,24.0,Griptonite Games,E10+
3133,Crash: Twinsanity,PS2,2004.0,Platform,Vivendi Games,0.32,0.25,0.0,0.08,64.0,38.0,8,129.0,Traveller's Tales,E
8086,Tokyo Xtreme Racer DRIFT,PS2,2003.0,Racing,Genki,0.09,0.07,0.0,0.02,59.0,13.0,8.6,15.0,Genki,E
12966,Mighty No. 9,PS4,2016.0,Platform,Deep Silver,0.04,0.0,0.0,0.01,52.0,64.0,3.5,282.0,Inti Creates,E10+
8097,Gauntlet: Dark Legacy,GC,2002.0,Action,Midway Games,0.14,0.04,0.0,0.0,60.0,20.0,9.1,16.0,Midway,T
5938,Grandia II,PS2,2002.0,Role-Playing,Ubisoft,0.14,0.11,0.0,0.04,71.0,19.0,8.6,31.0,Game Arts,T
10132,AirForce Delta Strike,PS2,2004.0,Simulation,Konami Digital Entertainment,0.05,0.04,0.0,0.01,66.0,22.0,7,6.0,KCE Studios,T
2107,Dead Space 3,X360,2013.0,Action,Electronic Arts,0.64,0.26,0.0,0.08,78.0,68.0,6.4,694.0,Visceral Games,M
12965,Wakeboarding Unleashed Featuring Shaun Murray,XB,2003.0,Sports,Activision,0.04,0.01,0.0,0.0,80.0,23.0,8.8,9.0,Shaba Games,E
3973,Tactics Ogre: The Knight of Lodis,GBA,2001.0,Role-Playing,Nintendo,0.13,0.05,0.31,0.01,88.0,20.0,9.1,26.0,Quest,E
3286,Robotech: Battlecry,PS2,2002.0,Shooter,TDK Mediactive,0.3,0.23,0.0,0.08,72.0,20.0,8.5,8.0,Vicious Cycle,T
2367,Far Cry: Primal,XOne,2016.0,Action,Ubisoft,0.47,0.33,0.0,0.08,77.0,27.0,6.4,194.0,Ubisoft Montreal,M
10464,Tom Clancy's Splinter Cell: Chaos Theory,GC,2005.0,Action,Ubisoft,0.08,0.02,0.0,0.0,81.0,28.0,8.5,15.0,Ubisoft Montreal,M
6118,Final Fantasy VI Advance,GBA,2006.0,Role-Playing,Nintendo,0.0,0.0,0.28,0.01,92.0,25.0,8.4,190.0,TOSE,E10+
14209,Duke Nukem 3D: 20th Anniversary World Tour,PS4,2016.0,Shooter,Gearbox Software,0.03,0.0,0.0,0.01,77.0,15.0,6.9,15.0,Gearbox Software,M
1224,Dishonored,PS3,2012.0,Action,Bethesda Softworks,0.72,0.52,0.04,0.25,89.0,35.0,7.9,781.0,Arkane Studios,M
2592,[Prototype 2],X360,2012.0,Action,Activision,0.48,0.24,0.0,0.07,74.0,69.0,7,173.0,Radical Entertainment,M
3247,Red Steel 2,Wii,2010.0,Shooter,Ubisoft,0.35,0.2,0.01,0.06,80.0,73.0,8.6,178.0,Ubisoft Paris,T
2812,Katamari Damacy,PS2,2004.0,Puzzle,Namco Bandai Games,0.47,0.02,0.17,0.08,86.0,55.0,9,86.0,Namco,E
16163,Unreal Tournament 2003,PC,2002.0,Shooter,Atari,0.0,0.01,0.0,0.0,86.0,27.0,8.2,98.0,Digital Extremes,M
15379,Sniper Elite V2,WiiU,2013.0,Shooter,505 Games,0.0,0.02,0.0,0.0,58.0,5.0,5.8,30.0,Rebellion,M
7884,Armored Core: For Answer,PS3,2008.0,Simulation,Ubisoft,0.06,0.02,0.1,0.01,62.0,22.0,7.6,31.0,From Software,T
2249,South Park: The Stick of Truth,X360,2014.0,Role-Playing,Ubisoft,0.58,0.26,0.0,0.09,82.0,33.0,8.4,363.0,Obsidian Entertainment,M
2552,Dragon Ball: Raging Blast 2,PS3,2010.0,Fighting,Namco Bandai Games,0.42,0.18,0.11,0.09,60.0,27.0,7.5,63.0,Spike,T
7775,Disney's Magical Mirror Starring Mickey Mouse,GC,2002.0,Adventure,Nintendo,0.15,0.04,0.0,0.01,50.0,9.0,8.9,10.0,Capcom,E
3649,Rayman Origins,Wii,2011.0,Platform,Ubisoft,0.21,0.27,0.0,0.06,92.0,13.0,8.3,127.0,UBlart Montpellier,E10+
14774,MechAssault: Phantom War,DS,2006.0,Simulation,Majesco Entertainment,0.03,0.0,0.0,0.0,66.0,16.0,4.5,4.0,Backbone Entertainment,T
380,Battlefield 4,X360,2013.0,Shooter,Electronic Arts,2.15,1.01,0.02,0.31,79.0,21.0,5.6,542.0,EA DICE,M
1360,Rayman Raving Rabbids,Wii,2006.0,Misc,Ubisoft,1.22,0.06,0.02,0.11,76.0,54.0,7.9,116.0,Ubisoft Montpellier,E
3196,Wolfenstein,PS3,2009.0,Shooter,Activision,0.25,0.27,0.0,0.11,71.0,58.0,7.4,77.0,"id Software, Raven Software",M
2037,Rock Band 2,Wii,2008.0,Misc,MTV Games,0.93,0.01,0.0,0.08,92.0,10.0,7.7,45.0,Harmonix Music Systems,T
11316,Marvel Nemesis: Rise of the Imperfects,DS,2005.0,Fighting,Electronic Arts,0.08,0.0,0.0,0.01,34.0,6.0,6.5,16.0,"EA Canada, Sensory Sweep",E10+
8889,Sword Art Online: Hollow Realization,PSV,2016.0,Role-Playing,Namco Bandai Games,0.0,0.04,0.1,0.01,60.0,5.0,7,8.0,Bandai Namco Games,T
6596,Sega Rally Revo,PSP,2007.0,Racing,Sega,0.03,0.15,0.0,0.07,74.0,14.0,7.2,9.0,Bugbear,E
7976,Shadows of the Damned,X360,2011.0,Action,Electronic Arts,0.1,0.06,0.01,0.02,76.0,76.0,8.4,139.0,Grasshopper Manufacture,M
11511,High Heat Major League Baseball 2004,XB,2003.0,Sports,3DO,0.06,0.02,0.0,0.0,83.0,14.0,8.4,8.0,3DO,E
10216,Ninja Assault,PS2,2002.0,Shooter,Namco Bandai Games,0.05,0.04,0.0,0.01,60.0,17.0,5.3,4.0,Namco,T
8409,Time and Eternity,PS3,2012.0,Role-Playing,Nippon Ichi Software,0.06,0.03,0.06,0.02,42.0,40.0,5,78.0,"Image Epoch, Imageepoch",T
6293,Iron Man 2,X360,2010.0,Action,Sega,0.15,0.09,0.0,0.03,41.0,35.0,5.9,54.0,Sega Studios San Francisco,T
7652,Record of Agarest War,X360,2008.0,Role-Playing,Compile Heart,0.18,0.0,0.01,0.01,71.0,7.0,7,35.0,Compile Heart,T
1915,Call of Duty 3,PS2,2006.0,Shooter,Activision,0.89,0.03,0.0,0.15,82.0,14.0,7.4,83.0,Treyarch,T
9742,Red Faction II,XB,2003.0,Shooter,THQ,0.09,0.03,0.0,0.0,74.0,20.0,5.8,11.0,Outrage Games,M
5684,Tekken 6,PSP,2009.0,Fighting,Namco Bandai Games,0.15,0.03,0.1,0.03,82.0,39.0,8.2,68.0,"Namco Bandai Games America, Namco Bandai Games",T
109,Crash Bandicoot 3: Warped,PS,1998.0,Platform,Sony Computer Entertainment,3.68,1.75,1.42,0.28,91.0,12.0,8.9,432.0,Naughty Dog,E
9565,All-Star Baseball 2004,XB,2003.0,Sports,Acclaim Entertainment,0.1,0.03,0.0,0.0,74.0,20.0,8.4,7.0,Acclaim,E
2138,Dead Space 3,PS3,2013.0,Action,Electronic Arts,0.44,0.36,0.0,0.16,76.0,37.0,6.4,522.0,Visceral Games,M
14019,Bionicle Heroes,Wii,2007.0,Shooter,Eidos Interactive,0.03,0.0,0.0,0.0,52.0,7.0,5.8,5.0,Traveller's Tales,E10+
11137,Blazblue: Continuum Shift Extend,PS3,2011.0,Fighting,PQube,0.0,0.0,0.09,0.0,73.0,6.0,7.5,27.0,Arc System Works,T
742,Need for Speed: Hot Pursuit,X360,2010.0,Racing,Electronic Arts,1.03,0.96,0.0,0.21,88.0,73.0,7,206.0,Criterion Games,E10+
16380,Tiger Woods PGA Tour 2005,PC,2004.0,Sports,Electronic Arts,0.0,0.01,0.0,0.0,91.0,16.0,4.5,39.0,Headgate,E
15118,George of the Jungle and the Search for the Secret,Wii,2008.0,Platform,Ignition Entertainment,0.02,0.0,0.0,0.0,35.0,10.0,4,6.0,Crave,E
8290,PlayStation Move Heroes,PS3,2011.0,Platform,Sony Computer Entertainment,0.08,0.06,0.0,0.03,53.0,39.0,6.1,16.0,Nihilistic,E10+
16058,Drone Tactics,DS,2007.0,Strategy,Success,0.01,0.0,0.0,0.0,74.0,12.0,7.4,7.0,Success,E10+
4480,Tetris Axis,3DS,2011.0,Puzzle,Tetris Online,0.2,0.13,0.06,0.03,74.0,33.0,6.8,28.0,Hudson Soft,E
4521,Mobile Suit Gundam: Zeonic Front,PS2,2001.0,Simulation,Namco Bandai Games,0.09,0.07,0.25,0.02,71.0,12.0,8.8,23.0,Sunrise Interactive,T
2847,Borderlands: The Pre-Sequel,X360,2014.0,Shooter,Take-Two Interactive,0.46,0.19,0.01,0.07,74.0,16.0,6.4,161.0,2K Australia,M
7197,Dinosaur King,DS,2007.0,Strategy,Sega,0.2,0.0,0.0,0.02,61.0,13.0,8,9.0,Climax Entertainment,E
10416,Mind Zero,PSV,2013.0,Role-Playing,GungHo,0.05,0.0,0.04,0.02,59.0,13.0,6,72.0,Zerodiv,T
6131,SAW,X360,2009.0,Action,Konami Digital Entertainment,0.13,0.12,0.0,0.03,59.0,39.0,7.4,50.0,Zombie Studios,M
1947,Hulk,PS2,2003.0,Action,Universal Interactive,0.52,0.41,0.0,0.14,71.0,28.0,8.3,22.0,Radical Entertainment,T
15142,Demigod,PC,2009.0,Strategy,Atari,0.0,0.02,0.0,0.0,76.0,50.0,7.9,183.0,Gas Powered Games,T
5414,Teenage Mutant Ninja Turtles,GC,2003.0,Action,Konami Digital Entertainment,0.26,0.07,0.0,0.01,57.0,25.0,8,8.0,Konami,E
12176,God Hand,PS2,2006.0,Action,Capcom,0.0,0.0,0.07,0.0,73.0,48.0,7.7,165.0,Clover Studio,M
15408,Sacred 3,PC,2014.0,Role-Playing,Deep Silver,0.0,0.02,0.0,0.0,57.0,47.0,1.4,544.0,Deep Silver,M
1834,The Beatles: Rock Band,PS3,2009.0,Misc,MTV Games,0.67,0.29,0.0,0.15,88.0,60.0,8.7,59.0,Harmonix Music Systems,T
8962,Tom Clancy's Ghost Recon,GC,2003.0,Shooter,Ubisoft,0.11,0.03,0.0,0.0,59.0,15.0,5.4,17.0,Red Storm Entertainment,M
23,Grand Theft Auto V,X360,2013.0,Action,Take-Two Interactive,9.66,5.14,0.06,1.41,97.0,58.0,8.1,3711.0,Rockstar North,M
3524,FIFA World Cup Germany 2006,PS2,2006.0,Sports,Electronic Arts,0.47,0.02,0.0,0.08,77.0,28.0,8.1,33.0,EA Canada,E
5389,SpongeBob SquarePants: The Yellow Avenger,DS,2005.0,Action,THQ,0.31,0.0,0.0,0.02,67.0,5.0,7.6,10.0,Tantatus,E
8600,Spyro: Shadow Legacy,DS,2005.0,Action,Vivendi Games,0.14,0.01,0.0,0.01,50.0,18.0,5.7,16.0,Amaze Entertainment,E
1664,Naruto Shippuden: Ultimate Ninja Storm 2,PS3,2010.0,Fighting,Namco Bandai Games,0.42,0.46,0.15,0.18,76.0,34.0,8.3,130.0,CyberConnect2,T
9574,Hyperdevotion Noire: Goddess Black Heart,PSV,2014.0,Role-Playing,Idea Factory,0.04,0.01,0.06,0.02,68.0,24.0,7.1,36.0,Sting,T
3475,FIFA Soccer,PSV,2012.0,Sports,Electronic Arts,0.16,0.32,0.02,0.08,79.0,45.0,7.2,79.0,Electronic Arts,E
8631,F-Zero: GP Legend,GBA,2003.0,Racing,Nintendo,0.11,0.04,0.0,0.0,77.0,31.0,8.5,18.0,Suzak,E
3284,Plants vs. Zombies: Garden Warfare,PS4,2014.0,Shooter,Electronic Arts,0.21,0.29,0.01,0.1,75.0,23.0,7.6,259.0,PopCap,E10+
10465,Escape From Monkey Island,PS2,2001.0,Adventure,LucasArts,0.05,0.04,0.0,0.01,84.0,21.0,8.2,11.0,LucasArts,T
2514,Amped: Freestyle Snowboarding,XB,2001.0,Sports,Microsoft Game Studios,0.69,0.11,0.0,0.02,78.0,30.0,9,20.0,Indie Built,E
7975,Fairy Fencer F,PS3,2013.0,Role-Playing,Nippon Ichi Software,0.05,0.03,0.09,0.02,65.0,31.0,7.4,50.0,Compile Heart,T
4385,The Thing,PS2,2002.0,Adventure,Vivendi Games,0.22,0.17,0.0,0.06,78.0,27.0,7.4,41.0,Computer Artworks,M
12528,Terminator 3: The Redemption,XB,2004.0,Shooter,Atari,0.05,0.01,0.0,0.0,66.0,38.0,8.6,5.0,Paradigm Entertainment,T
4905,Combat of Giants: Dinosaurs 3D,3DS,2011.0,Strategy,Ubisoft,0.25,0.06,0.05,0.03,44.0,18.0,5.3,9.0,Ubisoft,E10+
9947,Tropico 5,PC,2014.0,Simulation,Kalypso Media,0.02,0.09,0.0,0.01,75.0,51.0,7,351.0,Haemimont,T
14518,Rabbids Land,WiiU,2012.0,Misc,Ubisoft,0.01,0.01,0.0,0.0,52.0,26.0,5.2,29.0,Ubisoft Paris,E10+
3688,Legends of WrestleMania,PS3,2009.0,Fighting,THQ,0.3,0.16,0.0,0.07,70.0,43.0,6.5,19.0,Yuke's,T
1395,Yoshi's New Island,3DS,2014.0,Platform,Nintendo,0.48,0.53,0.28,0.09,64.0,71.0,6.1,155.0,Arzest,E
5006,LocoRoco,PSP,2006.0,Platform,Sony Computer Entertainment,0.14,0.04,0.16,0.03,83.0,67.0,8.7,89.0,SCE Japan Studio,E
14777,The Last Guy,PS3,2009.0,Action,Sony Computer Entertainment,0.0,0.0,0.03,0.0,77.0,33.0,6.9,30.0,SCE Japan Studio,E10+
5257,Middle-Earth: Shadow of Mordor,PC,2014.0,Action,Warner Bros. Interactive Entertainment,0.12,0.2,0.0,0.03,84.0,17.0,8,1671.0,Monolith Productions,M
4723,Mortal Kombat: Deadly Alliance,GC,2002.0,Fighting,Midway Games,0.31,0.08,0.0,0.01,81.0,20.0,8.7,43.0,Midway,M
9969,Armored Core: Verdict Day,PS3,2013.0,Simulation,From Software,0.0,0.0,0.12,0.0,66.0,18.0,7.4,28.0,From Software,T
9728,Ice Age: Dawn of the Dinosaurs,X360,2009.0,Action,Activision,0.09,0.02,0.0,0.01,68.0,28.0,7.5,6.0,Activision,E10+
7463,StokEd,X360,2009.0,Sports,Zushi Games,0.18,0.01,0.0,0.01,68.0,34.0,8.6,19.0,Bongfish,T
7654,Earth Defense Force: Insect Armageddon,PS3,2011.0,Shooter,D3Publisher,0.06,0.04,0.08,0.02,63.0,28.0,7,24.0,Vicious Cycle,T
10810,Power Stone Collection,PSP,2006.0,Action,Capcom,0.08,0.0,0.0,0.01,74.0,34.0,6.8,6.0,Capcom,T
3301,Borderlands: The Pre-Sequel,PS3,2014.0,Shooter,Take-Two Interactive,0.26,0.21,0.05,0.1,77.0,24.0,6.3,130.0,2K Australia,M
14647,GTR Evolution,PC,2008.0,Racing,Atari,0.0,0.02,0.0,0.0,83.0,19.0,8.2,63.0,SimBin,E
6843,Harvest Moon: Another Wonderful Life,GC,2004.0,Role-Playing,Marvelous Interactive,0.19,0.05,0.0,0.01,70.0,12.0,9.2,60.0,Marvelous,E
712,Paper Mario: The Thousand-Year Door,GC,2004.0,Role-Playing,Nintendo,1.48,0.25,0.46,0.06,87.0,55.0,9.4,306.0,Intelligent Systems,E
9987,Every Extend Extra,PSP,2006.0,Shooter,Disney Interactive Studios,0.1,0.0,0.0,0.01,74.0,45.0,7.3,9.0,Q Entertainment,E
10596,Jade Cocoon 2,PS2,2001.0,Role-Playing,Ubisoft,0.05,0.04,0.0,0.01,76.0,16.0,7.8,22.0,Genki,T
5920,MLB SlugFest Loaded,PS2,2004.0,Sports,Midway Games,0.14,0.11,0.0,0.04,77.0,30.0,9.5,4.0,Point of View,T
1822,ModNation Racers,PS3,2010.0,Racing,Sony Computer Entertainment,0.5,0.4,0.06,0.16,82.0,85.0,8.4,201.0,United Front Games,E
10726,EVE: Valkyrie,PS4,2016.0,Shooter,CCP,0.03,0.05,0.0,0.02,73.0,26.0,6.3,37.0,CCP,T
12344,Gradius Collection,PSP,2006.0,Shooter,Konami Digital Entertainment,0.04,0.0,0.02,0.0,76.0,44.0,8.5,4.0,M2,E
8114,SoulCalibur Legends,Wii,2007.0,Action,Namco Bandai Games,0.16,0.01,0.0,0.01,52.0,35.0,5.7,24.0,Namco Bandai Games,T
8939,Arena Football,XB,2006.0,Sports,Electronic Arts,0.11,0.03,0.0,0.01,65.0,17.0,8.5,10.0,EA Tiburon,E10+
11413,Grand Prix Challenge,PS2,2002.0,Racing,Atari,0.04,0.03,0.0,0.01,76.0,9.0,9.2,9.0,Atari,E
1977,Dave Mirra Freestyle BMX,PS,2000.0,Sports,Acclaim Entertainment,0.91,0.11,0.0,0.03,82.0,14.0,8.4,5.0,"Z-Axis, Ltd.",E
3264,Tiger Woods PGA Tour 12: The Masters,X360,2011.0,Sports,Electronic Arts,0.4,0.16,0.0,0.05,80.0,50.0,6.1,25.0,Electronic Arts,E
8361,Beat Down: Fists of Vengeance,PS2,2005.0,Action,Capcom,0.04,0.03,0.09,0.01,48.0,33.0,8.1,12.0,Cavia Inc.,M
13473,Microsoft Train Simulator,PC,2001.0,Simulation,Microsoft Game Studios,0.0,0.04,0.0,0.01,84.0,16.0,8.4,21.0,Kuju Entertainment,E
2098,FIFA Soccer 10,Wii,2009.0,Sports,Electronic Arts,0.23,0.64,0.0,0.11,75.0,21.0,6.2,17.0,EA Sports,E
8673,Arcana Heart,PS2,2007.0,Fighting,AQ Interactive,0.06,0.05,0.04,0.02,77.0,12.0,8.1,8.0,Examu,T
3671,American Idol,PS2,2003.0,Misc,Codemasters,0.27,0.21,0.0,0.07,41.0,14.0,4.8,12.0,Hothouse Creations,E
433,L.A. Noire,PS3,2011.0,Adventure,Take-Two Interactive,1.27,1.29,0.12,0.49,89.0,78.0,7.7,1010.0,Team Bondi,M
12408,Mystic Heroes,PS2,2002.0,Action,Tecmo Koei,0.03,0.02,0.0,0.01,67.0,7.0,8.6,14.0,Koei,T
15324,Dungeon Defenders,PC,2011.0,Role-Playing,Unknown,0.02,0.0,0.0,0.0,81.0,26.0,7.3,399.0,Trendy Entertainment,E10+
2934,James Bond 007: Blood Stone,PS3,2010.0,Shooter,Activision,0.18,0.36,0.02,0.13,65.0,49.0,7.4,45.0,Bizarre Creations,T
8537,Fatal Frame II: Crimson Butterfly,PS2,2003.0,Action,Ubisoft,0.08,0.06,0.0,0.02,81.0,40.0,9.2,100.0,Tecmo,M
8360,Monsters vs. Aliens,X360,2009.0,Action,Activision,0.12,0.03,0.0,0.01,63.0,31.0,6.6,7.0,Beenox,E10+
9520,Game Party: Champions,WiiU,2012.0,Action,Warner Bros. Interactive Entertainment,0.09,0.03,0.0,0.01,24.0,8.0,3.5,21.0,"Phosphor Games Studio, LLC",E
16480,Darkened Skye,GC,2002.0,Adventure,TDK Mediactive,0.01,0.0,0.0,0.0,61.0,12.0,6.4,7.0,Boston Animation,T
2855,MX vs. ATV Reflex,X360,2009.0,Racing,THQ,0.52,0.14,0.0,0.06,75.0,47.0,6.6,30.0,Rainbow Studios,E
2986,Iron Man,PS3,2008.0,Action,Sega,0.32,0.25,0.0,0.11,42.0,27.0,6.2,45.0,Secret Level,T
6605,NASCAR 09,PS3,2008.0,Racing,Electronic Arts,0.22,0.01,0.0,0.02,65.0,22.0,7.5,10.0,EA Games,E
8030,AirForce Delta Storm,XB,2001.0,Shooter,Konami Digital Entertainment,0.14,0.04,0.0,0.01,61.0,21.0,7.1,7.0,KCE Studios,E
11327,Captain America: Super Soldier,3DS,2011.0,Action,Sega,0.05,0.02,0.0,0.01,51.0,9.0,5,6.0,High Voltage Software,T
15453,Chicago Enforcer,XB,2005.0,Shooter,Kemco,0.02,0.0,0.0,0.0,33.0,9.0,2.8,4.0,Touchdown Entertainment,M
16338,Marvel: Ultimate Alliance,PC,2006.0,Role-Playing,Activision,0.01,0.0,0.0,0.0,82.0,22.0,8,52.0,Raven Software,T
4472,Band Hero,DS,2009.0,Misc,Activision,0.2,0.19,0.0,0.04,65.0,18.0,7,4.0,Vicarious Visions,E10+
10009,NASCAR 07,PS2,2006.0,Racing,Electronic Arts,0.06,0.04,0.0,0.01,68.0,26.0,8.9,16.0,EA Tiburon,E
2188,Star Fox 64 3D,3DS,2011.0,Shooter,Nintendo,0.48,0.27,0.13,0.06,81.0,65.0,8.2,231.0,Nintendo,E10+
2605,NCAA Football 08,PS2,2007.0,Sports,Electronic Arts,0.65,0.03,0.0,0.11,83.0,6.0,8.3,23.0,EA Tiburon,E
15830,Final Fight: Streetwise,XB,2006.0,Action,Capcom,0.01,0.0,0.0,0.0,42.0,29.0,4,4.0,Secret Level,M
8700,Fist of the North Star: Ken's Rage,X360,2010.0,Action,Ubisoft Annecy,0.07,0.02,0.06,0.01,59.0,38.0,7.3,23.0,Koei,M
3544,Tomb Raider: Anniversary,PSP,2007.0,Action,Eidos Interactive,0.21,0.22,0.0,0.13,78.0,32.0,8.2,28.0,Crystal Dynamics,T
13211,PQ2: Practical Intelligence Quotient,PSP,2006.0,Puzzle,D3Publisher,0.04,0.0,0.0,0.0,74.0,19.0,7.8,6.0,Now Production,E
11887,Kengo: Legend of The 9,X360,2006.0,Fighting,Majesco Entertainment,0.06,0.01,0.0,0.01,38.0,18.0,4.1,14.0,Genki,M
14221,Star Wars Jedi Knight: Jedi Academy,PC,2003.0,Shooter,Activision,0.0,0.03,0.0,0.0,81.0,34.0,8.6,293.0,Raven Software,T
227,Tony Hawk's Pro Skater 2,PS,2000.0,Sports,Activision,3.05,1.41,0.02,0.2,98.0,19.0,7.7,299.0,Neversoft Entertainment,T
665,Half-Life 2,PC,2004.0,Shooter,Vivendi Games,2.28,0.02,0.08,0.0,96.0,81.0,9.1,8665.0,Valve Software,M
13241,Grand Ages: Medieval,PC,2015.0,Strategy,Kalypso Media,0.0,0.05,0.0,0.0,63.0,11.0,5.4,52.0,Gaming Minds Studios,T
9758,Thor: God of Thunder,DS,2011.0,Action,Sega,0.08,0.03,0.0,0.01,64.0,18.0,7.2,9.0,WayForward,E10+
16008,Enemy Territory: Quake Wars,PC,2007.0,Shooter,Activision,0.01,0.0,0.0,0.0,84.0,55.0,8.3,231.0,Splash Damage,T
15991,Antz Extreme Racing,XB,2002.0,Racing,Empire Interactive,0.01,0.0,0.0,0.0,35.0,4.0,8.7,10.0,Supersonic Software,E
11209,Forgotten Realms: Demon Stone,XB,2004.0,Action,Atari,0.06,0.02,0.0,0.0,72.0,17.0,6.5,6.0,Stormfront Studios,T
1877,NFL 2K1,DC,2000.0,Sports,Sega,1.02,0.05,0.0,0.02,97.0,22.0,6,47.0,Visual Concepts,E
9842,Fat Princess: Fistful of Cake,PSP,2010.0,Action,Sony Computer Entertainment,0.08,0.02,0.0,0.02,74.0,33.0,8.7,25.0,SuperVillain Studios,T
513,Mortal Kombat,PS3,2011.0,Fighting,Warner Bros. Interactive Entertainment,1.98,0.53,0.0,0.34,84.0,60.0,8.4,494.0,NetherRealm Studios,M
7413,SBK Superbike World Championship,X360,2008.0,Racing,Black Bean Games,0.06,0.14,0.0,0.01,63.0,17.0,8,6.0,Milestone S.r.l,E10+
6800,TimeSplitters: Future Perfect,PS2,2005.0,Shooter,Electronic Arts,0.12,0.09,0.0,0.03,84.0,39.0,9.1,117.0,Free Radical Design,M
10955,I-Ninja,GC,2003.0,Platform,Namco Bandai Games,0.07,0.02,0.0,0.0,77.0,18.0,7.6,8.0,Argonaut Games,T
8509,Hot Wheels World Race,GC,2003.0,Racing,THQ,0.13,0.03,0.0,0.0,59.0,5.0,7,5.0,Climax Group,E
15962,Wall-E,PC,2008.0,Platform,THQ,0.0,0.01,0.0,0.0,58.0,6.0,6.8,17.0,Heavy Iron Studios,E
11997,Child of Light,PSV,2014.0,Role-Playing,Ubisoft,0.0,0.04,0.02,0.01,83.0,14.0,7.8,108.0,Ubisoft Montreal,E10+
6861,Tony Hawk's American Sk8land,GBA,2005.0,Sports,Activision,0.17,0.06,0.0,0.0,64.0,7.0,5.4,5.0,Vicarious Visions,E
480,Star Wars: The Old Republic,PC,2011.0,Role-Playing,Electronic Arts,1.58,1.01,0.0,0.38,85.0,73.0,5.9,2748.0,"LucasArts, BioWare",T
91,Grand Theft Auto: Liberty City Stories,PSP,2005.0,Action,Take-Two Interactive,2.9,2.81,0.24,1.73,88.0,65.0,7.6,451.0,Rockstar Leeds,M
2577,The Sims 2: Pets,PSP,2006.0,Simulation,Electronic Arts,0.19,0.38,0.0,0.22,57.0,9.0,7.3,10.0,Maxis,T
15618,Guitar Hero III: Legends of Rock,PC,2007.0,Misc,Aspyr,0.02,0.0,0.0,0.0,79.0,15.0,7.2,63.0,Aspyr,T
1596,Pokemon Super Mystery Dungeon,3DS,2015.0,Role-Playing,Nintendo,0.48,0.35,0.34,0.08,69.0,44.0,8.8,190.0,"Spike Chunsoft Co. Ltd., Spike Chunsoft",E
3896,NBA Live 07,PSP,2006.0,Sports,Electronic Arts,0.47,0.0,0.0,0.04,64.0,9.0,7.5,4.0,EA Sports,E
1349,Cabela's Big Game Hunter,PS2,2002.0,Sports,Activision,0.7,0.54,0.0,0.18,59.0,7.0,7.8,12.0,Sand Grain Studios,T
7550,Enchanted Arms,PS3,2007.0,Role-Playing,Ubisoft,0.17,0.01,0.0,0.02,64.0,23.0,5.9,40.0,From Software,T
10083,Split/Second,PSP,2010.0,Racing,Disney Interactive Studios,0.08,0.02,0.0,0.02,63.0,16.0,6.7,15.0,Black Rock Studio,E10+
3777,Medal of Honor: European Assault,XB,2005.0,Shooter,Electronic Arts,0.32,0.19,0.0,0.02,72.0,42.0,7,15.0,EA LA,T
12958,NFL Blitz Pro,XB,2003.0,Sports,Midway Games,0.04,0.01,0.0,0.0,71.0,14.0,6.6,8.0,Midway,E
10272,Mushroom Men: Rise of the Fungi,DS,2008.0,Action,SouthPeak Games,0.1,0.0,0.0,0.01,45.0,16.0,7.3,4.0,Red Fly Studio,E
5702,Etrian Odyssey III: The Drowned City,DS,2010.0,Role-Playing,Atlus,0.12,0.0,0.19,0.01,77.0,23.0,8,21.0,Atlus,E10+
9373,Puzzle Kingdoms,DS,2009.0,Puzzle,Zoo Digital Publishing,0.12,0.0,0.0,0.01,64.0,12.0,6.3,4.0,Infinite Interactive,E10+
2762,Resident Evil: Revelations,PS3,2013.0,Action,Capcom,0.14,0.29,0.22,0.09,74.0,30.0,7.2,204.0,Capcom,M
3581,Need for Speed: Most Wanted,GC,2005.0,Racing,Electronic Arts,0.43,0.11,0.0,0.02,80.0,18.0,9.1,22.0,EA Canada,T
7105,Spec Ops: The Line,PC,2012.0,Shooter,Take-Two Interactive,0.11,0.09,0.0,0.02,76.0,16.0,8.2,1237.0,Yager,M
6372,Reign of Fire,PS2,2002.0,Shooter,BAM! Entertainment,0.13,0.1,0.0,0.03,56.0,16.0,7,4.0,Kuju Entertainment,M
3685,F1 2013,PS3,2013.0,Racing,Codemasters,0.01,0.42,0.03,0.09,77.0,22.0,6.3,40.0,Codemasters Birmingham,E
3602,Major League Baseball 2K5,XB,2005.0,Sports,Take-Two Interactive,0.52,0.02,0.0,0.02,81.0,25.0,8.2,17.0,Kush Games,E
8952,The Cursed Crusade,X360,2011.0,Action,DTP Entertainment,0.08,0.05,0.0,0.01,39.0,27.0,4.4,29.0,Kylotonn,M
16530,Dungeons 2,PS4,2016.0,Role-Playing,Kalypso Media,0.01,0.0,0.0,0.0,61.0,9.0,7.9,14.0,Kalypso,T
6948,Prince of Persia: The Forgotten Sands,Wii,2010.0,Action,Ubisoft,0.1,0.11,0.0,0.02,77.0,24.0,8.1,31.0,Ubisoft Quebec,T
1446,Test Drive,PS2,2002.0,Racing,Atari,0.95,0.21,0.01,0.18,73.0,19.0,7.4,23.0,Pitbull Syndicate,T
1020,Xenosaga Episode I: Der Wille zur Macht,PS2,2002.0,Role-Playing,Namco Bandai Games,0.63,0.49,0.45,0.17,83.0,35.0,8.7,99.0,Monolith Soft,T
705,Kirby: Nightmare in Dream Land,GBA,2002.0,Platform,Nintendo,1.22,0.1,0.91,0.04,81.0,24.0,8.9,54.0,HAL Labs,E
1866,LEGO City Undercover,WiiU,2013.0,Platform,Nintendo,0.47,0.42,0.13,0.08,80.0,66.0,8.2,283.0,TT Games,E10+
12869,Final Fight: Streetwise,PS2,2006.0,Action,Capcom,0.03,0.02,0.0,0.01,43.0,36.0,6.2,11.0,Capcom,M
12720,Street Fighter V,PC,2016.0,Fighting,Capcom,0.0,0.05,0.0,0.0,74.0,33.0,2.9,431.0,Capcom,T
14610,Atomic Betty,GBA,2005.0,Puzzle,Atari,0.02,0.01,0.0,0.0,62.0,10.0,7.5,6.0,"Big Blue Bubble Inc., Breakthrough New Media",E
13833,Samurai Warriors 2: Empires,X360,2007.0,Action,Tecmo Koei,0.03,0.0,0.01,0.0,53.0,29.0,8.5,13.0,Omega Force,T
6017,The Lord of the Rings: The Third Age,GC,2004.0,Role-Playing,Electronic Arts,0.22,0.06,0.0,0.01,74.0,25.0,7.8,19.0,EA Games,T
2956,Need for Speed Rivals,XOne,2013.0,Racing,Electronic Arts,0.46,0.17,0.0,0.07,75.0,18.0,5.8,175.0,Ghost Games,E10+
10325,Bust-A-Move DS,DS,2005.0,Puzzle,505 Games,0.08,0.02,0.0,0.01,75.0,14.0,7,6.0,Happy Happening,E
3742,Summer Sports: Paradise Island,Wii,2008.0,Sports,Ubisoft,0.48,0.01,0.0,0.04,46.0,7.0,4.6,7.0,Destineer,E
3914,Ace Combat Zero: The Belkan War,PS2,2006.0,Simulation,Namco Bandai Games,0.15,0.12,0.2,0.04,75.0,45.0,8.4,55.0,Namco,T
1419,Tom Clancy's Ghost Recon 2,XB,2004.0,Shooter,Ubisoft,0.86,0.45,0.0,0.06,80.0,53.0,8.9,58.0,Red Storm Entertainment,T
1103,Saints Row IV,X360,2013.0,Action,Deep Silver,1.01,0.5,0.01,0.13,81.0,42.0,6.5,325.0,Volition Inc.,M
11273,Ephemeral Fantasia,PS2,2000.0,Role-Playing,Konami Digital Entertainment,0.04,0.03,0.0,0.01,48.0,16.0,6.3,39.0,KCEJ,T
11553,Superman: Shadow of Apokolips,GC,2003.0,Action,Atari,0.06,0.02,0.0,0.0,66.0,7.0,7.3,8.0,Atari,E
2488,WWE SmackDown vs. Raw 2009,Wii,2008.0,Fighting,THQ,0.44,0.31,0.0,0.08,79.0,18.0,8.5,18.0,Yuke's,T
34,Call of Duty: Black Ops II,PS3,2012.0,Shooter,Activision,4.99,5.73,0.65,2.42,83.0,21.0,5.3,922.0,Treyarch,M
9069,Farming Simulator 2013,PS3,2013.0,Simulation,Focus Home Interactive,0.0,0.09,0.02,0.02,40.0,17.0,2.9,9.0,Giants Software,E
7302,The Dukes of Hazzard: Return of the General Lee,PS2,2004.0,Racing,Ubisoft,0.11,0.08,0.0,0.03,52.0,17.0,6.8,8.0,Ratbag,E
2272,Tom Clancy's EndWar,X360,2008.0,Strategy,Ubisoft,0.58,0.24,0.01,0.09,77.0,63.0,7.2,53.0,Ubisoft Shanghai,T
2374,ESPN NHL 2K5,PS2,2004.0,Sports,Global Star,0.43,0.33,0.0,0.11,86.0,25.0,8.1,18.0,Kush Games,E
6237,Shin Megami Tensei: Strange Journey,DS,2009.0,Role-Playing,Atlus,0.13,0.0,0.14,0.01,80.0,26.0,8.7,69.0,Atlus,M
15891,Lost: Via Domus,PC,2008.0,Action,Ubisoft,0.0,0.01,0.0,0.0,52.0,22.0,6,38.0,Ubisoft Montreal,T
292,Fallout: New Vegas,X360,2010.0,Role-Playing,Bethesda Softworks,2.66,1.03,0.04,0.33,84.0,81.0,8.1,769.0,Obsidian Entertainment,M
13202,Plants vs. Zombies,PC,2009.0,Strategy,PopCap Games,0.0,0.04,0.0,0.01,87.0,41.0,8.9,891.0,PopCap,E10+
2870,The Sims 2: Castaway,DS,2007.0,Simulation,Electronic Arts,0.62,0.04,0.0,0.06,66.0,8.0,4,5.0,Full Fat,E
8965,Darkstalkers Chronicle: The Chaos Tower,PSP,2004.0,Fighting,Capcom,0.13,0.0,0.0,0.01,74.0,27.0,7.9,25.0,Capcom,T
2730,Zone of the Enders,PS2,2001.0,Shooter,Konami Digital Entertainment,0.3,0.24,0.13,0.08,78.0,21.0,7.4,49.0,KCEJ,M
10360,Rogue Warrior,X360,2009.0,Shooter,Bethesda Softworks,0.09,0.01,0.0,0.01,28.0,33.0,2.8,64.0,Rebellion,M
13043,Ferrari F355 Challenge,PS2,2002.0,Racing,Sony Computer Entertainment,0.03,0.02,0.0,0.01,70.0,14.0,4.4,5.0,Sega AM2,E
2228,Build-A-Bear Workshop,DS,2007.0,Simulation,Game Factory,0.85,0.01,0.0,0.07,61.0,11.0,4.8,5.0,Neko Entertainment,E
2641,Aliens: Colonial Marines,X360,2013.0,Shooter,Sega,0.36,0.34,0.0,0.07,48.0,47.0,3.8,449.0,Gearbox Software,M
15508,Blazing Angels: Squadrons of WWII,PC,2006.0,Simulation,Ubisoft,0.02,0.0,0.0,0.0,65.0,16.0,4.6,17.0,Ubisoft Romania,T
356,Luigi's Mansion,GC,2001.0,Action,Nintendo,2.38,0.67,0.46,0.1,78.0,34.0,8.5,161.0,Nintendo,E
14759,LEGO Harry Potter: Years 1-4,PC,2010.0,Action,Warner Bros. Interactive Entertainment,0.02,0.01,0.0,0.0,79.0,15.0,7.9,55.0,Traveller's Tales,E10+
4584,Superman: Shadow of Apokolips,PS2,2002.0,Action,Atari,0.21,0.16,0.0,0.05,64.0,22.0,7.2,9.0,Atari,E
837,Dance Central 2,X360,2011.0,Misc,Microsoft Game Studios,1.45,0.41,0.01,0.16,86.0,56.0,8.2,63.0,Harmonix Music Systems,T
266,Namco Museum,GBA,2001.0,Misc,Namco Bandai Games,3.0,1.11,0.05,0.07,79.0,10.0,7.3,6.0,Mass Media,E
2006,Tom Clancy's Ghost Recon Advanced Warfighter 2,PS3,2007.0,Shooter,Ubisoft,0.34,0.48,0.02,0.19,84.0,29.0,8.1,41.0,"Red Storm Entertainment, Ubisoft Paris",T
8314,Batman Begins,GBA,2005.0,Action,Electronic Arts,0.12,0.05,0.0,0.0,61.0,5.0,6.9,9.0,Vicarious Visions,E10+
2362,NBA 2K6,PS2,2005.0,Action,Take-Two Interactive,0.43,0.34,0.0,0.11,84.0,23.0,8.3,13.0,Visual Concepts,E
12492,The Technomancer,PS4,2016.0,Role-Playing,Focus Home Interactive,0.02,0.04,0.0,0.01,60.0,38.0,6.7,116.0,Spiders,M
10806,Steel Battalion,XB,2002.0,Simulation,Microsoft Game Studios,0.05,0.02,0.02,0.0,83.0,20.0,8.5,20.0,Capcom,T
826,Need for Speed: ProStreet,X360,2007.0,Racing,Electronic Arts,1.04,0.79,0.01,0.21,72.0,42.0,7.1,78.0,EA Black Box,E10+
11114,Damnation,PS3,2009.0,Shooter,Codemasters,0.07,0.01,0.0,0.01,36.0,36.0,2.8,40.0,Blue Omega,M
4253,Silent Hill: Downpour,PS3,2012.0,Action,Konami Digital Entertainment,0.21,0.15,0.04,0.06,64.0,41.0,6.9,262.0,Vatra,M
15359,Max Payne,PC,2001.0,Shooter,Take-Two Interactive,0.0,0.02,0.0,0.0,89.0,32.0,9.1,1016.0,Remedy Entertainment,M
14956,SWAT 4,PC,2005.0,Shooter,Vivendi Games,0.0,0.02,0.0,0.0,85.0,49.0,8.6,224.0,Irrational Games,M
3066,The Sims: Bustin' Out,GC,2003.0,Simulation,Electronic Arts,0.43,0.2,0.0,0.03,81.0,30.0,9,15.0,Maxis,T
2748,Band Hero,PS3,2009.0,Misc,Activision,0.41,0.23,0.0,0.11,76.0,45.0,5.7,9.0,Neversoft Entertainment,E10+
15514,Dynasty Warriors 8: Empires,PSV,2015.0,Action,Tecmo Koei,0.0,0.0,0.02,0.0,70.0,15.0,7.4,9.0,Omega Force,T
6461,Ford Racing 3,PS2,2004.0,Racing,Take-Two Interactive,0.13,0.1,0.0,0.03,50.0,7.0,6.6,8.0,Razorworks Studios,E
3061,NHL 13,X360,2012.0,Sports,Electronic Arts,0.51,0.1,0.0,0.05,83.0,44.0,6.6,86.0,Electronic Arts,E10+
889,Tom Clancy's Ghost Recon,PS2,2002.0,Shooter,Ubisoft,1.42,0.4,0.0,0.12,63.0,18.0,8.3,22.0,Ubisoft,M
15409,Pro Evolution Soccer 2017,PC,2016.0,Sports,Konami Digital Entertainment,0.0,0.02,0.0,0.0,69.0,9.0,3.7,137.0,Konami,E
1963,DiRT,PS3,2007.0,Racing,Codemasters,0.16,0.66,0.0,0.23,83.0,32.0,8,32.0,Codemasters,E
7663,Dungeon Hunter Alliance,PSV,2012.0,Action,Ubisoft,0.07,0.09,0.0,0.03,49.0,34.0,6.4,61.0,Ubisoft,T
7918,One Piece: Unlimited Adventure,Wii,2007.0,Adventure,Namco Bandai Games,0.07,0.0,0.11,0.01,67.0,17.0,8.5,32.0,Ganbarion,T
1127,Beyond: Two Souls,PS3,2013.0,Adventure,Sony Computer Entertainment,0.52,0.8,0.06,0.26,70.0,98.0,8.1,2652.0,Quantic Dream,M
14227,Battle Engine Aquila,PS2,2003.0,Shooter,Atari,0.02,0.01,0.0,0.0,73.0,17.0,9,5.0,Lost Toys,T
8054,Bloody Roar: Primal Fury,GC,2002.0,Fighting,Activision,0.14,0.04,0.0,0.0,75.0,27.0,8.5,20.0,Eighting/Raizing,T
1543,Manhunt,PS2,2003.0,Action,Take-Two Interactive,0.63,0.49,0.0,0.16,76.0,47.0,8.3,136.0,Rockstar North,M
9986,F1 2002,PS2,2002.0,Racing,Electronic Arts,0.05,0.04,0.02,0.01,81.0,11.0,6.4,10.0,Visual Sciences,E
2268,EA Sports Active 2,PS3,2010.0,Sports,Electronic Arts,0.52,0.27,0.0,0.12,78.0,20.0,5.4,14.0,EA Canada,E
14192,The Cursed Crusade,PC,2011.0,Action,DTP Entertainment,0.0,0.03,0.0,0.01,55.0,7.0,6,33.0,Kylotonn,M
132,Kingdom Hearts,PS2,2002.0,Role-Playing,Sony Computer Entertainment,3.64,1.2,1.49,0.07,85.0,46.0,8.8,597.0,SquareSoft,E
6138,Shrek the Third,Wii,2007.0,Action,Activision,0.25,0.01,0.0,0.02,57.0,28.0,6.7,7.0,Amaze Entertainment,E10+
843,Rayman Raving Rabbids: TV Party,Wii,2008.0,Misc,Ubisoft,0.72,1.08,0.0,0.23,73.0,24.0,7.7,29.0,"Ubisoft Paris, Ubisoft Montpellier",E10+
393,FIFA Soccer 2003,PS2,2002.0,Sports,Electronic Arts,0.46,2.28,0.05,0.61,88.0,15.0,6.7,35.0,EA Canada,E
6558,Legendary,X360,2008.0,Shooter,Atari,0.08,0.15,0.0,0.03,47.0,39.0,7.1,87.0,Spark Unlimited,M
3928,NBA Ballers,XB,2004.0,Sports,Midway Games,0.37,0.11,0.0,0.02,82.0,35.0,8.1,8.0,Midway,E
8574,Culdcept SAGA,X360,2006.0,Role-Playing,Namco Bandai Games,0.12,0.0,0.03,0.01,75.0,33.0,8.7,49.0,"Omiya Soft, Jamsworks",T
9724,Neopets Petpet Adventures: The Wand of Wishing,PSP,2006.0,Adventure,Sony Computer Entertainment,0.11,0.0,0.0,0.01,66.0,21.0,7.7,6.0,SCEA,E
9016,Ratatouille,GC,2007.0,Action,THQ,0.11,0.03,0.0,0.0,60.0,7.0,5.6,7.0,Asobo Studio,E
3234,Tak 2: The Staff of Dreams,PS2,2004.0,Platform,THQ,0.3,0.24,0.0,0.08,71.0,31.0,8,10.0,Avalanche Software,E
3498,Spyro Orange: The Cortex Conspiracy,GBA,2004.0,Action,Vivendi Games,0.41,0.15,0.0,0.01,60.0,25.0,7,12.0,Vicarious Visions,E
11219,Top Gear Rally,GBA,2003.0,Racing,Kemco,0.06,0.02,0.0,0.0,78.0,12.0,7.6,5.0,Tantalus Interactive,E
4613,Crash: Mind Over Mutant,DS,2008.0,Platform,Vivendi Games,0.38,0.0,0.0,0.03,45.0,12.0,5.8,8.0,TOSE,E
14312,Dungeon Maker: Hunting Ground,PSP,2006.0,Role-Playing,Global A Entertainment,0.03,0.0,0.0,0.0,70.0,18.0,6.4,8.0,Global A,E10+
7785,Legacy of Kain: Defiance,XB,2003.0,Action,Eidos Interactive,0.14,0.04,0.0,0.01,74.0,30.0,7.9,21.0,Crystal Dynamics,M
401,Far Cry 3,PS3,2012.0,Shooter,Ubisoft,0.88,1.7,0.1,0.67,90.0,32.0,8.5,1041.0,Ubisoft Montreal,M
7428,Rayman Raving Rabbids,X360,2007.0,Misc,Ubisoft,0.18,0.01,0.0,0.02,67.0,16.0,7.3,19.0,Ubisoft Montpellier,E
4680,Tom Clancy's HAWX 2,PS3,2010.0,Action,Ubisoft,0.21,0.12,0.03,0.05,70.0,30.0,6.8,19.0,Ubisoft,T
13173,Zumba Fitness Core,X360,2012.0,Misc,505 Games,0.0,0.05,0.0,0.0,77.0,6.0,6.7,6.0,Zoe Mode,E10+
5008,Deus Ex: Mankind Divided,PS4,2016.0,Role-Playing,Square Enix,0.11,0.21,0.0,0.06,84.0,59.0,7.6,511.0,Eidos Montreal,M
3515,NHL 10,PS3,2009.0,Sports,Electronic Arts,0.38,0.12,0.0,0.07,88.0,35.0,7.9,40.0,EA Canada,E10+
8196,MindJack,PS3,2011.0,Shooter,Square Enix,0.07,0.07,0.0,0.03,44.0,31.0,1.7,46.0,FeelPlus,M
11438,Risen 3: Titan Lords,PS3,2014.0,Role-Playing,Deep Silver,0.02,0.05,0.0,0.01,36.0,8.0,3.7,77.0,Piranha Bytes,M
7348,World Poker Tour,PS2,2005.0,Misc,Take-Two Interactive,0.1,0.08,0.0,0.03,60.0,17.0,8.6,5.0,Coresoft,T
3548,Up,Wii,2009.0,Action,THQ,0.22,0.28,0.0,0.06,62.0,6.0,8,4.0,Asobo Studio,E10+
253,Need for Speed: Most Wanted,PS2,2005.0,Racing,Electronic Arts,2.03,1.79,0.08,0.47,82.0,36.0,9.1,137.0,EA Canada,T
9209,The Darkness II,PC,2012.0,Shooter,Take-Two Interactive,0.1,0.03,0.0,0.01,77.0,20.0,7.6,448.0,Digital Extremes,M
13030,Tom Clancy's HAWX 2,PC,2010.0,Action,Ubisoft,0.0,0.04,0.0,0.01,66.0,12.0,3.8,47.0,Ubisoft,T
5501,Call Of Duty 2: Big Red One,GC,2005.0,Shooter,Activision,0.25,0.07,0.0,0.01,76.0,28.0,7.9,14.0,Treyarch,T
14612,Doom,PC,1992.0,Shooter,id Software,0.02,0.0,0.0,0.0,85.0,44.0,8.2,1796.0,id Software,M
809,Mario Sports Mix,Wii,2010.0,Sports,Nintendo,0.88,0.44,0.63,0.12,64.0,54.0,7.1,34.0,Square Enix,E
12573,S.T.A.L.K.E.R.: Call of Pripyat,PC,2009.0,Shooter,Namco Bandai Games,0.0,0.05,0.0,0.01,80.0,44.0,8.7,602.0,GSC Game World,M
3620,God of War: Origins Collection,PS3,2011.0,Action,Sony Computer Entertainment,0.39,0.08,0.02,0.06,84.0,58.0,8.4,208.0,Ready at Dawn,M
1702,Spider-Man: The Movie,GC,2002.0,Action,Activision,0.86,0.27,0.01,0.04,76.0,14.0,7.3,11.0,Treyarch,E
10052,Blood Drive,X360,2010.0,Racing,Activision,0.09,0.01,0.0,0.01,40.0,21.0,6.5,10.0,Sidhe Interactive,M
4070,Alone in the Dark,X360,2008.0,Adventure,Atari,0.14,0.3,0.0,0.05,58.0,53.0,5.7,162.0,Eden Studios,M
15853,Divinity: Original Sin,PC,2014.0,Role-Playing,Focus Home Interactive,0.0,0.02,0.0,0.0,87.0,59.0,8.7,2089.0,Larian Studios,M
3370,NHL 15,PS4,2014.0,Sports,Electronic Arts,0.31,0.19,0.0,0.1,60.0,28.0,3.6,306.0,EA Sports,E10+
16090,Contrast,PC,2013.0,Platform,Focus Home Interactive,0.0,0.01,0.0,0.0,62.0,24.0,7.7,169.0,Compulsion Games,T
6383,Jurassic Park: Operation Genesis,PS2,2003.0,Simulation,Konami Digital Entertainment,0.13,0.1,0.0,0.03,75.0,13.0,8.9,21.0,Blue Tongue Entertainment,T
10591,Draglade,DS,2007.0,Fighting,505 Games,0.09,0.0,0.0,0.01,71.0,23.0,7.5,4.0,Dimps Corporation,E10+
12730,Gun Showdown,PSP,2006.0,Action,Activision,0.05,0.0,0.0,0.01,73.0,41.0,7.6,9.0,"Rebellion, Neversoft Entertainment",M
11630,Assassin's Creed The Ezio Collection,XOne,2016.0,Action,Ubisoft,0.03,0.04,0.0,0.01,74.0,13.0,7.6,24.0,Ubisoft Montreal,M
664,Dead Island,X360,2011.0,Action,Deep Silver,1.48,0.69,0.0,0.2,71.0,75.0,6.9,627.0,Techland,M
1736,Army of Two,PS3,2008.0,Shooter,Electronic Arts,0.74,0.26,0.02,0.15,74.0,43.0,7.3,118.0,EA Montreal,M
1568,WWE '13,X360,2012.0,Action,THQ,0.72,0.44,0.0,0.11,78.0,46.0,8,110.0,"THQ, Yuke's",T
462,Mass Effect 3,X360,2012.0,Role-Playing,Electronic Arts,1.94,0.84,0.03,0.24,93.0,74.0,5.8,3725.0,BioWare,M
743,LEGO Indiana Jones: The Original Adventures,DS,2008.0,Action,Activision,1.4,0.59,0.0,0.2,80.0,15.0,7.9,16.0,TT Fusion,E
222,LEGO Star Wars: The Complete Saga,DS,2007.0,Action,LucasArts,2.83,1.48,0.0,0.45,80.0,9.0,5.4,46.0,TT Fusion,E
3994,Rayman Advance,GBA,2001.0,Platform,Ubisoft,0.36,0.13,0.0,0.01,84.0,17.0,8.4,16.0,Digital Eclipse,E
1979,Forza Motorsport,XB,2005.0,Racing,Microsoft Game Studios,0.52,0.51,0.0,0.02,92.0,73.0,7.6,213.0,Microsoft Game Studios,E
625,Mario Party 4,GC,2002.0,Misc,Nintendo,1.13,0.36,0.92,0.07,70.0,26.0,7.4,74.0,Hudson,E
15973,Star Trek: Legacy,PC,2006.0,Simulation,Ubisoft,0.0,0.01,0.0,0.0,56.0,25.0,4,35.0,Mad Doc Software,E10+
14130,FunkMaster Flex's Digital Hitz Factory,PS2,2003.0,Misc,Jester Interactive,0.02,0.01,0.0,0.0,71.0,6.0,8.9,10.0,Jester Interactive,E
9561,Green Lantern: Rise of the Manhunters,X360,2011.0,Action,Warner Bros. Interactive Entertainment,0.07,0.04,0.0,0.01,59.0,17.0,7.2,23.0,Double Helix Games,T
344,Midnight Club 3: DUB Edition,PSP,2005.0,Racing,Take-Two Interactive,1.65,1.21,0.0,0.79,74.0,34.0,8.4,31.0,Rockstar Leeds,E10+
7459,The Last Airbender,Wii,2010.0,Action,THQ,0.12,0.07,0.0,0.02,53.0,4.0,6.6,5.0,THQ,T
5494,Cabela's Dangerous Hunts 2011,PS3,2010.0,Sports,Activision,0.26,0.04,0.0,0.03,60.0,4.0,5.4,9.0,Activision,T
9801,X2: Wolverine's Revenge,GC,2003.0,Platform,Activision,0.09,0.02,0.0,0.0,62.0,21.0,6.6,8.0,GenePool,T
9998,Deception IV: Blood Ties,PS3,2014.0,Action,Tecmo Koei,0.03,0.02,0.06,0.01,70.0,19.0,8.2,27.0,Koei Tecmo Games,M
4449,Naruto: Ultimate Ninja 3,PS2,2005.0,Fighting,Atari,0.36,0.01,0.0,0.06,75.0,24.0,8.7,33.0,CyberConnect2,T
2280,NBA 2K14,XOne,2013.0,Sports,Take-Two Interactive,0.7,0.11,0.0,0.09,86.0,15.0,5.7,183.0,Visual Concepts,E
2621,Naruto Shippuden: Ultimate Ninja Storm 2,X360,2010.0,Fighting,Namco Bandai Games,0.43,0.27,0.01,0.07,74.0,31.0,8.5,39.0,CyberConnect2,T
873,Crash Nitro Kart,PS2,2003.0,Racing,Vivendi Games,0.74,1.01,0.0,0.2,69.0,24.0,7.7,59.0,Vicarious Visions,E
9266,Happy Feet,Wii,2006.0,Action,Midway Games,0.12,0.0,0.0,0.01,46.0,11.0,6.7,16.0,Artificial Mind and Movement,E
7174,Spirit Camera: The Cursed Memoir,3DS,2012.0,Adventure,Nintendo,0.13,0.02,0.06,0.01,54.0,35.0,6.1,28.0,Tecmo Koei Games,T
5114,BioShock The Collection,PS4,2016.0,Shooter,Take-Two Interactive,0.1,0.19,0.02,0.06,84.0,39.0,8.5,210.0,2K Games,M
1760,Medal of Honor Heroes 2,PSP,2007.0,Shooter,Electronic Arts,0.5,0.39,0.02,0.25,69.0,20.0,7.3,30.0,EA LA,T
842,Call of Duty 2,X360,2005.0,Shooter,Activision,1.82,0.04,0.01,0.16,89.0,65.0,8.1,307.0,Infinity Ward,T
15069,Warhammer Online: Age of Reckoning,PC,2008.0,Role-Playing,GOA,0.0,0.02,0.0,0.0,86.0,54.0,7.9,374.0,EA Mythic,T
12247,WipEout HD Fury,PS3,2009.0,Racing,Sony Computer Entertainment,0.0,0.05,0.0,0.01,89.0,15.0,8.4,115.0,Studio Liverpool,E10+
5199,NBA 2K6,XB,2005.0,Action,Take-Two Interactive,0.27,0.08,0.0,0.01,84.0,27.0,8.7,15.0,Visual Concepts,E
5534,Binary Domain,PS3,2012.0,Action,Sega,0.09,0.07,0.14,0.03,72.0,33.0,8.2,179.0,Sega,M
9148,Power Gig: Rise of the SixString,PS3,2010.0,Misc,Unknown,0.13,0.0,0.0,0.01,36.0,10.0,0.5,4.0,Seven45 Studios,T
8568,Dungeon Siege: Throne of Agony,PSP,2006.0,Role-Playing,Take-Two Interactive,0.13,0.02,0.0,0.02,74.0,32.0,8.1,21.0,SuperVillain Studios,T
797,Dying Light,PS4,2015.0,Action,Warner Bros. Interactive Entertainment,0.96,0.67,0.12,0.34,74.0,58.0,7.9,1287.0,Techland,M
6528,ExciteBots: Trick Racing,Wii,2009.0,Racing,Nintendo,0.24,0.0,0.0,0.02,77.0,29.0,8.6,26.0,Monster Games Inc.,E
7142,Conflict: Vietnam,XB,2004.0,Shooter,SCi,0.17,0.05,0.0,0.01,60.0,40.0,7.3,9.0,Pivotal Games,M
7724,Family Guy,PSP,2006.0,Action,Take-Two Interactive,0.18,0.0,0.0,0.02,51.0,14.0,6.3,15.0,High Voltage Software,M
8149,You Don't Know Jack,PS3,2011.0,Misc,THQ,0.16,0.0,0.0,0.01,82.0,11.0,7.3,18.0,"Jellyvision, Iron Galaxy Studios",T
12634,Worms 3D,XB,2003.0,Strategy,Sega,0.04,0.01,0.0,0.0,69.0,20.0,8.4,10.0,Team 17,T
14657,NBA 2K13,PC,2012.0,Sports,Take-Two Interactive,0.0,0.02,0.0,0.0,90.0,5.0,6.8,130.0,Visual Concepts,E
10447,Sacred 3,PS3,2014.0,Role-Playing,Deep Silver,0.03,0.04,0.03,0.01,56.0,13.0,3.4,46.0,"Deep Silver, Keen Games",M
9270,NBA Jam,XB,2003.0,Sports,Acclaim Entertainment,0.1,0.03,0.0,0.0,68.0,17.0,9.1,7.0,Acclaim,E
64,Halo: Reach,X360,2010.0,Shooter,Microsoft Game Studios,7.04,1.95,0.08,0.79,91.0,99.0,7.9,2045.0,Bungie,M
9295,MotoGP '06,X360,2006.0,Racing,THQ,0.11,0.01,0.0,0.01,80.0,50.0,7.7,13.0,"Climax Group, Climax Studios",E
13787,Unchained Blades ,3DS,2011.0,Role-Playing,FuRyu,0.0,0.0,0.04,0.0,65.0,8.0,7.8,16.0,FuRyu,T
10615,NFL Tour,X360,2008.0,Sports,Electronic Arts,0.09,0.0,0.0,0.01,49.0,35.0,3.1,45.0,EA Tiburon,E
1721,Resident Evil: Operation Raccoon City,PS3,2012.0,Action,Capcom,0.48,0.24,0.36,0.1,52.0,36.0,4.9,222.0,Slant Six,M
10069,Ring of Red,PS2,2000.0,Strategy,Konami Digital Entertainment,0.06,0.04,0.0,0.01,82.0,15.0,8.7,11.0,Konami,T
5324,Karaoke Revolution,PS2,2003.0,Misc,Konami Digital Entertainment,0.17,0.13,0.0,0.04,83.0,29.0,9.1,17.0,Harmonix Music Systems,E
4060,Spy Hunter 2,PS2,2003.0,Racing,Midway Games,0.24,0.19,0.0,0.06,57.0,30.0,6.4,8.0,Angel Studios,T
1824,Rocksmith,PS3,2011.0,Misc,Ubisoft,0.53,0.36,0.09,0.15,80.0,27.0,8.3,52.0,Ubisoft,T
7176,Galactic Wrestling: Featuring Ultimate Muscle,PS2,2004.0,Fighting,Namco Bandai Games,0.03,0.02,0.17,0.01,61.0,12.0,8,5.0,Aki Corp.,T
1397,True Crime: Streets of LA,XB,2003.0,Action,Activision,0.96,0.37,0.0,0.05,77.0,39.0,7.8,28.0,"Luxoflux, Inc.",M
13478,Resident Evil 6,XOne,2016.0,Shooter,Capcom,0.04,0.0,0.0,0.0,63.0,12.0,6.3,34.0,Capcom,M
3232,Tiger Woods PGA Tour 2004,XB,2003.0,Sports,Electronic Arts,0.47,0.13,0.0,0.02,89.0,18.0,8.2,14.0,EA Sports,E
1918,Prince of Persia,PS3,2008.0,Action,Ubisoft,0.47,0.4,0.03,0.17,85.0,59.0,7.3,245.0,Ubisoft Montreal,T
1569,Final Fantasy X / X-2 HD Remaster,PS3,2013.0,Role-Playing,Square Enix,0.43,0.36,0.32,0.16,85.0,50.0,8.5,332.0,Virtuos,T
1831,Persona 4: Golden,PSV,2012.0,Role-Playing,Atlus,0.36,0.23,0.38,0.15,93.0,61.0,9.2,1228.0,Atlus,M
347,Jak and Daxter: The Precursor Legacy,PS2,2001.0,Platform,Sony Computer Entertainment,2.08,1.09,0.15,0.33,90.0,35.0,8.7,312.0,Naughty Dog,E
1242,MySims Kingdom,Wii,2008.0,Simulation,Electronic Arts,0.7,0.64,0.01,0.16,76.0,19.0,8.1,24.0,EA Redwood Shores,E
14273,Rise of Nations: Rise of Legends,PC,2006.0,Strategy,Microsoft Game Studios,0.0,0.03,0.0,0.01,84.0,46.0,8.5,108.0,Big Huge Games,T
8168,DiRT Showdown,PS3,2012.0,Racing,Codemasters,0.02,0.12,0.0,0.03,75.0,27.0,6.3,43.0,Codemasters,E10+
11080,Quantum Theory,X360,2010.0,Shooter,Tecmo Koei,0.06,0.02,0.0,0.01,37.0,39.0,3.6,31.0,Tecmo,M
4656,Just Dance 2014,PS4,2013.0,Misc,Ubisoft,0.19,0.16,0.0,0.07,75.0,4.0,5.5,51.0,Ubisoft,E10+
4859,Sherlock Holmes: The Mystery of the Mummy,DS,2009.0,Adventure,Focus Home Interactive,0.06,0.3,0.0,0.04,57.0,8.0,3.1,9.0,"Frogwares, Mistic Software",E
14900,Star Wars The Clone Wars: Republic Heroes,PC,2009.0,Action,LucasArts,0.0,0.02,0.0,0.0,46.0,9.0,4.7,46.0,"LucasArts, Krome Studios",T
6580,MVP Baseball 2004,GC,2004.0,Sports,Electronic Arts,0.2,0.05,0.0,0.01,89.0,25.0,8.5,11.0,EA Sports,E
7586,Odin Sphere: Leifthrasir,PS4,2016.0,Role-Playing,Nippon Ichi Software,0.07,0.04,0.07,0.02,87.0,49.0,8.2,178.0,Vanillaware,T
2134,Medal of Honor: Underground,PS,2000.0,Shooter,Electronic Arts,0.54,0.37,0.0,0.06,86.0,16.0,9,44.0,Dreamworks Interactive,T
4880,Mass Effect 2,PC,2010.0,Role-Playing,Electronic Arts,0.01,0.32,0.0,0.06,94.0,55.0,8.8,3559.0,BioWare,M
509,Assassin's Creed IV: Black Flag,PS4,2013.0,Action,Ubisoft,1.07,1.31,0.06,0.42,83.0,29.0,7.8,1530.0,Ubisoft,M
6400,MotionSports: Adrenaline,X360,2011.0,Sports,Ubisoft,0.14,0.1,0.0,0.03,41.0,8.0,7.4,7.0,Ubisoft Vancouver,E
6298,The Warriors,PSP,2007.0,Action,Take-Two Interactive,0.23,0.01,0.0,0.02,81.0,36.0,7.8,21.0,"Rockstar Toronto, Rockstar Leeds",M
1259,Madden NFL 2001,PS2,2000.0,Sports,Electronic Arts,1.19,0.07,0.05,0.2,91.0,25.0,7.7,7.0,EA Sports,E
15019,The Lord of the Rings: Conquest,PC,2009.0,Action,Electronic Arts,0.0,0.02,0.0,0.0,57.0,24.0,6.7,42.0,Pandemic Studios,T
15046,Spy Hunter: Nowhere To Run,PS2,2006.0,Racing,Midway Games,0.01,0.01,0.0,0.0,51.0,21.0,6,6.0,Terminal Reality,T
9144,Shovel Knight,3DS,2015.0,Platform,Yacht Club Games,0.08,0.04,0.02,0.01,90.0,9.0,8.2,225.0,Yacht Club Games,E
10564,X-Men: The Official Game,XB,2006.0,Action,Activision,0.08,0.02,0.0,0.0,53.0,38.0,8.1,7.0,"Z-Axis, Ltd.",T
3438,The Lord of the Rings: The Third Age,PS2,2004.0,Role-Playing,Electronic Arts,0.49,0.02,0.0,0.08,73.0,35.0,8.2,60.0,EA Games,T
4808,Atari Anthology,PS2,2004.0,Misc,Atari,0.33,0.01,0.0,0.05,66.0,12.0,4.3,6.0,Digital Eclipse,E
3329,Backyard Wrestling: Don't Try This at Home,PS2,2003.0,Fighting,Eidos Interactive,0.3,0.23,0.0,0.08,51.0,24.0,7.8,29.0,Paradox Development,M
11448,Swingerz Golf,GC,2002.0,Sports,Eidos Interactive,0.06,0.02,0.0,0.0,72.0,11.0,9.3,4.0,Telenet,E
5551,Mystery Case Files: The Malgrave Incident,Wii,2011.0,Adventure,Nintendo,0.17,0.13,0.0,0.03,65.0,26.0,8.2,5.0,Sanzaru Games,E
104,Battlefield 3,PS3,2011.0,Shooter,Electronic Arts,2.85,2.89,0.35,1.08,85.0,38.0,7.5,1761.0,EA DICE,M
8481,Dengeki Bunko Fighting Climax,PS3,2014.0,Fighting,Sega,0.05,0.0,0.09,0.01,66.0,13.0,8.2,29.0,"Sega, French-Bread",T
1794,Hot Shots Golf: Out of Bounds,PS3,2007.0,Sports,Sony Computer Entertainment,0.31,0.03,0.76,0.04,81.0,66.0,8.8,32.0,Clap Hanz,E
1417,Dead Rising 2,PS3,2010.0,Action,Capcom,0.43,0.56,0.15,0.21,80.0,54.0,6.7,178.0,Blue Castle Games,M
1658,WWE 2K16,PS4,2015.0,Sports,Take-Two Interactive,0.41,0.6,0.0,0.2,73.0,47.0,7.4,237.0,Yuke's,T
212,Uncharted: Drake's Fortune,PS3,2007.0,Action,Sony Computer Entertainment,2.31,1.72,0.12,0.77,88.0,66.0,8.1,2306.0,"Naughty Dog, SCE/WWS",T
10280,Pimp My Ride,X360,2006.0,Racing,Activision,0.1,0.0,0.0,0.01,38.0,14.0,3.8,29.0,Eutechnyx,T
5735,Sonic Boom: Rise of Lyric,WiiU,2014.0,Action,Sega,0.19,0.09,0.0,0.03,32.0,28.0,3.6,587.0,Big Red Button Entertainment,E10+
792,Borderlands,PS3,2009.0,Shooter,Take-Two Interactive,1.2,0.6,0.0,0.29,83.0,58.0,7.9,427.0,Gearbox Software,M
233,The Legend of Zelda: The Wind Waker,GC,2002.0,Action,Nintendo,2.6,0.99,0.89,0.13,96.0,80.0,8.9,968.0,Nintendo,E
9853,Tony Hawk's Pro Skater 5,XOne,2015.0,Sports,Activision,0.09,0.02,0.0,0.01,39.0,18.0,2.1,132.0,Robomodo,T
209,Link's Crossbow Training,Wii,2007.0,Shooter,Nintendo,3.05,1.17,0.29,0.46,68.0,34.0,7.1,47.0,Nintendo,T
13074,Sigma Star Saga,GBA,2005.0,Role-Playing,Atari,0.04,0.01,0.0,0.0,68.0,34.0,8.2,6.0,WayForward,E10+
4498,TimeSplitters,PS2,2000.0,Shooter,Eidos Interactive,0.21,0.17,0.0,0.06,81.0,23.0,8,40.0,Free Radical Design,T
12067,Catwoman,GC,2004.0,Action,Electronic Arts,0.05,0.01,0.0,0.0,47.0,24.0,6.1,7.0,Argonaut Games,T
9068,Victorious Boxers: Revolution,Wii,2007.0,Fighting,Ubisoft,0.07,0.0,0.06,0.01,59.0,26.0,5.4,8.0,Cavia Inc.,T
2413,Ghostbusters: The Video Game,Wii,2009.0,Action,Atari,0.59,0.2,0.0,0.07,76.0,29.0,8.5,28.0,Red Fly Studio,E10+
6598,Surfing H3O,PS2,2000.0,Sports,Take-Two Interactive,0.12,0.1,0.0,0.03,46.0,15.0,4.6,8.0,Opus,E
13580,Enemy Front,X360,2014.0,Shooter,Namco Bandai Games,0.02,0.02,0.0,0.0,35.0,8.0,5.8,78.0,CI Games,M
9551,Tom Clancy's Splinter Cell: Double Agent,Wii,2006.0,Action,Ubisoft,0.1,0.01,0.0,0.01,61.0,12.0,7.4,16.0,Ubisoft Shanghai,M
834,Peter Jackson's King Kong: The Official Game of the Movie,PS2,2005.0,Action,Ubisoft,0.71,1.02,0.0,0.31,82.0,41.0,8.2,68.0,Ubisoft Montpellier,T
871,Forza Horizon,X360,2012.0,Racing,Microsoft Game Studios,0.82,0.93,0.04,0.18,85.0,83.0,8.4,431.0,"PLAYGROUND, Playground Games",T
1618,Crash Bandicoot: The Wrath of Cortex,XB,2002.0,Platform,Universal Interactive,0.59,0.57,0.0,0.07,70.0,16.0,8.1,19.0,Traveller's Tales,E
1220,Go Vacation,Wii,2011.0,Misc,Namco Bandai Games,0.42,0.65,0.33,0.14,64.0,28.0,7.8,13.0,Namco Bandai Games,E10+
1765,Medal of Honor: Warfighter,X360,2012.0,Action,Electronic Arts,0.59,0.45,0.01,0.1,53.0,43.0,5.4,437.0,Danger Close,M
8009,Driver: San Francisco,PC,2011.0,Racing,Ubisoft,0.05,0.1,0.0,0.03,80.0,11.0,7,332.0,Ubisoft Reflections,T
9687,Eat Lead: The Return of Matt Hazard,X360,2009.0,Shooter,D3Publisher,0.1,0.01,0.0,0.01,53.0,53.0,7,27.0,Vicious Cycle,T
15267,Test Drive Unlimited,PC,2007.0,Racing,Atari,0.0,0.02,0.0,0.0,79.0,18.0,8.1,124.0,Eden Studios,T
2001,Brink,X360,2011.0,Shooter,Bethesda Softworks,0.59,0.35,0.01,0.09,68.0,85.0,5.8,404.0,Splash Damage,T
5609,World of Warcraft: Legion,PC,2016.0,Role-Playing,Activision,0.13,0.16,0.0,0.03,88.0,62.0,7.5,535.0,Blizzard Entertainment,T
7923,Binary Domain,X360,2012.0,Action,Sega,0.09,0.06,0.02,0.02,74.0,43.0,8,185.0,Sega,M
1485,Assassin's Creed III: Liberation,PSV,2012.0,Action,Ubisoft,0.53,0.48,0.06,0.24,70.0,71.0,7.2,318.0,Ubisoft,M
5990,UEFA Euro 2016,PS4,2016.0,Sports,Konami Digital Entertainment,0.0,0.22,0.04,0.04,72.0,7.0,6.6,8.0,Konami,E
11067,Spectral Force Genesis,DS,2008.0,Role-Playing,Nobilis,0.08,0.0,0.01,0.01,46.0,8.0,7,5.0,"Neverland, Idea Factory",T
13519,Mafia,PC,2002.0,Action,Take-Two Interactive,0.0,0.04,0.0,0.01,88.0,27.0,9.1,863.0,Illusion Softworks,M
3078,One Piece: Pirate Warriors 2,PS3,2013.0,Action,Namco Bandai Games,0.0,0.19,0.42,0.05,71.0,35.0,7.8,61.0,Omega Force,T
4833,Mafia II,PC,2010.0,Action,Take-Two Interactive,0.17,0.17,0.0,0.05,77.0,46.0,7.9,1238.0,2K Czech,M
8402,RC Revenge Pro,PS2,2000.0,Racing,Acclaim Entertainment,0.08,0.06,0.0,0.02,49.0,13.0,7.6,7.0,Acclaim,E
6206,Mister Mosquito,PS2,2001.0,Shooter,Eidos Interactive,0.05,0.04,0.17,0.01,65.0,23.0,4.9,11.0,Zoom,T
4381,World Soccer Winning Eleven 9,XB,2005.0,Sports,Konami Digital Entertainment,0.06,0.33,0.02,0.03,89.0,19.0,7.9,9.0,KCET,E
10819,Medieval II: Total War,PC,2006.0,Strategy,Sega,0.0,0.08,0.0,0.02,88.0,39.0,8.9,648.0,Creative Assembly,T
3803,Batman: Arkham City,PC,2011.0,Action,Warner Bros. Interactive Entertainment,0.16,0.28,0.0,0.09,91.0,27.0,8.6,1847.0,Rocksteady Studios,T
9717,Chessmaster: The Art of Learning,PSP,2008.0,Misc,Ubisoft,0.11,0.0,0.0,0.01,64.0,4.0,8.4,18.0,Ubisoft,E
4770,Tales of Zestiria,PS4,2015.0,Role-Playing,Namco Bandai Games,0.17,0.15,0.02,0.06,72.0,59.0,6.8,315.0,Bandai Namco Games,T
2004,UFC Undisputed 3,PS3,2012.0,Action,THQ,0.55,0.32,0.03,0.13,86.0,30.0,7.4,92.0,Yuke's,T
3047,Thrillville,PS2,2006.0,Strategy,Atari,0.55,0.02,0.0,0.09,69.0,32.0,2.9,52.0,Frontier Developments,E10+
14474,Zero Escape: Virtue's Last Reward,3DS,2012.0,Adventure,Rising Star Games,0.03,0.0,0.0,0.0,88.0,15.0,8.8,188.0,ChunSoft,M
15194,DiRT,PC,2007.0,Racing,Codemasters,0.0,0.02,0.0,0.0,84.0,20.0,7.3,91.0,Codemasters,E
10740,MotoGP 07,PS2,2007.0,Racing,Capcom,0.05,0.04,0.0,0.01,62.0,26.0,9.1,7.0,Milestone,E
3095,Disney's Chicken Little,PS2,2005.0,Platform,Disney Interactive Studios,0.32,0.25,0.0,0.08,60.0,20.0,8.9,7.0,Avalanche Software,E10+
3285,Metroid Prime: Trilogy,Wii,2009.0,Shooter,Nintendo,0.42,0.05,0.0,0.14,91.0,48.0,9.3,316.0,Retro Studios,T
1313,Onimusha 3: Demon Siege,PS2,2004.0,Action,Capcom,0.37,0.47,0.54,0.07,85.0,53.0,8.6,73.0,Capcom,M
6423,Fish Tycoon,DS,2007.0,Simulation,Majesco Entertainment,0.24,0.0,0.0,0.02,46.0,9.0,7,6.0,"LDW, Big Fish Games",E
2903,Skylanders: Trap Team,WiiU,2014.0,Action,Activision,0.38,0.26,0.0,0.06,86.0,4.0,7.1,18.0,Toys for Bob,E10+
9573,Warriors Orochi 2,PS2,2008.0,Action,Tecmo Koei,0.06,0.05,0.0,0.02,52.0,9.0,8.5,13.0,Omega Force,T
3333,Dead Island: Riptide,PS3,2013.0,Action,Deep Silver,0.26,0.19,0.07,0.09,62.0,25.0,5.9,140.0,Techland,M
16532,Pro Evolution Soccer 2010,PC,2009.0,Sports,Konami Digital Entertainment,0.0,0.01,0.0,0.0,78.0,8.0,6.9,49.0,Konami,E
3053,NHL 10,X360,2009.0,Sports,Electronic Arts,0.51,0.1,0.0,0.06,88.0,52.0,8.4,71.0,EA Canada,E10+
12670,The History Channel: Battle for the Pacific,X360,2007.0,Shooter,Activision,0.05,0.0,0.0,0.0,35.0,11.0,6.1,21.0,Cauldron Ltd.,T
11178,Spectral Force 3,X360,2006.0,Role-Playing,Idea Factory,0.08,0.0,0.0,0.01,59.0,16.0,7.5,19.0,Xpec,T
10115,TMNT,PSP,2007.0,Action,Ubisoft,0.1,0.0,0.0,0.01,37.0,7.0,4.1,12.0,Ubisoft Montreal,E10+
9331,King Arthur,PS2,2004.0,Action,Konami Digital Entertainment,0.07,0.05,0.0,0.02,59.0,22.0,8,10.0,Krome Studios,T
10683,College Hoops 2K6,XB,2005.0,Sports,Take-Two Interactive,0.07,0.02,0.0,0.0,82.0,17.0,9.2,6.0,2K Sports,E
11158,Nobunaga's Ambition: Iron Triangle,PS2,2006.0,Strategy,Tecmo Koei,0.04,0.03,0.0,0.01,76.0,8.0,8,7.0,Koei,E10+
7971,SBK X: Superbike World Championship,X360,2010.0,Racing,Black Bean Games,0.1,0.07,0.0,0.02,74.0,13.0,8.3,8.0,Milestone S.r.l,E10+
14714,Syberia II,XB,2004.0,Adventure,Ubisoft,0.02,0.01,0.0,0.0,71.0,7.0,8.7,6.0,Microids,T
4607,James Bond 007: Everything or Nothing,GC,2004.0,Shooter,Electronic Arts,0.32,0.08,0.0,0.01,84.0,41.0,8.2,25.0,EA Redwood Shores,T
12351,Mobile Suit Gundam Seed: Never Ending Tomorrow,PS2,2004.0,Shooter,Namco Bandai Games,0.03,0.02,0.0,0.01,45.0,16.0,7.8,10.0,Bec,T
4466,Classic NES Series: Metroid,GBA,2004.0,Adventure,Nintendo,0.26,0.1,0.07,0.01,58.0,9.0,8.6,18.0,Nintendo,E
7800,NHL Hitz Pro,PS2,2003.0,Sports,Midway Games,0.09,0.07,0.0,0.02,79.0,23.0,8.9,13.0,Next Level Games,E
8719,Paris-Dakar Rally,PS2,2001.0,Racing,Acclaim Entertainment,0.08,0.06,0.0,0.02,36.0,6.0,3.9,15.0,Broadsword Interactive,E
10126,MLB Power Pros,PS2,2007.0,Sports,Konami Digital Entertainment,0.0,0.0,0.11,0.0,80.0,10.0,8.8,11.0,Konami,E
1092,Spy Hunter,PS2,2001.0,Racing,Midway Games,1.13,0.32,0.0,0.22,84.0,28.0,7.8,13.0,Paradigm Entertainment,T
9761,PixelJunk Monsters Deluxe,PSP,2010.0,Strategy,Sony Computer Entertainment,0.11,0.0,0.0,0.01,86.0,27.0,7.9,32.0,Q-Games,E
4913,Until Dawn: Rush of Blood,PS4,2016.0,Adventure,Sony Computer Entertainment,0.18,0.15,0.0,0.07,72.0,49.0,8,68.0,SuperMassive Games,M
3771,Overwatch,PC,2016.0,Shooter,Activision,0.25,0.24,0.0,0.04,91.0,62.0,6.8,4052.0,Blizzard Entertainment,T
5268,Football Manager Handheld 2010,PSP,2009.0,Sports,Sega,0.0,0.26,0.0,0.09,69.0,10.0,6.9,7.0,Sports Interactive,E
1109,Kirby's Return to Dreamland,Wii,2011.0,Platform,Nintendo,0.58,0.21,0.79,0.07,77.0,49.0,8.5,156.0,HAL Labs,E10+
4655,Zone of the Enders: The 2nd Runner,PS2,2003.0,Simulation,Konami Digital Entertainment,0.15,0.12,0.11,0.04,82.0,33.0,8.9,65.0,KCEJ,M
14930,Lost Planet 2,PC,2010.0,Shooter,Capcom,0.0,0.02,0.0,0.0,63.0,15.0,6.3,87.0,Capcom,T
1038,Madden NFL 2005,XB,2004.0,Sports,Electronic Arts,1.61,0.03,0.0,0.08,91.0,39.0,7.6,26.0,EA Tiburon,E
8398,Fairytale Fights,PS3,2009.0,Action,Playlogic Game Factory,0.11,0.03,0.0,0.02,53.0,34.0,6,22.0,"Playlogic, The Game Factory",M
10336,Where the Wild Things Are,PS3,2009.0,Platform,Warner Bros. Interactive Entertainment,0.09,0.01,0.0,0.01,53.0,8.0,4.8,4.0,Griptonite Games,E10+
934,The Legend of Dragoon,PS,1999.0,Role-Playing,Sony Computer Entertainment,0.94,0.44,0.39,0.1,74.0,12.0,8.4,248.0,SCEI,T
9231,Rayman Arena,GC,2002.0,Racing,Ubisoft,0.11,0.03,0.0,0.0,60.0,10.0,7.2,6.0,Ubisoft,E
4490,Naruto Shippuden: Ultimate Ninja Storm Revolution,PS3,2014.0,Fighting,Namco Bandai Games,0.15,0.14,0.09,0.06,73.0,26.0,7.5,100.0,CyberConnect2,T
10071,Stubbs the Zombie in Rebel Without a Pulse,XB,2005.0,Action,THQ,0.08,0.02,0.0,0.0,75.0,55.0,8.1,16.0,Wideload Games Inc.,M
1737,Spore,PC,2008.0,Strategy,Electronic Arts,0.03,1.06,0.0,0.08,84.0,75.0,5.3,1711.0,Maxis,E10+
12097,The Sims 2: Seasons,PC,2007.0,Simulation,Electronic Arts,0.01,0.04,0.0,0.01,78.0,20.0,7.3,29.0,Maxis,T
561,Madden NFL 11,X360,2010.0,Sports,Electronic Arts,2.38,0.12,0.0,0.18,84.0,47.0,5.7,120.0,EA Tiburon,E
11800,Super Ghouls 'n Ghosts,GBA,2002.0,Platform,Capcom,0.05,0.02,0.0,0.0,78.0,19.0,8.8,4.0,Capcom,E
15807,Pirates: Legend of the Black Buccaneer,PS2,2006.0,Adventure,10TACLE Studios,0.01,0.01,0.0,0.0,42.0,4.0,7,5.0,WideScreen Games,T
1162,The Legend of Zelda: Twilight Princess,GC,2006.0,Action,Nintendo,1.15,0.36,0.04,0.04,96.0,16.0,9.2,568.0,Nintendo,T
10113,Where the Wild Things Are,X360,2009.0,Platform,Warner Bros. Interactive Entertainment,0.1,0.0,0.0,0.01,51.0,10.0,5.4,5.0,Griptonite Games,E10+
11416,FIFA Soccer 2005,GBA,2004.0,Sports,Electronic Arts,0.06,0.02,0.0,0.0,75.0,4.0,7.8,5.0,EA Canada,E
5825,Shrek Swamp Kart Speedway,GBA,2002.0,Racing,TDK Mediactive,0.22,0.08,0.0,0.01,27.0,5.0,8.9,19.0,Prolific,E
1527,Deal or No Deal,Wii,2009.0,Misc,Zoo Games,1.2,0.0,0.0,0.09,56.0,4.0,5,5.0,Artefacts Studio,E
11136,Test Drive: Eve of Destruction,XB,2004.0,Racing,Atari,0.07,0.02,0.0,0.0,72.0,28.0,8.7,7.0,Monster Games Inc.,T
2930,Driver: San Francisco,X360,2011.0,Racing,Ubisoft,0.25,0.37,0.0,0.07,80.0,63.0,7.6,130.0,Ubisoft Reflections,T
14598,Codename: Panzers Cold War,PC,2009.0,Strategy,Atari,0.0,0.02,0.0,0.0,67.0,28.0,5.8,8.0,Stormregion,T
4483,"The Chronicles of Narnia: The Lion, The Witch and The Wardrobe",PS2,2005.0,Action,Disney Interactive Studios,0.36,0.01,0.0,0.06,68.0,36.0,8.4,17.0,Traveller's Tales,T
2291,Just Cause 3,XOne,2015.0,Action,Square Enix,0.44,0.39,0.0,0.08,71.0,24.0,7,186.0,Avalanche Studios,M
8377,World Tour Soccer 2006,PS2,2004.0,Sports,Sony Computer Entertainment,0.08,0.06,0.0,0.02,56.0,20.0,6,7.0,SCEE London Studio,E
1649,NBA 2K2,PS2,2002.0,Sports,Sega,0.59,0.46,0.01,0.15,89.0,19.0,7.8,16.0,Visual Concepts,E
4636,Paper Mario: Color Splash,WiiU,2016.0,Role-Playing,Nintendo,0.2,0.14,0.05,0.03,75.0,72.0,6.8,208.0,"Nintendo, Intelligent Systems",E
7969,The Lord of the Rings: War in the North,PC,2011.0,Action,Warner Bros. Interactive Entertainment,0.05,0.11,0.0,0.03,66.0,21.0,7.1,289.0,Snowblind Studios,M
2724,DJ Hero 2,PS3,2010.0,Misc,Activision,0.47,0.19,0.0,0.1,86.0,46.0,7.8,22.0,FreeStyleGames,T
938,Just Cause 3,PS4,2015.0,Action,Square Enix,0.47,1.03,0.07,0.28,73.0,42.0,6.5,403.0,Avalanche Studios,M
4510,Ghostbusters: The Video Game,PS2,2009.0,Action,Atari,0.15,0.04,0.0,0.24,64.0,9.0,8.7,6.0,War Drum Studios,E10+
14697,Mighty No. 9,WiiU,2016.0,Platform,Deep Silver,0.02,0.01,0.0,0.0,48.0,9.0,4.6,78.0,Inti Creates,E10+
998,Def Jam: Fight for NY,PS2,2004.0,Fighting,Electronic Arts,0.86,0.67,0.0,0.22,83.0,46.0,8.9,73.0,Aki Corp.,M
4528,Tales of the World: Radiant Mythology,PSP,2006.0,Role-Playing,Ubisoft,0.17,0.01,0.23,0.02,66.0,27.0,7.8,25.0,Alfa System,T
9942,LEGO Batman 2: DC Super Heroes,WiiU,2013.0,Action,Warner Bros. Interactive Entertainment,0.04,0.06,0.0,0.01,77.0,7.0,7.3,31.0,TT Games,E10+
2907,Catherine,PS3,2011.0,Adventure,Deep Silver,0.3,0.14,0.2,0.06,79.0,61.0,8.1,372.0,Atlus,M
12304,NanoBreaker,PS2,2005.0,Action,Konami Digital Entertainment,0.03,0.02,0.0,0.01,51.0,38.0,6.7,11.0,KCET,M
3538,Disney Universe,X360,2011.0,Action,Disney Interactive Studios,0.37,0.14,0.0,0.05,66.0,31.0,5.3,13.0,Eurocom Entertainment Software,E10+
5993,Wanted: Weapons of Fate,PS3,2009.0,Shooter,Warner Bros. Interactive Entertainment,0.14,0.1,0.01,0.04,61.0,56.0,7.1,25.0,GRIN,M
915,Batman: Arkham Origins,X360,2013.0,Action,Warner Bros. Interactive Entertainment,1.15,0.56,0.0,0.17,74.0,46.0,7.5,685.0,WB Games Montreal,T
15489,Darksiders: Warmastered Edition,PS4,2016.0,Action,Nordic Games,0.02,0.0,0.0,0.0,79.0,9.0,8.5,15.0,Nordic Games Publishing,M
11726,Zero Escape: Zero Time Dilemma,3DS,2016.0,Adventure,Aksys Games,0.05,0.0,0.02,0.01,81.0,18.0,8.5,72.0,"Spike Chunsoft, Chime",M
11993,Vanguard Bandits,PS,1998.0,Strategy,Human Entertainment,0.04,0.03,0.0,0.0,62.0,5.0,7.4,15.0,S-Neo,T
1817,The Legend of Zelda: Tri Force Heroes,3DS,2015.0,Action,Nintendo,0.53,0.33,0.17,0.08,73.0,73.0,7.6,179.0,Nintendo,E
3108,The Last Story,Wii,2011.0,Role-Playing,Nintendo,0.3,0.13,0.18,0.04,80.0,61.0,8.4,179.0,"Mistwalker, Artoon",T
3949,Avatar: The Last Airbender,GC,2006.0,Adventure,THQ,0.39,0.1,0.0,0.01,60.0,10.0,6.5,4.0,AWE Games,E10+
337,Assassin's Creed IV: Black Flag,PS3,2013.0,Action,Ubisoft,1.33,1.68,0.13,0.57,88.0,36.0,8.1,840.0,Ubisoft,M
8991,Rayman Raving Rabbids,DS,2007.0,Misc,Ubisoft,0.13,0.01,0.0,0.01,56.0,13.0,6.1,8.0,Ubisoft Bulgaria,E
6431,The Incredible Hulk,X360,2008.0,Action,Sega,0.22,0.02,0.0,0.02,55.0,42.0,6.4,24.0,Edge of Reality,T
10111,ECW Anarchy Rulz,PS,1999.0,Fighting,Acclaim Entertainment,0.06,0.04,0.0,0.01,43.0,7.0,6.3,4.0,Acclaim,E
15369,SBK: Snowboard Kids,DS,2005.0,Sports,Rising Star Games,0.02,0.0,0.0,0.0,63.0,14.0,6.5,4.0,Racjin,E
5822,Star Wars Episode III: Revenge of the Sith,DS,2005.0,Action,Ubisoft,0.25,0.03,0.0,0.02,73.0,22.0,7.8,19.0,Ubisoft,E10+
2815,LEGO Dimensions,PS4,2015.0,Action,Warner Bros. Interactive Entertainment,0.24,0.37,0.0,0.12,80.0,53.0,7.1,65.0,Traveller's Tales,E10+
8957,NHL 2K10,X360,2009.0,Sports,Take-Two Interactive,0.11,0.02,0.0,0.01,69.0,31.0,7.9,15.0,Take-Two Interactive,E10+
10890,Scaler,PS2,2004.0,Platform,Take-Two Interactive,0.05,0.04,0.0,0.01,70.0,20.0,8.6,18.0,Artificial Mind and Movement,E
7482,Gallop Racer 2003: A New Breed,PS2,2002.0,Sports,Zoo Digital Publishing,0.04,0.03,0.12,0.01,68.0,16.0,8.5,15.0,Tecmo,E
3782,Excite Truck,Wii,2006.0,Racing,Nintendo,0.39,0.03,0.08,0.04,72.0,57.0,8.4,83.0,Monster Games Inc.,E
1144,NFL Street 2,PS2,2004.0,Sports,Electronic Arts,0.79,0.62,0.0,0.21,77.0,33.0,8.7,20.0,EA Tiburon,E
13989,Greg Hastings' Tournament Paintball Max'd,DS,2006.0,Shooter,Activision,0.03,0.0,0.0,0.0,39.0,4.0,7.4,10.0,Nightlight Studios,E10+
13029,Piglet's Big Game,GC,2003.0,Platform,Gotham Games,0.04,0.01,0.0,0.0,70.0,4.0,8,5.0,Doki Denki,E
2860,DiRT 3,X360,2011.0,Racing,Codemasters,0.23,0.4,0.01,0.08,87.0,81.0,7.1,166.0,Codemasters,T
1221,Pro Evolution Soccer 2013,PS3,2012.0,Sports,Konami Digital Entertainment,0.18,0.63,0.49,0.24,82.0,37.0,6.7,146.0,Konami,E
12360,Monster Tale,DS,2011.0,Platform,Majesco Entertainment,0.06,0.0,0.0,0.0,79.0,15.0,8,15.0,DreamRift,E
9234,How to Train Your Dragon,X360,2010.0,Action,Activision,0.11,0.02,0.0,0.01,58.0,23.0,7.6,10.0,Etranges Libellules,E10+
2003,WipEout Pure,PSP,2005.0,Racing,Sony Computer Entertainment,0.47,0.34,0.0,0.23,88.0,56.0,7.9,102.0,Studio Liverpool,E
12936,UEFA Euro 2004: Portugal,XB,2004.0,Sports,Electronic Arts,0.04,0.01,0.0,0.0,74.0,21.0,8.1,9.0,EA Canada,E
7077,Tiger Woods PGA Tour 2003,GC,2002.0,Sports,Electronic Arts,0.18,0.05,0.0,0.01,90.0,10.0,8,5.0,EA Sports,E
4924,Monopoly Streets,PS3,2010.0,Misc,Electronic Arts,0.16,0.17,0.0,0.06,64.0,11.0,6.1,9.0,Electronic Arts,E
1672,The Lord of the Rings: The Fellowship of the Ring,PS2,2002.0,Action,Black Label Games,0.59,0.46,0.0,0.15,59.0,19.0,5.1,20.0,Surreal Software,T
4055,Medal of Honor,PC,2010.0,Shooter,Electronic Arts,0.2,0.23,0.0,0.06,72.0,26.0,6.4,516.0,"Dice, Danger Close",M
7301,Star Wars: The Force Unleashed II,DS,2010.0,Action,LucasArts,0.17,0.03,0.0,0.02,43.0,5.0,4,5.0,LucasArts,T
1808,Tom Clancy's Rainbow Six 3: Black Arrow,XB,2004.0,Shooter,Ubisoft,0.99,0.12,0.0,0.02,84.0,55.0,8.6,14.0,Ubisoft Montreal,M
12684,Exist Archive: The Other Side of the Sky,PSV,2015.0,Role-Playing,Aksys Games,0.01,0.0,0.05,0.0,71.0,8.0,8.3,12.0,Tri-Ace,T
2275,Xenoblade Chronicles,Wii,2010.0,Role-Playing,Nintendo,0.43,0.25,0.16,0.07,92.0,59.0,8.9,950.0,Monolith Soft,T
12058,Digimon World Championship,DS,2008.0,Role-Playing,Namco Bandai Games,0.0,0.0,0.07,0.0,49.0,6.0,6.5,13.0,Epics,E
11245,The Smurfs 2,WiiU,2013.0,Platform,Ubisoft,0.04,0.03,0.0,0.01,42.0,5.0,5.6,21.0,WayForward,E
2045,The Simpsons Game,Wii,2007.0,Action,Electronic Arts,0.45,0.46,0.0,0.11,64.0,19.0,6.1,38.0,"Electronic Arts, Rebellion",T
8496,F1 2011,3DS,2011.0,Racing,Codemasters,0.07,0.08,0.0,0.02,59.0,15.0,6.8,13.0,Codemasters,E
5113,Prince of Persia: The Forgotten Sands,PSP,2010.0,Action,Ubisoft,0.09,0.18,0.01,0.1,65.0,10.0,7.4,14.0,Ubisoft Quebec,T
1295,Tom Clancy's Ghost Recon: Future Soldier,X360,2012.0,Shooter,Ubisoft,0.93,0.4,0.02,0.12,79.0,75.0,7.2,334.0,Ubisoft Paris,M
4687,Football Manager Handheld 2011,PSP,2010.0,Sports,Sega,0.0,0.27,0.0,0.14,77.0,5.0,7.7,6.0,Sports Interactive,E
14631,Doom 3 BFG Edition,PC,2012.0,Shooter,Bethesda Softworks,0.0,0.02,0.0,0.0,59.0,12.0,5.3,210.0,id Software,M
11453,Supremacy MMA,X360,2011.0,Fighting,505 Games,0.05,0.02,0.0,0.01,49.0,17.0,6.2,11.0,Kung Fu Factory,M
444,Rhythm Heaven,DS,2008.0,Misc,Nintendo,0.55,0.5,1.93,0.13,83.0,48.0,9,63.0,Nintendo,E
5519,Medal of Honor: Warfighter,PC,2012.0,Action,Electronic Arts,0.14,0.15,0.0,0.04,55.0,30.0,5.4,599.0,Danger Close,M
858,Harry Potter and the Chamber of Secrets,GBA,2002.0,Action,Electronic Arts,1.21,0.64,0.05,0.09,76.0,11.0,7.9,14.0,Eurocom Entertainment Software,E
4439,The Legend of Spyro: Dawn of the Dragon,PS3,2008.0,Platform,Vivendi Games,0.19,0.18,0.0,0.07,59.0,22.0,6.6,36.0,Etranges Libellules,E10+
5321,Sniper Elite 3,XOne,2014.0,Shooter,505 Games,0.2,0.11,0.0,0.03,63.0,12.0,6.6,68.0,Rebellion,M
841,NBA Live 2004,PS2,2003.0,Sports,Electronic Arts,1.57,0.18,0.0,0.27,86.0,19.0,7.7,41.0,EA Sports,E
595,LEGO Star Wars: The Complete Saga,X360,2007.0,Action,LucasArts,1.53,0.81,0.0,0.24,80.0,24.0,7.4,114.0,Traveller's Tales,E10+
994,The SpongeBob SquarePants Movie,PS2,2004.0,Platform,THQ,1.06,0.54,0.0,0.16,75.0,5.0,9,54.0,Heavy Iron Studios,E
8748,Naruto: Powerful Shippuden,3DS,2012.0,Platform,Namco Bandai Games,0.08,0.02,0.04,0.01,71.0,13.0,5.4,19.0,Inti Creates,E10+
12964,Death Jr. II: Root of Evil,PSP,2006.0,Platform,Konami Digital Entertainment,0.05,0.0,0.0,0.0,68.0,34.0,7.3,9.0,Backbone Entertainment,T
1951,Aliens vs Predator,X360,2010.0,Shooter,Sega,0.55,0.4,0.0,0.11,64.0,64.0,7.3,247.0,Rebellion,M
16137,Super Stardust Ultra VR,PS4,2016.0,Shooter,Sony Computer Entertainment,0.0,0.01,0.0,0.0,66.0,13.0,6.2,13.0,Sony Interactive Entertainment,E10+
7655,Dave Mirra Freestyle BMX 2,XB,2001.0,Sports,Acclaim Entertainment,0.15,0.04,0.0,0.01,76.0,18.0,8.2,6.0,"Z-Axis, Ltd.",T
13535,Boktai 2: Solar Boy Django,GBA,2004.0,Role-Playing,Konami Digital Entertainment,0.03,0.01,0.0,0.0,78.0,20.0,8.5,11.0,KCEJ,T
16595,Micro Machines V4,PS2,2006.0,Racing,Codemasters,0.01,0.0,0.0,0.0,64.0,35.0,6.8,8.0,Supersonic Software,E
12749,Samurai Jack: The Shadow of Aku,PS2,2004.0,Action,Sega,0.03,0.02,0.0,0.01,59.0,21.0,8.4,10.0,Adrenium,T
2445,Wii Fit U,WiiU,2013.0,Sports,Nintendo,0.35,0.23,0.21,0.05,72.0,19.0,7.7,72.0,Nintendo,E
2233,Wipeout: In The Zone,X360,2011.0,Misc,Activision,0.87,0.0,0.0,0.06,39.0,5.0,5.6,8.0,Activision,E10+
11423,NHL 06,GC,2005.0,Sports,Electronic Arts,0.06,0.02,0.0,0.0,78.0,18.0,9.3,7.0,EA Canada,E10+
10946,NCAA March Madness 08,PS3,2007.0,Sports,Electronic Arts,0.08,0.0,0.0,0.01,67.0,15.0,3.8,4.0,EA Canada,E
1176,Dead Rising 3,XOne,2013.0,Action,Microsoft Game Studios,1.06,0.35,0.01,0.15,78.0,69.0,6.8,908.0,Capcom Vancouver,M
11965,Robocalypse,DS,2008.0,Strategy,Tecmo Koei,0.07,0.0,0.0,0.01,78.0,15.0,8.6,18.0,Vogster,E10+
432,Dance Central,X360,2010.0,Misc,MTV Games,2.15,0.76,0.01,0.26,82.0,63.0,7.6,85.0,Harmonix Music Systems,T
6925,Pro Evolution Soccer 2014,X360,2013.0,Action,Konami Digital Entertainment,0.07,0.15,0.0,0.02,80.0,23.0,4.3,113.0,Konami,E
9066,SSX On Tour,XB,2005.0,Sports,Electronic Arts,0.11,0.03,0.0,0.01,81.0,35.0,8.1,10.0,EA Canada,E
13695,Gravity Falls: Legend of the Gnome Gemulets,3DS,2015.0,Action,Ubisoft,0.03,0.0,0.0,0.0,46.0,4.0,5.8,10.0,Ubisoft Osaka,E
1023,Dragon's Dogma,PS3,2012.0,Role-Playing,Capcom,0.41,0.44,0.72,0.17,78.0,38.0,8.3,444.0,Capcom,M
3298,Half-Life 2,XB,2005.0,Shooter,Electronic Arts,0.37,0.21,0.0,0.03,90.0,35.0,8.6,115.0,Valve Software,M
4548,NBA Street,GC,2002.0,Sports,Electronic Arts,0.33,0.09,0.0,0.01,88.0,15.0,8.6,7.0,EA Sports,E
13287,"Warhammer 40,000: Dawn of War",PC,2004.0,Strategy,THQ,0.01,0.03,0.0,0.01,86.0,51.0,8.8,295.0,Relic,M
5424,Star Ocean: Second Evolution,PSP,2008.0,Role-Playing,Square Enix,0.14,0.01,0.16,0.02,75.0,37.0,7.1,26.0,TOSE,T
12859,Gothic 3,PC,2006.0,Role-Playing,JoWood Productions,0.0,0.05,0.0,0.01,63.0,39.0,7.3,519.0,Piranha Bytes,T
7447,J Stars Victory Vs.,PSV,2014.0,Fighting,Namco Bandai Games,0.0,0.03,0.17,0.01,74.0,5.0,7.9,29.0,Bandai Namco Games,T
3401,WWE 2K16,XOne,2015.0,Sports,Take-Two Interactive,0.32,0.22,0.0,0.05,72.0,18.0,5.7,75.0,Yuke's,T
11034,Tom Clancy's EndWar,DS,2008.0,Strategy,Ubisoft,0.08,0.01,0.0,0.01,69.0,11.0,5.8,4.0,"Funatics Software, Funatics",T
1550,Dark Souls II,PS3,2014.0,Role-Playing,Namco Bandai Games,0.4,0.33,0.4,0.15,91.0,69.0,8.1,1107.0,From Software,T
6650,WipEout Fusion,PS2,2002.0,Racing,Sony Computer Entertainment,0.12,0.1,0.0,0.03,83.0,21.0,8.5,43.0,Studio Liverpool,E
7551,Le Mans 24 Hours,PS2,2001.0,Racing,Infogrames,0.09,0.07,0.02,0.02,75.0,19.0,7.6,9.0,Atari,E
9672,Worms 3D,PS2,2003.0,Strategy,Sega,0.06,0.05,0.0,0.02,70.0,31.0,7.8,22.0,Team 17,T
648,Dragon Ball Z: Budokai 2,PS2,2003.0,Fighting,Atari,1.63,0.22,0.51,0.06,66.0,28.0,8.2,92.0,Dimps Corporation,T
2862,Madden NFL 2003,XB,2002.0,Sports,Electronic Arts,0.67,0.02,0.0,0.03,92.0,16.0,8.3,16.0,EA Tiburon,E
4975,Shin Megami Tensei: Devil Survivor Overclocked,3DS,2011.0,Role-Playing,Ghostlight,0.28,0.01,0.06,0.03,78.0,27.0,8.2,97.0,Atlus,T
15676,Pillars of Eternity,PC,2014.0,Role-Playing,Paradox Interactive,0.0,0.02,0.0,0.0,89.0,71.0,8.3,2191.0,Obsidian Entertainment,M
211,Fallout 3,X360,2008.0,Role-Playing,Bethesda Softworks,3.4,0.99,0.09,0.45,93.0,84.0,8.5,1655.0,Bethesda Game Studios,M
9619,Jurassic: The Hunted,X360,2009.0,Shooter,Activision,0.12,0.0,0.0,0.01,60.0,4.0,7.2,21.0,Activision,T
1781,Brave Fencer Musashi,PS,1998.0,Role-Playing,SquareSoft,0.25,0.17,0.65,0.07,81.0,12.0,8.5,17.0,SquareSoft,E
3543,XIII,PS2,2003.0,Shooter,Ubisoft,0.28,0.22,0.0,0.07,73.0,37.0,8.6,35.0,Ubisoft Paris,M
2868,Crysis,PC,2007.0,Shooter,Electronic Arts,0.0,0.69,0.0,0.02,91.0,56.0,8,1970.0,Crytek,M
6830,Azurik: Rise of Perathia,XB,2001.0,Action,Microsoft Game Studios,0.18,0.05,0.0,0.01,52.0,26.0,8.5,14.0,Adrenium,T
12433,Age of Empires Online,PC,2011.0,Strategy,Microsoft Game Studios,0.01,0.04,0.0,0.01,70.0,44.0,5.6,186.0,Gas Powered Games,E10+
14917,Divinity II: Flames of Vengeance,PC,2010.0,Role-Playing,DTP Entertainment,0.0,0.02,0.0,0.01,72.0,4.0,8.3,15.0,Larian Studios,M
10162,Ridge Racer Unbounded,X360,2012.0,Racing,Namco Bandai Games,0.05,0.05,0.0,0.01,71.0,59.0,7.7,56.0,Bugbear,T
9248,Dead Rising 2,PC,2010.0,Action,Capcom,0.1,0.02,0.0,0.01,78.0,17.0,6.3,211.0,Blue Castle Games,M
3979,RPG Maker,PS,1997.0,Role-Playing,ASCII Entertainment,0.11,0.07,0.29,0.03,66.0,11.0,8.2,9.0,Kuusou Kagaku,E
2784,Dragon Age: Inquisition,PC,2014.0,Role-Playing,Electronic Arts,0.33,0.34,0.0,0.06,85.0,45.0,5.9,3926.0,BioWare,M
12570,Coded Arms: Contagion,PSP,2007.0,Shooter,Konami Digital Entertainment,0.05,0.0,0.0,0.01,56.0,20.0,6.6,28.0,Creat Studios,T
1656,Super Street Fighter IV: 3D Edition,3DS,2011.0,Fighting,Capcom,0.55,0.44,0.14,0.09,85.0,69.0,8.1,206.0,Capcom,T
8375,Shrek Extra Large,GC,2002.0,Platform,TDK Mediactive,0.13,0.03,0.0,0.0,36.0,6.0,5.6,23.0,Digital Illusions,T
14883,Medal of Honor: Vanguard,PS2,2007.0,Shooter,Electronic Arts,0.0,0.0,0.03,0.0,63.0,29.0,6.1,34.0,Electronic Arts,T
7484,Blue Dragon Plus,DS,2008.0,Role-Playing,Ignition Entertainment,0.12,0.03,0.05,0.01,69.0,46.0,6.5,15.0,Brownie Brown,E
940,Jak 3,PS2,2004.0,Platform,Sony Computer Entertainment,1.33,0.49,0.0,0.03,84.0,55.0,8.6,246.0,Naughty Dog,T
15762,Castle Shikigami 2,PS2,2004.0,Shooter,Play It,0.01,0.01,0.0,0.0,67.0,4.0,7.4,8.0,Alfa System,E
13068,Wasteland 2,XOne,2015.0,Role-Playing,Deep Silver,0.04,0.01,0.0,0.01,77.0,13.0,7.1,56.0,InXile Entertainment,M
4634,Spec Ops: The Line,X360,2012.0,Shooter,Take-Two Interactive,0.21,0.17,0.0,0.04,76.0,59.0,8.2,319.0,Yager,M
10981,Metal Slug X,PS,2001.0,Shooter,Virgin Interactive,0.05,0.03,0.0,0.01,85.0,9.0,8.8,31.0,ProSoft,T
8241,Dungeon Siege III,PC,2011.0,Role-Playing,Square Enix,0.08,0.08,0.0,0.02,72.0,37.0,4.7,399.0,Obsidian Entertainment,T
1400,Ryse: Son of Rome,XOne,2013.0,Action,Microsoft Game Studios,0.83,0.43,0.0,0.13,60.0,77.0,6.1,1409.0,Crytek,M
15704,James Bond 007: Blood Stone,PC,2010.0,Shooter,Activision,0.02,0.0,0.0,0.0,63.0,17.0,7.1,72.0,Bizarre Creations,T
9616,Burnout,XB,2002.0,Racing,Acclaim Entertainment,0.09,0.03,0.0,0.0,75.0,13.0,6.6,12.0,Criterion Games,E
5188,Sword Art Online: Lost Song,PSV,2015.0,Role-Playing,Namco Bandai Games,0.06,0.04,0.23,0.03,70.0,4.0,7.1,27.0,"Bandai Namco Games, Artdink",T
10190,Karaoke Revolution Presents American Idol Encore,X360,2008.0,Misc,Konami Digital Entertainment,0.1,0.0,0.0,0.01,70.0,7.0,7,6.0,Blitz Games,E
3229,Madden NFL 07,GC,2006.0,Sports,Electronic Arts,0.48,0.13,0.0,0.02,82.0,14.0,9.2,5.0,EA Tiburon,E
5835,BlazBlue: Chrono Phantasma,PS3,2013.0,Fighting,Arc System Works,0.14,0.0,0.14,0.03,83.0,16.0,8.3,64.0,Arc System Works,T
11685,Lost in Blue: Shipwrecked,Wii,2008.0,Adventure,Konami Digital Entertainment,0.07,0.0,0.0,0.01,54.0,11.0,6,6.0,Hudson Soft,E10+
2686,Metroid Prime Hunters,DS,2006.0,Shooter,Nintendo,0.57,0.04,0.11,0.06,85.0,54.0,8,188.0,Nintendo,T
1563,Valkyria Chronicles,PS3,2008.0,Role-Playing,Sega,0.71,0.19,0.24,0.13,86.0,60.0,8.6,433.0,Sega,T
3071,Tom Clancy's EndWar,PS3,2008.0,Strategy,Ubisoft,0.33,0.22,0.01,0.1,76.0,33.0,6.6,42.0,Ubisoft Shanghai,T
7529,"Warhammer 40,000: Space Marine",PC,2011.0,Shooter,THQ,0.09,0.09,0.0,0.03,74.0,34.0,7.4,596.0,Relic,M
1416,The Sims 2,PSP,2005.0,Simulation,Electronic Arts,0.49,0.55,0.0,0.33,65.0,17.0,6.9,32.0,Maxis,T
4601,Pirates of the Caribbean: At World's End,PSP,2007.0,Action,Disney Interactive Studios,0.15,0.17,0.0,0.1,61.0,5.0,7,11.0,Eurocom Entertainment Software,T
12544,Dead Rising 2: Off the Record,PC,2011.0,Action,Capcom,0.04,0.02,0.0,0.01,66.0,10.0,5.3,54.0,Capcom Vancouver,M
10346,Tiger Woods PGA Tour 06,GC,2005.0,Sports,Electronic Arts,0.08,0.02,0.0,0.0,82.0,19.0,4.8,4.0,EA Sports,E
28,Gran Turismo 3: A-Spec,PS2,2001.0,Racing,Sony Computer Entertainment,6.85,5.09,1.87,1.16,95.0,54.0,8.4,314.0,Polyphony Digital,E
355,The Simpsons: Road Rage,PS2,2001.0,Racing,Electronic Arts,2.02,1.17,0.0,0.42,64.0,23.0,7.7,32.0,Fox Interactive,T
12071,Target: Terror,Wii,2008.0,Shooter,Konami Digital Entertainment,0.06,0.0,0.0,0.01,33.0,19.0,2.7,16.0,Leviathan Games,M
14023,C.O.R.E.,DS,2009.0,Shooter,Graffiti,0.03,0.0,0.0,0.0,44.0,16.0,6.9,19.0,NoWay Studio,M
9292,Metal Slug 7,DS,2008.0,Shooter,Ignition Entertainment,0.12,0.0,0.01,0.01,70.0,38.0,7.4,13.0,SNK Playmore,T
4224,Disney's Kim Possible 3: Team Possible,GBA,2005.0,Platform,Disney Interactive Studios,0.33,0.12,0.0,0.01,76.0,6.0,7.7,6.0,Artificial Mind and Movement,E
964,The Orange Box,X360,2007.0,Shooter,Electronic Arts,1.09,0.53,0.02,0.17,96.0,54.0,8.9,797.0,Valve Software,M
120,Call of Duty 4: Modern Warfare,PS3,2007.0,Shooter,Activision,3.11,2.26,0.28,1.03,94.0,44.0,8.4,993.0,Infinity Ward,M
4228,Kessen II,PS2,2001.0,Strategy,THQ,0.13,0.1,0.2,0.03,71.0,15.0,8.3,22.0,Koei,T
5579,Silent Hill: Downpour,X360,2012.0,Action,Konami Digital Entertainment,0.22,0.08,0.0,0.02,68.0,38.0,7.3,269.0,Konami,M
4710,BioShock,PC,2007.0,Shooter,Take-Two Interactive,0.01,0.39,0.0,0.02,96.0,44.0,8.5,3606.0,"Irrational Games, 2K Marin",M
2370,Star Wars: The Force Unleashed,DS,2008.0,Action,LucasArts,0.5,0.28,0.0,0.09,61.0,8.0,5.5,18.0,n-Space,T
2544,NCAA Football 10,PS3,2009.0,Sports,Electronic Arts,0.75,0.0,0.0,0.06,80.0,20.0,6.9,14.0,EA Tiburon,E
5153,The Sims 2: Castaway,PS2,2007.0,Simulation,Electronic Arts,0.3,0.01,0.0,0.05,71.0,17.0,8,15.0,EA Redwood Shores,T
1209,Mafia II,X360,2010.0,Action,Take-Two Interactive,0.85,0.55,0.0,0.15,74.0,79.0,7.8,458.0,2K Czech,M
3123,Farming Simulator 17,PC,2016.0,Simulation,Focus Home Interactive,0.03,0.58,0.0,0.04,64.0,5.0,8,20.0,Giants Software,E
13734,Port Royale 2,PC,2004.0,Strategy,Ascaron Entertainment GmbH,0.0,0.03,0.0,0.01,75.0,20.0,7.7,40.0,Ascaron Entertainment GmbH,T
8985,Tiger Woods PGA Tour,DS,2004.0,Sports,Electronic Arts,0.13,0.0,0.0,0.01,64.0,21.0,7.4,7.0,Sensory Sweep,E
12898,Sega Soccer Slam,XB,2002.0,Sports,Sega,0.04,0.01,0.0,0.0,80.0,15.0,8.5,10.0,Black Box,E
4550,2014 FIFA World Cup Brazil,X360,2014.0,Sports,Electronic Arts,0.15,0.25,0.0,0.03,74.0,29.0,4.4,93.0,EA Canada,E
11299,NASCAR The Game: Inside Line,PS3,2012.0,Racing,Activision,0.07,0.0,0.0,0.01,76.0,4.0,4.5,15.0,Eutechnyx,E
11587,Taz Wanted,GC,2002.0,Platform,Atari,0.06,0.02,0.0,0.0,61.0,5.0,7,5.0,Blitz Games,E
1561,.hack//Infection Part 1,PS2,2002.0,Role-Playing,Atari,0.49,0.38,0.26,0.13,75.0,35.0,8.5,60.0,CyberConnect2,T
1782,Ninja Gaiden Sigma,PS3,2007.0,Action,Eidos Interactive,0.57,0.32,0.09,0.16,88.0,46.0,7.5,155.0,Team Ninja,M
8524,El Shaddai: Ascension of the Metatron,X360,2011.0,Action,Ignition Entertainment,0.07,0.05,0.03,0.01,75.0,44.0,7,47.0,Ignition Entertainment,T
1095,StarCraft II: Heart of the Swarm,PC,2013.0,Strategy,Activision,0.83,0.66,0.0,0.18,86.0,68.0,7.9,1346.0,Blizzard Entertainment,T
9004,Spider-Man: Friend or Foe,Wii,2007.0,Action,Activision,0.13,0.0,0.0,0.01,59.0,29.0,8,6.0,Next Level Games,E10+
14164,Tour de France 2014,PS4,2014.0,Sports,Focus Home Interactive,0.0,0.03,0.0,0.0,53.0,9.0,5.1,22.0,Cyanide,E
677,The Legend of Zelda: Majora's Mask 3D,3DS,2015.0,Action,Nintendo,1.15,0.55,0.47,0.17,89.0,82.0,9,478.0,GREZZO,E10+
3737,War of the Monsters,PS2,2003.0,Fighting,Sony Computer Entertainment,0.26,0.2,0.0,0.07,80.0,41.0,8.9,68.0,Incognito Inc.,T
2976,NCAA Football 2005,XB,2004.0,Sports,Electronic Arts,0.63,0.02,0.0,0.03,89.0,29.0,8,12.0,EA Sports,E
1770,FIFA Soccer 10,PSP,2009.0,Sports,Electronic Arts,0.15,0.67,0.01,0.31,83.0,9.0,7.9,14.0,EA Sports,E
3022,Fossil Fighters: Champions,DS,2010.0,Role-Playing,Nintendo,0.31,0.0,0.34,0.02,68.0,8.0,7.1,11.0,"RED Entertainment, Artdink",E
16114,Sengoku,PC,2011.0,Strategy,Paradox Interactive,0.0,0.01,0.0,0.0,70.0,13.0,6.8,86.0,Paradox Development Studio,T
7856,Lunar Legend,GBA,2002.0,Role-Playing,Media Rings,0.14,0.05,0.0,0.0,79.0,20.0,7.8,8.0,Magic Rings,E
6875,The Adventures of Tintin: The Game,X360,2011.0,Action,Ubisoft,0.07,0.13,0.0,0.03,63.0,35.0,6.1,12.0,Ubisoft Montpellier,E10+
5191,Hamtaro: Ham-Ham Heartbreak,GBA,2002.0,Action,Nintendo,0.26,0.1,0.0,0.01,72.0,7.0,9.3,18.0,Pax Softonica,E
6825,The Simpsons: Road Rage,GC,2001.0,Racing,Electronic Arts,0.19,0.05,0.0,0.01,67.0,16.0,7.7,12.0,Radical Entertainment,T
8113,Gun,GC,2005.0,Shooter,Activision,0.14,0.04,0.0,0.0,77.0,27.0,8.6,8.0,Neversoft Entertainment,M
701,The Sims 3,X360,2010.0,Simulation,Electronic Arts,1.27,0.81,0.0,0.2,76.0,42.0,7.1,71.0,The Sims Studio,T
6170,Dead or Alive,PS,1998.0,Fighting,Sony Computer Entertainment,0.09,0.06,0.1,0.02,84.0,10.0,8.6,18.0,Team Ninja,T
4868,No More Heroes 2: Desperate Struggle,Wii,2010.0,Action,Rising Star Games,0.2,0.11,0.04,0.03,84.0,68.0,8.8,184.0,Grasshopper Manufacture,M
2926,Mobile Suit Gundam: Journey to Jaburo,PS2,2000.0,Simulation,Namco Bandai Games,0.16,0.13,0.36,0.04,58.0,16.0,8.1,49.0,Bandai,T
14027,Chaos Wars,PS2,2006.0,Strategy,Idea Factory,0.0,0.0,0.04,0.0,64.0,9.0,6.9,9.0,Idea Factory,T
4350,NBA Live 2005,GC,2004.0,Sports,Electronic Arts,0.35,0.09,0.0,0.01,83.0,17.0,6.7,7.0,EA Canada,E
9883,Disney's Extreme Skate Adventure,GC,2003.0,Sports,Activision,0.09,0.02,0.0,0.0,76.0,18.0,7.6,5.0,Toys for Bob,E
2013,LEGO Indiana Jones: The Original Adventures,PS3,2008.0,Action,Activision,0.44,0.42,0.0,0.17,77.0,36.0,7.7,30.0,Traveller's Tales,E10+
5677,Fable III,PC,2011.0,Role-Playing,Microsoft Game Studios,0.1,0.17,0.0,0.05,75.0,39.0,5.4,555.0,Lionhead Studios,M
8523,Crash Tag Team Racing,GC,2005.0,Racing,Vivendi Games,0.12,0.03,0.0,0.0,66.0,14.0,7.3,11.0,Radical Entertainment,E10+
2147,de Blob,Wii,2008.0,Platform,THQ,0.49,0.37,0.0,0.1,82.0,48.0,8.6,73.0,Blue Tongue Entertainment,E
2705,Star Wars: The Force Unleashed II,Wii,2010.0,Action,LucasArts,0.52,0.18,0.0,0.06,71.0,10.0,7.8,31.0,"LucasArts, Red Fly Studio",T
11146,Wolfenstein: The Old Blood,PC,2015.0,Action,Bethesda Softworks,0.0,0.08,0.0,0.0,76.0,30.0,7.6,338.0,MachineGames,M
810,Need for Speed: Most Wanted 5-1-0,PSP,2005.0,Racing,Electronic Arts,1.77,0.12,0.02,0.17,72.0,21.0,7.8,54.0,EA Canada,E10+
5317,LEGO Marvel's Avengers,XOne,2016.0,Action,Warner Bros. Interactive Entertainment,0.19,0.12,0.0,0.03,71.0,18.0,5.1,15.0,TT Games,E10+
9410,Kung-Fu: High Impact,X360,2011.0,Action,Black Bean Games,0.08,0.05,0.0,0.01,56.0,18.0,7.8,20.0,Virtual Air Guitar Company,T
312,Monster Hunter 4 Ultimate,3DS,2014.0,Role-Playing,Nintendo,0.68,0.48,2.62,0.11,86.0,80.0,8.7,348.0,Capcom,T
2073,Dynasty Warriors 3: Xtreme Legends,PS2,2002.0,Action,Tecmo Koei,0.13,0.1,0.74,0.03,72.0,16.0,9.3,54.0,Omega Force,T
885,FIFA Soccer 09,X360,2008.0,Sports,Electronic Arts,0.49,1.26,0.01,0.18,87.0,51.0,8,106.0,EA Canada,E
3454,NBA 2K7,X360,2006.0,Sports,Take-Two Interactive,0.53,0.0,0.0,0.04,84.0,46.0,7.8,67.0,"Kush Games, Visual Concepts",E
8485,Robotech: Battlecry,GC,2002.0,Shooter,TDK Mediactive,0.13,0.03,0.0,0.0,74.0,11.0,8.4,5.0,Vicious Cycle,T
1468,Alan Wake,X360,2010.0,Action,Microsoft Game Studios,0.66,0.5,0.05,0.13,83.0,100.0,8.1,1156.0,Remedy Entertainment,T
470,Killzone 2,PS3,2009.0,Shooter,Sony Computer Entertainment,1.4,1.06,0.08,0.47,91.0,94.0,8.1,1505.0,Guerrilla,M
2722,Drawn to Life: The Next Chapter,Wii,2009.0,Puzzle,THQ,0.28,0.39,0.0,0.08,58.0,22.0,6,8.0,Planet Moon Studios,E
10334,Mega Man Zero 4,GBA,2005.0,Platform,Capcom,0.08,0.03,0.0,0.0,77.0,17.0,9.1,21.0,Inti,E
14535,Nacho Libre,DS,2006.0,Action,Majesco Entertainment,0.03,0.0,0.0,0.0,56.0,6.0,5.8,6.0,BudCat,E10+
2744,Final Fantasy Tactics A2: Grimoire of the Rift,DS,2007.0,Role-Playing,Square Enix,0.38,0.03,0.3,0.04,80.0,47.0,6.9,106.0,Square Enix,E10+
8517,Apache: Air Assault,X360,2010.0,Simulation,Activision,0.12,0.03,0.0,0.01,70.0,26.0,6.4,31.0,Gaijin Entertainment,T
7456,You Don't Know Jack,Wii,2011.0,Misc,THQ,0.19,0.0,0.0,0.01,81.0,5.0,7.7,6.0,"Jellyvision, Iron Galaxy Studios",T
1075,Saints Row 2,PS3,2008.0,Action,THQ,0.88,0.54,0.02,0.25,82.0,50.0,7.9,135.0,Volition Inc.,M
3936,The Saboteur,X360,2009.0,Action,Electronic Arts,0.26,0.2,0.0,0.05,73.0,69.0,8.2,141.0,Pandemic Studios,M
4207,Mat Hoffman's Pro BMX 2,PS2,2002.0,Sports,Activision,0.23,0.18,0.0,0.06,76.0,22.0,9.1,7.0,Rainbow Studios,T
2149,Shinobi,PS2,2002.0,Platform,Sony Computer Entertainment,0.36,0.28,0.22,0.09,71.0,33.0,7.9,43.0,Overworks,M
7339,The Bureau: XCOM Declassified,X360,2013.0,Shooter,Take-Two Interactive,0.1,0.1,0.0,0.02,68.0,30.0,6.7,118.0,2K Marin,M
16541,Clive Barker's Jericho,PC,2007.0,Shooter,Codemasters,0.0,0.01,0.0,0.0,63.0,25.0,7.5,218.0,"Mercury Steam, Alchemic Productions",M
2509,Need for Speed: Hot Pursuit 2,XB,2002.0,Racing,Electronic Arts,0.68,0.11,0.0,0.03,75.0,18.0,6.4,15.0,EA Seattle,E
7281,Britney's Dance Beat,GBA,2002.0,Misc,THQ,0.15,0.06,0.0,0.0,53.0,14.0,7.4,5.0,Art,E
11728,Vietcong: Purple Haze,XB,2004.0,Shooter,Gathering of Developers,0.06,0.02,0.0,0.0,57.0,32.0,8.4,11.0,Coyote Developments,M
4067,FIFA Soccer 09,DS,2008.0,Sports,Electronic Arts,0.12,0.31,0.0,0.06,84.0,5.0,6.1,31.0,EA Canada,E
540,The Sims,PS2,2003.0,Simulation,Electronic Arts,1.41,1.12,0.0,0.24,83.0,33.0,7.7,46.0,Edge of Reality,T
4235,Dragon Ball Z: Sagas,PS2,2005.0,Fighting,Atari,0.38,0.01,0.0,0.06,49.0,13.0,5.4,29.0,Avalanche Software,T
5507,Harry Potter and the Deathly Hallows - Part 2,Wii,2011.0,Action,Electronic Arts,0.17,0.13,0.0,0.03,47.0,6.0,6.6,5.0,EA Bright Light,T
754,FIFA 15,XOne,2014.0,Sports,Electronic Arts,0.6,1.42,0.0,0.16,82.0,33.0,5.4,347.0,EA Sports,E
9287,World Championship Poker 2: Featuring Howard Lederer,PSP,2005.0,Misc,505 Games,0.12,0.0,0.0,0.01,65.0,17.0,2.8,17.0,Crave,T
2542,Tom Clancy's Rainbow Six 3,PS2,2004.0,Shooter,Ubisoft,0.4,0.31,0.0,0.1,70.0,34.0,8.2,17.0,Ubisoft Shanghai,M
6073,Dead Rising: Chop Till You Drop,Wii,2009.0,Action,Capcom,0.15,0.07,0.05,0.02,61.0,30.0,6.5,35.0,TOSE,M
5218,Rapala Pro Fishing,PS2,2004.0,Sports,Zoo Digital Publishing,0.18,0.14,0.0,0.05,59.0,6.0,8.7,32.0,Activision,E
15386,Order of War,PC,2009.0,Strategy,Square Enix,0.0,0.01,0.0,0.0,69.0,39.0,7.3,73.0,Wargaming.net,T
6657,Anno 2205,PC,2015.0,Strategy,Ubisoft,0.02,0.22,0.0,0.02,72.0,45.0,5.9,278.0,Blue Byte,E10+
100,Call of Duty: World at War,X360,2008.0,Shooter,Activision,4.81,1.88,0.0,0.69,84.0,84.0,7.6,580.0,Treyarch,M
9308,Red Orchestra 2: Heroes of Stalingrad,PC,2011.0,Shooter,Tripwire Interactive,0.04,0.07,0.0,0.02,76.0,49.0,7.3,729.0,Tripwire Interactive,M
5362,Monster Rancher 4,PS2,2003.0,Simulation,Tecmo Koei,0.08,0.06,0.19,0.02,77.0,21.0,9.1,18.0,Tecmo,E
4766,NBA Jam,Wii,2010.0,Sports,Electronic Arts,0.36,0.02,0.0,0.02,79.0,43.0,8.5,20.0,EA Canada,E
10538,Miami Law,DS,2009.0,Adventure,Konami Digital Entertainment,0.09,0.0,0.0,0.01,56.0,14.0,8.8,4.0,Hudson Entertainment,T
1582,NBA Live 2001,PS,2000.0,Sports,Electronic Arts,0.7,0.47,0.0,0.08,86.0,10.0,8,6.0,EA Sports,E
14028,Steambot Chronicles,PS2,2005.0,Role-Playing,505 Games,0.02,0.01,0.0,0.0,74.0,35.0,8.2,17.0,Irem,T
2431,NBA 2K8,X360,2007.0,Sports,Take-Two Interactive,0.79,0.0,0.0,0.07,81.0,33.0,7,28.0,Visual Concepts,E
1044,Ace Combat 5: The Unsung War,PS2,2004.0,Simulation,Sony Computer Entertainment Europe,0.88,0.34,0.32,0.18,84.0,57.0,9.1,81.0,Namco,T
3799,SpongeBob SquarePants featuring Nicktoons: Globs of Doom,Wii,2008.0,Action,THQ,0.49,0.0,0.0,0.04,47.0,5.0,5.4,10.0,Incinerator Games,E
9015,Wild ARMs 4,PS2,2005.0,Role-Playing,505 Games,0.07,0.06,0.0,0.02,69.0,38.0,7.3,17.0,Media Vision,T
1600,Tom Clancy's Splinter Cell: Pandora Tomorrow,PS2,2004.0,Action,Ubisoft,0.52,0.56,0.0,0.17,87.0,45.0,8.6,34.0,Ubisoft Shanghai,T
1752,Your Shape: Fitness Evolved 2012,X360,2011.0,Sports,Ubisoft,0.7,0.36,0.0,0.1,77.0,13.0,7.6,21.0,Ubisoft,E
9918,Phantasy Star Universe,X360,2006.0,Role-Playing,Sega,0.09,0.01,0.0,0.01,64.0,34.0,7.4,42.0,Sonic Team,T
2040,Wall-E,Wii,2008.0,Platform,THQ,0.51,0.4,0.0,0.11,51.0,18.0,3.6,8.0,Heavy Iron Studios,E
2083,Oddworld: Abe's Exoddus,PS,1998.0,Platform,GT Interactive,0.55,0.38,0.0,0.06,88.0,13.0,9.1,69.0,Oddworld Inhabitants,T
7965,Tiger Woods PGA Tour 07,XB,2006.0,Sports,Electronic Arts,0.13,0.05,0.0,0.01,81.0,21.0,6.8,6.0,EA Redwood Shores,E
6199,Monopoly Streets,X360,2010.0,Misc,Electronic Arts,0.16,0.09,0.0,0.02,66.0,18.0,6.6,16.0,Electronic Arts,E
10909,Psychonauts,PS2,2005.0,Platform,Majesco Entertainment,0.05,0.04,0.0,0.01,86.0,33.0,8.7,61.0,BudCat,T
5147,Mini Ninjas,Wii,2009.0,Action,Eidos Interactive,0.16,0.16,0.0,0.04,79.0,9.0,8.3,12.0,Io Interactive,E10+
175,Final Fantasy IX,PS,2000.0,Role-Playing,SquareSoft,1.62,0.77,2.78,0.14,94.0,22.0,8.9,779.0,SquareSoft,T
2208,NHL 2003,PS2,2002.0,Sports,Electronic Arts,0.46,0.36,0.0,0.12,79.0,20.0,6.8,18.0,EA Sports,E
3787,X-Men Legends,GC,2004.0,Role-Playing,Activision,0.41,0.11,0.0,0.01,81.0,36.0,8.5,11.0,Raven Software,T
12502,Blur,PC,2010.0,Racing,Activision,0.01,0.04,0.0,0.01,81.0,24.0,7.4,177.0,Bizarre Creations,E10+
2441,Ninja Gaiden Sigma 2,PS3,2009.0,Action,Ubisoft Annecy,0.52,0.16,0.08,0.1,83.0,52.0,7.7,115.0,Team Ninja,M
1322,Mass Effect 2,PS3,2011.0,Role-Playing,Electronic Arts,0.78,0.45,0.03,0.19,94.0,62.0,8.5,1081.0,BioWare,M
1603,Winter Sports: The Ultimate Challenge,Wii,2007.0,Sports,RTL,0.45,0.67,0.0,0.12,52.0,15.0,6.8,4.0,49Games,E
4065,Tales of Legendia,PS2,2005.0,Role-Playing,Namco Bandai Games,0.07,0.05,0.35,0.02,72.0,37.0,7.7,38.0,Namco,T
1294,Call of Duty Black Ops: Declassified,PSV,2012.0,Action,Activision,0.71,0.43,0.07,0.26,33.0,58.0,4.8,479.0,Nihilistic,M
1559,Metal Gear Solid V: Ground Zeroes,PS4,2014.0,Action,Konami Digital Entertainment,0.45,0.47,0.17,0.18,75.0,70.0,6.2,1311.0,Kojima Productions,M
10158,The Settlers,DS,2007.0,Action,Ubisoft,0.1,0.0,0.0,0.01,39.0,6.0,5.6,7.0,Blue Byte,E
5577,Marvel: Ultimate Alliance 2,Wii,2009.0,Role-Playing,Activision,0.25,0.05,0.0,0.03,50.0,8.0,5.2,16.0,n-Space,T
5611,Bleach: Shattered Blade,Wii,2006.0,Fighting,Sega,0.21,0.01,0.08,0.02,58.0,30.0,7.5,24.0,Polygon Magic,T
5335,Over the Hedge,GC,2006.0,Platform,Activision,0.27,0.07,0.0,0.01,61.0,21.0,9.3,6.0,Edge of Reality,E10+
4141,Rock Band 4,XOne,2015.0,Misc,Harmonix Music Systems,0.38,0.04,0.0,0.05,79.0,27.0,6.4,54.0,Harmonix Music Systems,T
12499,Theme Park,DS,2007.0,Simulation,Electronic Arts,0.0,0.02,0.03,0.0,72.0,15.0,7.6,14.0,EA Japan Studio,E
15361,Touhou Genso Rondo: Bullet Ballet,PS4,2016.0,Shooter,Nippon Ichi Software,0.02,0.0,0.0,0.0,55.0,19.0,4.7,34.0,"Mediascape, CUBETYPE",E10+
15278,Serious Sam: Next Encounter,GC,2004.0,Shooter,Global Star,0.02,0.0,0.0,0.0,69.0,18.0,8.4,9.0,Climax Group,M
14214,Planescape: Torment,PC,1998.0,Role-Playing,Interplay,0.01,0.02,0.0,0.0,91.0,22.0,9.2,813.0,Black Isle Studios,T
947,NCAA Football 06,PS2,2005.0,Sports,Electronic Arts,1.53,0.05,0.0,0.25,87.0,25.0,8.5,36.0,EA Sports,E
13291,Silhouette Mirage,PS,1998.0,Platform,ESP,0.03,0.02,0.0,0.0,69.0,8.0,7.5,4.0,Treasure,E
3885,Spectrobes: Beyond the Portals,DS,2008.0,Role-Playing,Disney Interactive Studios,0.36,0.11,0.0,0.04,70.0,26.0,7.7,14.0,"Jupiter Corporation, Jupiter Multimedia",E10+
1564,WWE '12,X360,2011.0,Fighting,THQ,0.74,0.4,0.0,0.12,71.0,52.0,6.3,89.0,Yuke's,T
3320,Pac-Man Party,Wii,2010.0,Misc,Namco Bandai Games,0.47,0.08,0.01,0.04,59.0,14.0,5.9,8.0,TOSE,E10+
5192,Okage: Shadow King,PS2,2001.0,Role-Playing,Sony Computer Entertainment,0.14,0.11,0.08,0.04,70.0,23.0,8.5,14.0,Zener Works,T
11495,Super Robot Taisen OG Saga: Endless Frontier,DS,2008.0,Role-Playing,Namco Bandai Games,0.07,0.0,0.0,0.01,73.0,22.0,9,22.0,Monolith Soft,T
847,Battlefield 4,XOne,2013.0,Shooter,Electronic Arts,1.25,0.58,0.0,0.19,81.0,5.0,6.6,480.0,EA DICE,M
8972,Black * Rock Shooter: The Game,PSP,2011.0,Role-Playing,Unknown,0.0,0.0,0.15,0.0,66.0,19.0,7.2,39.0,"Image Epoch, Imageepoch",T
7532,The King of Fighters Collection: The Orochi Saga,PS2,2006.0,Fighting,Ignition Entertainment,0.1,0.08,0.0,0.03,67.0,14.0,8.5,4.0,Terminal Reality,T
4597,Test Drive,XB,2002.0,Racing,Atari,0.35,0.05,0.0,0.02,71.0,16.0,8.7,10.0,Pitbull Syndicate,T
604,Madden NFL 13,PS3,2012.0,Sports,Electronic Arts,2.11,0.22,0.0,0.23,83.0,22.0,5.5,101.0,EA Tiburon,E
2311,James Bond 007: Agent Under Fire,XB,2002.0,Shooter,Electronic Arts,0.65,0.22,0.0,0.03,71.0,16.0,7.5,15.0,Electronic Arts,T
12683,Mercury Meltdown,PSP,2006.0,Action,Atari,0.05,0.0,0.0,0.01,78.0,36.0,7.8,8.0,Ignition Entertainment,E
1982,MVP Baseball 2003,PS2,2003.0,Sports,Electronic Arts,0.51,0.4,0.0,0.13,81.0,22.0,8.9,17.0,EA Sports,E
5728,Bust-A-Move Universe,3DS,2011.0,Puzzle,Square Enix,0.08,0.15,0.06,0.03,49.0,30.0,4.8,13.0,Arika,E
4551,The Legend of Spyro: The Eternal Night,PS2,2007.0,Platform,Vivendi Games,0.21,0.16,0.0,0.05,54.0,18.0,5.4,28.0,Krome Studios,E10+
3749,Valkyria Chronicles II,PSP,2010.0,Role-Playing,Sega,0.12,0.15,0.18,0.09,83.0,54.0,8.1,67.0,Sega,T
8001,Ty the Tasmanian Tiger,XB,2002.0,Platform,Electronic Arts,0.14,0.04,0.0,0.01,68.0,13.0,8.5,11.0,Krome Studios,E
13977,Echo Night Beyond,PS2,2004.0,Adventure,Indie Games,0.02,0.01,0.0,0.0,60.0,22.0,8.8,8.0,From Software,T
11747,Medal of Honor: Underground,GBA,2002.0,Shooter,Zoo Digital Publishing,0.05,0.02,0.0,0.0,46.0,5.0,1.7,11.0,Rebellion,T
10520,JU-ON: The Grudge,Wii,2009.0,Action,Rising Star Games,0.07,0.01,0.01,0.01,39.0,32.0,5.6,34.0,FeelPlus,M
14799,Cossacks: European Wars,PC,2001.0,Strategy,Strategy First,0.0,0.02,0.0,0.0,74.0,16.0,8.6,60.0,GSC Game World,T
5820,Orphen: Scion of Sorcery,PS2,2000.0,Role-Playing,Activision,0.15,0.12,0.0,0.04,54.0,15.0,5.8,8.0,Shade,T
3566,"Warhammer 40,000: Space Marine",X360,2011.0,Shooter,THQ,0.25,0.26,0.0,0.06,76.0,57.0,7.8,232.0,Relic,M
48,Gran Turismo 4,PS2,2004.0,Racing,Sony Computer Entertainment,3.01,0.01,1.1,7.53,89.0,74.0,8.5,272.0,Polyphony Digital,E
501,Cooking Mama: Cook Off,Wii,2007.0,Simulation,505 Games,1.41,1.12,0.05,0.3,61.0,37.0,5.3,23.0,OfficeCreate,E
3185,The Lord of the Rings: Conquest,X360,2009.0,Action,Electronic Arts,0.37,0.2,0.0,0.06,55.0,58.0,7,110.0,Pandemic Studios,T
229,Tomb Raider,PS,1996.0,Action,Eidos Interactive,2.29,1.97,0.13,0.24,91.0,13.0,8.6,147.0,Core Design Ltd.,T
15702,Commandos 3: Destination Berlin,PC,2003.0,Strategy,Eidos Interactive,0.0,0.02,0.0,0.0,72.0,24.0,7.6,83.0,Pyro Studios,T
3007,Armored Core 3,PS2,2002.0,Simulation,Metro 3D,0.22,0.17,0.23,0.06,74.0,23.0,9,33.0,From Software,T
1074,Sonic Colors,Wii,2010.0,Platform,Sega,0.92,0.6,0.01,0.15,78.0,58.0,8.5,301.0,Sonic Team,E
10255,Batman: Return to Arkham,XOne,2016.0,Action,Warner Bros. Interactive Entertainment,0.05,0.05,0.0,0.01,77.0,6.0,8.2,43.0,"Rocksteady Studios, Virtuos",T
7653,Gladius,PS2,2003.0,Strategy,Activision,0.1,0.08,0.0,0.03,78.0,27.0,8,22.0,LucasArts,T
4161,F.E.A.R. 2: Project Origin,PS3,2009.0,Shooter,Warner Bros. Interactive Entertainment,0.19,0.2,0.01,0.08,79.0,48.0,7.9,98.0,Monolith Productions,M
13175,Guilty Gear Dust Strikers,DS,2006.0,Fighting,Majesco Entertainment,0.05,0.0,0.0,0.0,60.0,25.0,5.8,9.0,Arc System Works,T
6878,Etrian Mystery Dungeon,3DS,2015.0,Role-Playing,Nippon Ichi Software,0.09,0.01,0.13,0.01,77.0,44.0,7.9,49.0,Spike Chunsoft,E10+
9578,Spartan: Total Warrior,XB,2005.0,Action,Sega,0.1,0.03,0.0,0.0,73.0,36.0,8.8,12.0,Creative Assembly,M
12630,Lord of Magna: Maiden Heaven,3DS,2014.0,Role-Playing,Marvelous Entertainment,0.0,0.0,0.06,0.0,68.0,16.0,7.8,36.0,Marvelous Inc.,T
14053,Without Warning,PS2,2005.0,Shooter,Capcom,0.02,0.01,0.0,0.0,45.0,25.0,6.5,8.0,CiRCLE,M
1928,Tiger Woods PGA Tour 10,Wii,2009.0,Sports,Electronic Arts,0.6,0.36,0.0,0.11,88.0,44.0,8.8,57.0,EA Tiburon,E
14848,Buffy the Vampire Slayer: Chaos Bleeds,GC,2003.0,Action,Vivendi Games,0.02,0.01,0.0,0.0,75.0,18.0,9,9.0,Eurocom Entertainment Software,T
350,Resident Evil 4,PS2,2005.0,Action,Capcom,2.08,0.83,0.46,0.25,96.0,38.0,8.9,1013.0,Capcom,M
223,Driver 2,PS,2000.0,Action,Atari,2.36,2.1,0.02,0.25,62.0,14.0,7.7,92.0,Reflections Interactive,T
6030,Ace Combat: Joint Assault,PSP,2010.0,Simulation,Namco Bandai Games,0.06,0.05,0.15,0.03,71.0,30.0,7.2,12.0,Project Aces,T
14895,MySims,PC,2008.0,Simulation,Electronic Arts,0.0,0.02,0.0,0.0,70.0,12.0,6.4,8.0,EA Redwood Shores,E
2500,Call of Duty: Modern Warfare 3,Wii,2011.0,Shooter,Activision,0.55,0.2,0.0,0.08,70.0,16.0,1.8,442.0,"Treyarch, Sledgehammer Games",M
10999,Skies of Arcadia,DC,2000.0,Role-Playing,Sega,0.0,0.0,0.09,0.0,93.0,21.0,9.4,98.0,Overworks,T
7959,Dance Central: Spotlight,XOne,2014.0,Misc,Microsoft Game Studios,0.15,0.03,0.0,0.0,74.0,19.0,7,47.0,Harmonix Music Systems,T
3446,Kinect Rush: A Disney Pixar Adventure,X360,2012.0,Adventure,Microsoft Game Studios,0.38,0.15,0.0,0.05,68.0,31.0,5.1,15.0,Asobo Studio,E
3535,The Conduit,Wii,2009.0,Shooter,Sega,0.28,0.23,0.0,0.06,69.0,79.0,8.2,258.0,High Voltage Software,T
11012,echochrome,PSP,2008.0,Puzzle,Sony Computer Entertainment,0.0,0.01,0.08,0.0,79.0,28.0,7.7,13.0,"SCE/WWS, SCE Japan Studio",E
8278,Hitman: HD Trilogy,X360,2013.0,Action,Square Enix,0.07,0.08,0.0,0.02,69.0,14.0,7.2,45.0,Io Interactive,M
8273,X-Men: The Official Game,X360,2006.0,Action,Activision,0.16,0.0,0.0,0.01,52.0,57.0,6.1,20.0,"Z-Axis, Ltd.",T
11263,MetropolisMania,PS2,2001.0,Strategy,Natsume,0.04,0.03,0.0,0.01,63.0,5.0,7.1,16.0,Indi,T
15871,Pirates of the Burning Sea,PC,2008.0,Role-Playing,Koch Media,0.0,0.01,0.0,0.0,76.0,30.0,7.6,61.0,Flying Lab Software,T
7645,Ridge Racer 6,X360,2005.0,Racing,Namco Bandai Games,0.1,0.02,0.07,0.01,74.0,65.0,7.1,28.0,Namco,E
2833,Indiana Jones and the Staff of Kings,Wii,2009.0,Action,Activision,0.36,0.29,0.0,0.07,55.0,32.0,7,28.0,Artificial Mind and Movement,T
8240,Gretzky NHL 2005,PS2,2004.0,Sports,Sony Computer Entertainment,0.08,0.07,0.0,0.02,66.0,24.0,9.1,14.0,Page 44 Studios,E
12051,Crimson Sea 2,PS2,2004.0,Action,Tecmo Koei,0.03,0.03,0.0,0.01,75.0,27.0,8.3,6.0,Koei,T
7768,Shiren the Wanderer,Wii,2008.0,Role-Playing,Sega,0.08,0.0,0.11,0.01,71.0,21.0,7.6,5.0,ChunSoft,T
4095,Plants vs. Zombies: Garden Warfare 2,XOne,2016.0,Shooter,Electronic Arts,0.29,0.15,0.0,0.04,80.0,64.0,8.1,79.0,PopCap,E10+
1189,Fight Night Round 3,PS2,2006.0,Fighting,Electronic Arts,1.07,0.4,0.0,0.1,84.0,32.0,8.1,41.0,EA Chicago,T
5210,MechAssault 2: Lone Wolf,XB,2004.0,Simulation,Microsoft Game Studios,0.27,0.08,0.0,0.01,81.0,66.0,7.5,23.0,Day 1 Studios,T
3990,Tony Hawk's Underground 2,GC,2004.0,Sports,Activision,0.38,0.1,0.0,0.01,82.0,30.0,8.9,17.0,Neversoft Entertainment,T
8060,LEGO Harry Potter: Years 5-7,PSV,2012.0,Action,Warner Bros. Interactive Entertainment,0.07,0.07,0.0,0.03,64.0,19.0,6.8,21.0,Traveller's Tales,E10+
3880,Kung Fu Panda,PS3,2008.0,Action,Activision,0.21,0.21,0.0,0.09,76.0,23.0,7.3,18.0,"Luxoflux, Inc.",E10+
4934,The Sims 2,GBA,2005.0,Simulation,Electronic Arts,0.28,0.1,0.0,0.01,58.0,11.0,7.5,6.0,Maxis,E10+
16383,Smuggler's Run,GBA,2002.0,Racing,Rebellion,0.01,0.0,0.0,0.0,41.0,5.0,4.3,12.0,Destination Software,E
7746,No More Heroes: Heroes' Paradise,PS3,2010.0,Action,Konami Digital Entertainment,0.1,0.04,0.04,0.02,72.0,38.0,7.3,38.0,FeelPlus,M
3945,Midnight Club II,XB,2003.0,Racing,Take-Two Interactive,0.42,0.06,0.0,0.02,86.0,33.0,7.6,12.0,Rockstar San Diego,T
2164,PlayStation All-Stars Battle Royale,PS3,2012.0,Action,Sony Computer Entertainment,0.5,0.27,0.04,0.15,74.0,69.0,7.3,540.0,SuperBot Entertainment,T
13573,FlatOut 2,XB,2006.0,Racing,Empire Interactive,0.03,0.01,0.0,0.0,73.0,38.0,7.3,8.0,Bugbear,T
5666,Marvel Nemesis: Rise of the Imperfects,PSP,2005.0,Fighting,Electronic Arts,0.29,0.0,0.0,0.02,58.0,15.0,8.7,30.0,EA Canada,T
7435,NBA Live 15,XOne,2014.0,Sports,Electronic Arts,0.17,0.02,0.0,0.02,53.0,9.0,6.8,53.0,EA Sports,E
10879,Altered Beast: Guardian of the Realms,GBA,2002.0,Action,THQ,0.07,0.02,0.0,0.0,63.0,13.0,4.8,4.0,3d6 Games,T
15509,Hellgate: London,PC,2007.0,Role-Playing,Electronic Arts,0.0,0.02,0.0,0.0,70.0,40.0,6.3,374.0,Flagship Studios,M
2486,Tiger Woods PGA Tour 11,PS3,2010.0,Sports,Electronic Arts,0.37,0.33,0.0,0.13,78.0,40.0,6.7,17.0,EA Sports,E
11973,Tom Clancy's Splinter Cell: Chaos Theory,DS,2005.0,Action,Ubisoft,0.06,0.0,0.0,0.01,50.0,22.0,7,25.0,Gameloft,T
2024,NBA 2K17,XOne,2016.0,Sports,Take-Two Interactive,0.86,0.06,0.0,0.11,90.0,17.0,6.2,91.0,Visual Concepts,E
1872,NCAA Football 14,X360,2013.0,Sports,Electronic Arts,1.01,0.0,0.0,0.08,77.0,18.0,5.8,74.0,EA Tiburon,E
13880,Surf's Up,PS3,2007.0,Sports,Ubisoft,0.03,0.0,0.0,0.0,59.0,8.0,5.1,7.0,Ubisoft Montreal,E10+
3395,2002 FIFA World Cup,PS2,2002.0,Sports,Electronic Arts,0.21,0.17,0.16,0.06,73.0,19.0,5.6,18.0,EA Sports,E
3127,Borderlands 2,PSV,2014.0,Shooter,Take-Two Interactive,0.32,0.16,0.01,0.15,64.0,31.0,7.6,358.0,Iron Galaxy Studios,M
11934,Speed Zone,Wii,2009.0,Racing,Bethesda Softworks,0.01,0.05,0.0,0.01,37.0,14.0,3.8,11.0,Awesome Play Ltd.,E
9694,Obscure: The Aftermath,Wii,2008.0,Action,Playlogic Game Factory,0.11,0.0,0.0,0.01,53.0,19.0,8.1,14.0,Hydravision,M
4354,NBA Live 10,X360,2009.0,Sports,Electronic Arts,0.4,0.02,0.0,0.03,80.0,40.0,7.7,37.0,EA Canada,E
3587,Manhunt 2,PS2,2007.0,Action,Take-Two Interactive,0.27,0.21,0.0,0.07,67.0,22.0,7.8,53.0,Rockstar London,M
324,Flash Focus: Vision Training in Minutes a Day,DS,2007.0,Misc,Nintendo,0.86,1.56,1.05,0.35,59.0,22.0,4,4.0,"Nintendo, Namco Bandai Games",E
7890,Harry Potter and the Prisoner of Azkaban,XB,2004.0,Action,Electronic Arts,0.14,0.04,0.0,0.01,67.0,23.0,8.8,10.0,EA Games,E
5171,Green Day: Rock Band,Wii,2010.0,Misc,MTV Games,0.22,0.11,0.0,0.03,76.0,12.0,8.8,11.0,Harmonix Music Systems,T
5648,Murdered: Soul Suspect,PS4,2014.0,Action,Square Enix,0.09,0.16,0.02,0.05,59.0,60.0,6.9,310.0,Airtight Games,M
12463,Grand Kingdom,PSV,2015.0,Role-Playing,Nippon Ichi Software,0.01,0.01,0.04,0.01,76.0,11.0,8.8,33.0,Spike Chunsoft,T
3209,Shin Megami Tensei: Persona 3 Portable,PSP,2009.0,Role-Playing,Ghostlight,0.18,0.06,0.34,0.05,89.0,40.0,8.3,317.0,Atlus,M
4752,Duke Nukem Forever,PC,2011.0,Shooter,Take-Two Interactive,0.18,0.17,0.0,0.06,54.0,48.0,5.7,1183.0,"Gearbox Software, 3D Realms",M
1101,Shaun White Snowboarding: Road Trip,Wii,2008.0,Sports,Ubisoft,0.93,0.56,0.0,0.16,78.0,28.0,8.7,22.0,Ubisoft,E10+
3250,Mafia III,XOne,2016.0,Action,Take-Two Interactive,0.28,0.29,0.0,0.05,67.0,20.0,4.6,274.0,Hangar 13,M
3557,Titanfall,PC,2014.0,Shooter,Electronic Arts,0.22,0.3,0.0,0.04,86.0,29.0,6.2,1727.0,Respawn Entertainment,M
709,Battlefield 1,XOne,2016.0,Shooter,Electronic Arts,1.28,0.77,0.0,0.2,87.0,37.0,8.2,440.0,EA DICE,M
118,Uncharted 3: Drake's Deception,PS3,2011.0,Action,Sony Computer Entertainment,2.77,2.75,0.19,1.03,92.0,97.0,8.3,3712.0,Naughty Dog,T
2042,Naruto: Clash of Ninja Revolution,Wii,2007.0,Fighting,Tomy Corporation,0.44,0.46,0.0,0.11,74.0,23.0,8,27.0,8ing/Raizing,T
6130,Bladestorm: The Hundred Years' War,PS3,2007.0,Action,Tecmo Koei,0.1,0.03,0.14,0.02,58.0,23.0,7.9,28.0,Omega Force,T
12314,Samurai Warriors Chronicles 3,PSV,2014.0,Action,Tecmo Koei,0.0,0.0,0.06,0.0,70.0,9.0,7.9,14.0,Omega Force,T
6606,Game of Thrones,X360,2012.0,Role-Playing,Focus Home Interactive,0.15,0.08,0.0,0.02,52.0,35.0,5.2,126.0,"Cyanide, Cyanide Studios",M
15357,XGRA: Extreme G Racing Association,GC,2003.0,Racing,Acclaim Entertainment,0.02,0.0,0.0,0.0,69.0,13.0,7,5.0,Acclaim Studios Cheltenham,T
6523,Legaia 2: Duel Saga,PS2,2001.0,Role-Playing,Eidos Interactive,0.13,0.1,0.0,0.03,67.0,21.0,8.4,43.0,Prokion,T
4273,Tomb Raider: Legend,PSP,2006.0,Action,Eidos Interactive,0.09,0.24,0.0,0.12,67.0,28.0,7.9,30.0,Buzz Monkey,T
5739,The Legend of Spyro: Dawn of the Dragon,X360,2008.0,Platform,Vivendi Games,0.16,0.12,0.0,0.03,62.0,35.0,7.2,26.0,Etranges Libellules,E10+
5470,LEGO Batman 2: DC Super Heroes,PSV,2012.0,Action,Warner Bros. Interactive Entertainment,0.16,0.11,0.0,0.06,62.0,9.0,6.7,46.0,TT Games,E10+
4163,L.A. Rush,PS2,2005.0,Racing,Midway Games,0.23,0.18,0.0,0.06,58.0,31.0,8,10.0,Midway,T
4911,Final Fantasy Crystal Chronicles: The Crystal Bearers,Wii,2009.0,Action,Square Enix,0.21,0.07,0.08,0.03,66.0,53.0,7.6,70.0,Square Enix,T
6378,Ultimate NES Remix,3DS,2014.0,Action,Unknown,0.15,0.09,0.0,0.02,69.0,16.0,7.6,32.0,Indies Zero,E
2241,Top Gun: Combat Zones,PS2,2001.0,Simulation,Titus,0.45,0.35,0.0,0.12,63.0,17.0,3.3,9.0,Titus Software,E
10240,NHL Rivals 2004,XB,2003.0,Sports,Microsoft Game Studios,0.08,0.02,0.0,0.0,65.0,39.0,8.8,20.0,Microsoft Game Studios,E
5517,Power Rangers: Ninja Storm,GBA,2003.0,Misc,THQ,0.24,0.09,0.0,0.01,55.0,4.0,7.8,6.0,Natsume,E
2436,Kingdoms of Amalur: Reckoning,PS3,2012.0,Role-Playing,Electronic Arts,0.37,0.29,0.09,0.11,81.0,34.0,7.6,376.0,Big Huge Games,M
4689,Marvel Super Hero Squad,DS,2009.0,Fighting,THQ,0.36,0.02,0.0,0.03,61.0,4.0,2.8,4.0,THQ,E10+
9304,Legends of Wrestling,XB,2002.0,Fighting,Acclaim Entertainment,0.1,0.03,0.0,0.0,65.0,10.0,5.8,4.0,Acclaim,T
11044,Phantom Brave: The Hermuda Triangle,PSP,2010.0,Role-Playing,Nippon Ichi Software,0.06,0.0,0.03,0.01,65.0,16.0,7.3,11.0,Nippon Ichi Software,T
6654,NHL 06,XB,2005.0,Sports,Electronic Arts,0.19,0.05,0.0,0.01,79.0,35.0,8.4,18.0,EA Canada,E10+
5281,NHL 2K10,Wii,2009.0,Sports,Take-Two Interactive,0.32,0.01,0.0,0.03,79.0,8.0,6.8,16.0,Take-Two Interactive,E10+
1502,Turok: Evolution,PS2,2002.0,Shooter,Acclaim Entertainment,0.64,0.5,0.0,0.17,61.0,20.0,7.3,27.0,Acclaim,M
5053,Dance Dance Revolution Ultramix 3,XB,2005.0,Simulation,Konami Digital Entertainment,0.28,0.08,0.0,0.01,75.0,16.0,8.6,8.0,Konami,E10+
6522,Spider-Man: Web of Shadows,PS3,2008.0,Action,Activision,0.2,0.04,0.0,0.02,67.0,44.0,7.9,34.0,"Treyarch, Shaba Games",T
9929,Battles of Prince of Persia,DS,2005.0,Strategy,Ubisoft,0.1,0.01,0.0,0.01,64.0,16.0,7.7,14.0,Ubisoft Montreal,E10+
3392,NHL 11,PS3,2010.0,Sports,Electronic Arts,0.4,0.12,0.0,0.07,88.0,38.0,7.1,54.0,Electronic Arts,E10+
418,Wii Music,Wii,2008.0,Misc,Nintendo,1.35,1.11,0.46,0.32,63.0,43.0,4.6,116.0,Nintendo,E
4893,Madden NFL Football,3DS,2011.0,Sports,Electronic Arts,0.36,0.01,0.0,0.03,49.0,18.0,5.3,16.0,EA Tiburon,E
722,Spyro: Season of Ice,GBA,2001.0,Platform,Vivendi Games,1.29,0.83,0.0,0.11,74.0,16.0,8,13.0,Digital Eclipse,E
8498,Guilty Gear Judgment,PSP,2006.0,Fighting,Majesco Entertainment,0.13,0.0,0.02,0.01,77.0,17.0,6.6,8.0,Arc System Works,T
1992,Aliens vs Predator,PS3,2010.0,Shooter,Sega,0.41,0.46,0.0,0.18,65.0,57.0,7.3,168.0,Rebellion,M
6567,MTX Mototrax,PS2,2004.0,Racing,Activision,0.13,0.1,0.0,0.03,77.0,30.0,8.1,9.0,Left Field Productions,E
12931,Rez,PS2,2001.0,Shooter,Sony Computer Entertainment,0.03,0.02,0.0,0.01,78.0,34.0,8.3,28.0,UGA,E
13678,Dead Head Fred,PSP,2007.0,Action,D3Publisher,0.04,0.0,0.0,0.0,75.0,30.0,7.3,23.0,Vicious Cycle,M
3625,Enslaved: Odyssey to the West,PS3,2010.0,Action,Namco Bandai Games,0.24,0.22,0.01,0.09,80.0,53.0,7.4,312.0,Ninja Theory,T
848,Fire Emblem: Awakening,3DS,2012.0,Role-Playing,Nintendo,0.9,0.45,0.54,0.13,92.0,72.0,9.1,1130.0,Intelligent Systems,T
2248,South Park: The Stick of Truth,PS3,2014.0,Role-Playing,Ubisoft,0.43,0.34,0.0,0.16,85.0,31.0,8.5,575.0,Obsidian Entertainment,M
5616,Operation Flashpoint: Red River,PS3,2011.0,Shooter,Codemasters,0.06,0.14,0.07,0.05,67.0,36.0,6.3,18.0,Codemasters,M
9845,Sonic Adventure 2,DC,2001.0,Platform,Sega,0.0,0.0,0.12,0.0,89.0,18.0,8.6,236.0,Sonic Team,E
4332,Tekken Advance,GBA,2001.0,Fighting,Infogrames,0.32,0.12,0.0,0.01,82.0,14.0,8.2,13.0,Eighting/Raizing,T
551,Sonic and the Secret Rings,Wii,2007.0,Platform,Sega,1.21,1.19,0.04,0.29,69.0,44.0,6.6,174.0,Sonic Team,E
4372,Disney Guilty Party,Wii,2010.0,Misc,Disney Interactive Studios,0.42,0.0,0.0,0.03,78.0,13.0,8,4.0,Wideload Games Inc.,E
3497,Blacksite: Area 51,X360,2007.0,Shooter,Midway Games,0.29,0.22,0.0,0.06,62.0,48.0,6.1,65.0,Midway Studios - Austin,T
1407,Bakugan: Battle Brawlers,DS,2009.0,Action,Activision,1.26,0.02,0.0,0.1,60.0,6.0,6.7,7.0,Now Production,E
14406,Prison Architect,PS4,2016.0,Action,Introversion Software,0.01,0.01,0.0,0.01,80.0,18.0,8,19.0,"Introversion, Double Eleven",M
5011,Grandia Xtreme,PS2,2002.0,Role-Playing,Enix Corporation,0.07,0.05,0.25,0.02,68.0,16.0,6.5,15.0,Game Arts,T
3443,MLB 11: The Show,PS3,2011.0,Sports,Sony Computer Entertainment,0.54,0.0,0.0,0.04,90.0,30.0,7.8,87.0,SCEA San Diego Studios,E
4222,The Sims 3: Ambitions,PC,2010.0,Simulation,Electronic Arts,0.0,0.29,0.0,0.17,74.0,25.0,7.3,51.0,EA Redwood Shores,T
10840,Barnyard,PS2,2006.0,Action,THQ,0.05,0.04,0.0,0.01,62.0,13.0,8.7,10.0,Blue Tongue Entertainment,E10+
5497,Disgaea 2: Cursed Memories,PS2,2006.0,Role-Playing,Tecmo Koei,0.09,0.07,0.15,0.02,84.0,54.0,6.4,42.0,Nippon Ichi Software,T
14838,Dead Rising 2,PS4,2016.0,Action,Capcom,0.01,0.0,0.01,0.0,82.0,4.0,6.6,8.0,Blue Castle Games,M
10452,Gallop Racer 2006,PS2,2005.0,Sports,Tecmo Koei,0.02,0.02,0.06,0.01,69.0,15.0,8.3,8.0,Tecmo,E
445,Fallout: New Vegas,PS3,2010.0,Role-Playing,Bethesda Softworks,1.52,1.03,0.1,0.46,82.0,57.0,7.8,492.0,Obsidian Entertainment,M
6752,Ninja Gaiden 3,X360,2012.0,Action,Tecmo Koei,0.16,0.05,0.03,0.02,58.0,39.0,4.4,136.0,Team Ninja,M
7338,Code Name: S.T.E.A.M.,3DS,2015.0,Strategy,Nintendo,0.14,0.05,0.01,0.02,69.0,69.0,7.7,125.0,Intelligent Systems,T
11337,Disney's Donald Duck: Goin' Quackers,PS2,2000.0,Platform,Ubisoft,0.04,0.03,0.0,0.01,73.0,10.0,7.3,7.0,Disney Interactive,E
11341,Exit,PSP,2005.0,Puzzle,Ubisoft,0.07,0.0,0.0,0.01,77.0,36.0,7.7,13.0,Taito Corporation,E
1168,Kingdom Hearts 3D: Dream Drop Distance,3DS,2012.0,Action,Square Enix,0.88,0.26,0.34,0.1,75.0,54.0,8.2,267.0,Square Enix,E10+
3149,Rayman 3D,3DS,2011.0,Platform,Ubisoft,0.23,0.35,0.0,0.06,61.0,39.0,6.6,48.0,Ubisoft Casablanca,E
880,Burnout Paradise,PS3,2008.0,Racing,Electronic Arts,1.01,0.62,0.02,0.29,87.0,55.0,7.7,455.0,Criterion Games,E10+
6747,X-Men Legends II: Rise of Apocalypse,GC,2005.0,Role-Playing,Activision,0.19,0.05,0.0,0.01,82.0,34.0,6.2,26.0,Raven Software,T
7572,Dark Messiah of Might and Magic Elements,X360,2008.0,Role-Playing,Ubisoft,0.16,0.02,0.01,0.02,52.0,27.0,7,48.0,Ubisoft Annecy,M
8154,Armored Core: Last Raven,PS2,2005.0,Simulation,505 Games,0.05,0.04,0.08,0.01,59.0,16.0,8.9,14.0,From Software,T
452,Madden NFL 2002,PS2,2001.0,Sports,Electronic Arts,2.5,0.16,0.01,0.42,94.0,23.0,7.9,46.0,EA Sports,E
4137,Doom 3 BFG Edition,X360,2012.0,Shooter,Bethesda Softworks,0.28,0.15,0.0,0.04,67.0,30.0,6.5,132.0,id Software,M
3039,MLB 2004,PS2,2003.0,Sports,Sony Computer Entertainment,0.32,0.25,0.0,0.08,61.0,21.0,7.9,9.0,989 Sports,E
12387,Land of the Dead: Road to Fiddler's Green,XB,2005.0,Shooter,Groove Games,0.05,0.01,0.0,0.0,32.0,9.0,5.8,10.0,Brainbox Games,M
579,Midnight Club: Street Racing,PS2,2000.0,Racing,Take-Two Interactive,2.0,0.47,0.02,0.14,78.0,18.0,7.8,21.0,Angel Studios,T
7467,Defiance,PC,2013.0,Shooter,Trion Worlds,0.14,0.04,0.0,0.02,64.0,40.0,6.5,661.0,Trion Worlds,M
10084,Warhammer: Battle March,X360,2008.0,Strategy,Deep Silver,0.09,0.02,0.0,0.01,55.0,30.0,6.7,20.0,Black Hole Games,M
4157,Pinball Hall of Fame: The Williams Collection,Wii,2008.0,Misc,System 3 Arcade Software,0.41,0.03,0.0,0.04,82.0,16.0,8.8,36.0,Farsight Studios,E10+
6349,MotoGP,PS2,2000.0,Racing,Namco Bandai Games,0.06,0.05,0.14,0.02,77.0,16.0,6,5.0,Namco,E
4428,MX Unleashed,XB,2004.0,Racing,THQ,0.34,0.08,0.0,0.02,81.0,18.0,9.3,12.0,Rainbow Studios,E
164,Batman: Arkham City,PS3,2011.0,Action,Warner Bros. Interactive Entertainment,2.71,1.85,0.11,0.81,96.0,42.0,8.6,2162.0,Rocksteady Studios,T
16573,The Eye of Judgment: Legends,PSP,2010.0,Strategy,Sony Computer Entertainment,0.0,0.0,0.01,0.0,69.0,17.0,7.9,16.0,SCEI,E10+
7865,Hulk,GC,2003.0,Action,Universal Interactive,0.15,0.04,0.0,0.01,71.0,26.0,7.4,7.0,Radical Entertainment,T
1847,WWE 2K14,X360,2013.0,Sports,Take-Two Interactive,0.64,0.37,0.0,0.1,75.0,43.0,7.7,100.0,Yuke's,T
1334,Star Wars: The Force Unleashed II,X360,2010.0,Action,LucasArts,0.95,0.37,0.0,0.11,61.0,59.0,5.7,180.0,LucasArts,T
14867,NHL 07,XB,2006.0,Sports,Electronic Arts,0.02,0.01,0.0,0.0,75.0,14.0,7.7,6.0,EA Sports,E10+
706,Wario Land 4,GBA,2001.0,Platform,Nintendo,0.9,0.73,0.54,0.09,88.0,17.0,8.9,42.0,Nintendo,E
7706,Solatorobo: Red the Hunter,DS,2010.0,Role-Playing,Nintendo,0.08,0.04,0.07,0.01,76.0,40.0,7.9,23.0,CyberConnect2,E10+
4022,Bleach: Soul Resurreccion,PS3,2011.0,Fighting,Nippon Ichi Software,0.27,0.1,0.07,0.05,58.0,34.0,7.2,46.0,Racjin,T
11418,ShellShock 2: Blood Trails,PS3,2009.0,Shooter,Eidos Interactive,0.04,0.03,0.0,0.01,35.0,18.0,4.8,27.0,Rebellion,M
2429,2010 FIFA World Cup South Africa,X360,2010.0,Sports,Electronic Arts,0.32,0.42,0.02,0.09,83.0,61.0,8.1,58.0,Electronic Arts,E
246,God of War,PS2,2005.0,Action,Sony Computer Entertainment,2.71,1.29,0.02,0.43,94.0,75.0,8.9,997.0,SCE Santa Monica,M
3815,Seaman,DC,1999.0,Simulation,Sega,0.0,0.0,0.52,0.0,82.0,24.0,8.4,16.0,Vivarium,T
2262,Blue Dragon,X360,2006.0,Role-Playing,Microsoft Game Studios,0.3,0.32,0.21,0.08,79.0,56.0,7.8,161.0,"Mistwalker, Artoon",T
835,Need for Speed: ProStreet,PS3,2007.0,Racing,Electronic Arts,0.73,0.91,0.04,0.36,73.0,26.0,6,43.0,EA Black Box,E10+
1173,Spyro 2: Season of Flame,GBA,2002.0,Platform,Vivendi Games,0.85,0.65,0.0,0.08,76.0,18.0,7.6,13.0,Digital Eclipse,E
9896,The Sky Crawlers: Innocent Aces,Wii,2008.0,Simulation,Namco Bandai Games,0.08,0.02,0.01,0.01,74.0,42.0,7.9,13.0,Access Games,T
250,Winning Eleven: Pro Evolution Soccer 2007,PS2,2006.0,Sports,Konami Digital Entertainment,0.1,2.39,1.05,0.86,86.0,19.0,8.9,33.0,Konami,E
7952,Samurai Warriors 2: Empires,PS2,2006.0,Action,Tecmo Koei,0.0,0.0,0.19,0.0,55.0,20.0,7.3,7.0,Omega Force,T
2793,Classic NES Series: Donkey Kong,GBA,2004.0,Platform,Nintendo,0.4,0.15,0.17,0.01,55.0,15.0,4.8,4.0,Nintendo,E
7422,Baja: Edge of Control,PS3,2008.0,Racing,THQ,0.1,0.08,0.0,0.03,61.0,21.0,5,11.0,2XL Games,E
8963,Pac-Man Party 3D,3DS,2011.0,Misc,Namco Bandai Games,0.09,0.04,0.0,0.01,43.0,11.0,5.4,11.0,Namco Bandai Games,E
12034,Dave Mirra BMX Challenge,PSP,2006.0,Sports,Oxygen Interactive,0.06,0.0,0.0,0.01,32.0,11.0,4.6,10.0,Left Field Productions,E
9923,Samurai Warriors 4-II,PS4,2015.0,Action,Tecmo Koei,0.03,0.02,0.06,0.01,73.0,26.0,7.3,24.0,Omega Force,T
4196,Final Fantasy Crystal Chronicles: Echoes of Time,DS,2009.0,Role-Playing,Square Enix,0.12,0.06,0.27,0.02,75.0,37.0,7.3,21.0,Square Enix,E10+
4310,Dynasty Warriors: Strikeforce,PSP,2009.0,Action,Ubisoft Annecy,0.03,0.02,0.38,0.02,65.0,28.0,6.8,10.0,Omega Force,T
7448,de Blob 2,PS3,2011.0,Platform,THQ,0.11,0.07,0.0,0.03,74.0,50.0,7.1,34.0,Blue Tongue Entertainment,E10+
9251,Fear Factor: Unleashed,GBA,2004.0,Action,Hip Interactive,0.1,0.04,0.0,0.0,30.0,15.0,3,4.0,DC Studios,T
3985,The Adventures of Jimmy Neutron Boy Genius: Attack of the Twonkies,PS2,2004.0,Action,THQ,0.24,0.19,0.0,0.06,65.0,8.0,7.3,8.0,THQ,E
10012,Lost Horizon,PC,2010.0,Adventure,Deep Silver,0.0,0.1,0.0,0.02,77.0,24.0,7.9,27.0,Animation Arts,T
2569,Final Fantasy X / X-2 HD Remaster,PSV,2013.0,Role-Playing,Square Enix,0.16,0.24,0.28,0.12,86.0,14.0,8.5,223.0,Virtuos,T
8412,Pursuit Force: Extreme Justice,PSP,2007.0,Action,Sony Computer Entertainment,0.07,0.06,0.0,0.03,73.0,44.0,7.6,11.0,Bigbig Studios,T
2446,Street Fighter EX3,PS2,2000.0,Fighting,Virgin Interactive,0.32,0.25,0.2,0.08,64.0,17.0,7.9,31.0,Arika,T
6821,Peter Jackson's King Kong: The Official Game of the Movie,GC,2005.0,Action,Ubisoft,0.19,0.05,0.0,0.01,81.0,30.0,8.3,8.0,Ubisoft Montpellier,T
544,Yoshi's Island DS,DS,2006.0,Platform,Nintendo,1.45,0.07,1.1,0.15,81.0,42.0,7.4,67.0,Artoon,E
8613,NBA 2K12,PC,2011.0,Sports,Take-Two Interactive,0.09,0.05,0.0,0.02,86.0,5.0,7.1,66.0,Visual Concepts,E
7242,NCAA Basketball 09,X360,2008.0,Sports,Electronic Arts,0.2,0.0,0.0,0.02,70.0,23.0,5.6,8.0,EA Canada,E
2637,Goldeneye 007: Reloaded,PS3,2011.0,Shooter,Activision,0.33,0.33,0.0,0.12,72.0,38.0,6.3,52.0,Eurocom Entertainment Software,T
877,NBA Street Vol. 2,PS2,2003.0,Sports,Electronic Arts,1.69,0.2,0.0,0.06,90.0,31.0,8.8,70.0,Electronic Arts,E
8388,Fuzion Frenzy 2,X360,2007.0,Misc,Microsoft Game Studios,0.14,0.01,0.0,0.01,49.0,47.0,5.2,31.0,Hudson Soft,E10+
3908,Iron Man,DS,2008.0,Action,Sega,0.35,0.12,0.0,0.05,56.0,10.0,7,4.0,Artificial Mind and Movement,E10+
8447,One Piece: Pirate Warriors 3,PSV,2015.0,Action,Namco Bandai Games,0.0,0.03,0.13,0.01,76.0,4.0,6.3,17.0,Omega Force,T
8075,Six Flags Fun Park,DS,2008.0,Misc,Brash Entertainment,0.17,0.0,0.0,0.01,34.0,4.0,7,4.0,Brash Entertainment,E
6964,Viva Pinata: Party Animals,X360,2007.0,Misc,Microsoft Game Studios,0.19,0.02,0.0,0.02,56.0,42.0,6.2,18.0,Krome Studios,E
4711,The Terminator: Dawn of Fate,PS2,2002.0,Action,Atari,0.2,0.16,0.0,0.05,58.0,17.0,5.7,18.0,Paradigm Entertainment,T
12848,Amazing Island,GC,2004.0,Strategy,Sega,0.04,0.01,0.0,0.0,59.0,22.0,6.6,7.0,Hitmaker,E
14165,RedCard 20-03,XB,2002.0,Sports,Midway Games,0.03,0.01,0.0,0.0,67.0,8.0,9,4.0,Point of View,E
2508,Tony Hawk's Underground 2 Remix,PSP,2005.0,Sports,Activision,0.46,0.21,0.0,0.15,83.0,49.0,8,34.0,Shaba Games,T
4314,Major League Baseball 2K11,X360,2011.0,Sports,Take-Two Interactive,0.4,0.03,0.0,0.03,69.0,27.0,6.8,24.0,Visual Concepts,E
10760,Shining Force EXA,PS2,2007.0,Role-Playing,Sega,0.0,0.0,0.1,0.0,64.0,24.0,7.3,17.0,Neverland,E10+
5356,WWE '12,Wii,2011.0,Fighting,THQ,0.23,0.08,0.0,0.03,74.0,6.0,5.2,9.0,Yuke's,T
6639,PlayStation VR Worlds,PS4,2016.0,Misc,Sony Computer Entertainment,0.06,0.14,0.02,0.04,59.0,48.0,7.1,73.0,Sony Interactive Entertainment,M
1876,NERF N-Strike,Wii,2008.0,Shooter,Electronic Arts,0.91,0.09,0.0,0.09,66.0,13.0,4.4,7.0,"EA Redwood Shores, EA Salt Lake",E10+
5262,Tiger Woods PGA Tour 14,X360,2013.0,Sports,Electronic Arts,0.21,0.12,0.0,0.03,77.0,28.0,6.2,26.0,EA Tiburon,E
5159,Need for Speed: The Run,PC,2011.0,Action,Electronic Arts,0.09,0.21,0.0,0.07,69.0,18.0,5.8,338.0,Black Box,T
759,Final Fantasy XIII,X360,2010.0,Role-Playing,Square Enix,1.28,0.67,0.01,0.21,82.0,54.0,6.3,539.0,Square Enix,T
5481,Street Fighter Alpha 3 MAX,PSP,2006.0,Fighting,Capcom,0.27,0.01,0.02,0.03,80.0,35.0,8,27.0,Capcom,T
5288,Star Wars: Flight of the Falcon,GBA,2003.0,Action,THQ,0.25,0.09,0.0,0.01,39.0,13.0,5.8,11.0,Pocket Studios,E
3044,NCAA March Madness 2003,PS2,2002.0,Sports,Electronic Arts,0.32,0.25,0.0,0.08,74.0,13.0,8,27.0,NuFX,E
8520,Angry Birds Trilogy,PS3,2012.0,Action,Activision,0.12,0.02,0.0,0.03,66.0,8.0,3.7,20.0,"Rovio Mobile, Rovio Entertainment",E
11605,X Rebirth,PC,2013.0,Simulation,Koch Media,0.0,0.08,0.0,0.0,33.0,24.0,3.3,1340.0,Egosoft,T
6159,MLB 07: The Show,PSP,2007.0,Sports,Sony Computer Entertainment,0.26,0.0,0.0,0.02,82.0,12.0,7.2,10.0,SCEA San Diego Studios,E
5092,Rampage: Total Destruction,PS2,2006.0,Action,Midway Games,0.18,0.14,0.0,0.05,51.0,34.0,7,15.0,"Pipeworks Software, Inc.",E10+
15068,Jurassic Park: Operation Genesis,PC,2003.0,Simulation,Vivendi Games,0.0,0.02,0.0,0.0,72.0,15.0,8.7,55.0,Blue Tongue Entertainment,T
5378,Racquet Sports,PS3,2010.0,Sports,Ubisoft,0.11,0.17,0.0,0.06,45.0,17.0,4.3,8.0,Asobo Studio,E
2880,Madden NFL 08,PSP,2007.0,Sports,Electronic Arts,0.6,0.04,0.0,0.07,75.0,10.0,6.8,8.0,EA Tiburon,E
4957,Dungeon Siege III,PS3,2011.0,Role-Playing,Square Enix,0.17,0.13,0.03,0.05,71.0,52.0,6.3,86.0,Obsidian Entertainment,T
5720,Catherine,X360,2011.0,Adventure,Deep Silver,0.2,0.06,0.03,0.02,82.0,39.0,7.9,153.0,Atlus,M
14403,Trials Fusion,PC,2014.0,Racing,Ubisoft,0.0,0.03,0.0,0.0,80.0,12.0,6.8,97.0,RedLynx,E10+
3235,Just Dance 3,PS3,2011.0,Misc,Ubisoft,0.33,0.2,0.0,0.09,75.0,5.0,6,7.0,Ubisoft,E10+
3257,Warriors Orochi 3,PS3,2011.0,Action,Ubisoft Annecy,0.0,0.04,0.57,0.01,70.0,17.0,7.9,35.0,Omega Force,T
16039,Hummer Badlands,XB,2006.0,Racing,Global Star,0.01,0.0,0.0,0.0,44.0,7.0,6,5.0,Eutechnyx,E
8368,Bladestorm: Nightmare,PS4,2015.0,Action,Tecmo Koei,0.08,0.04,0.03,0.02,58.0,33.0,6.5,21.0,Omega Force,T
8627,BioShock The Collection,XOne,2016.0,Shooter,Take-Two Interactive,0.08,0.06,0.0,0.01,84.0,16.0,8.3,79.0,2K Games,M
308,Professor Layton and the Diabolical Box,DS,2007.0,Puzzle,Nintendo,0.9,1.76,0.92,0.37,84.0,65.0,8.8,72.0,Level 5,E10+
1565,Sonic Adventure DX: Director's Cut,GC,2003.0,Platform,Sega,0.87,0.3,0.06,0.03,57.0,27.0,7.9,139.0,Sonic Team,E
6727,Armored Core 4,X360,2007.0,Simulation,505 Games,0.19,0.01,0.03,0.02,65.0,31.0,7.2,31.0,From Software,T
2135,Dark Cloud 2,PS2,2002.0,Role-Playing,Sony Computer Entertainment,0.38,0.25,0.26,0.07,87.0,41.0,9.1,174.0,Level 5,T
7393,Ninja Gaiden: Dragon Sword,DS,2008.0,Action,Tecmo Koei,0.16,0.01,0.02,0.02,83.0,52.0,7.8,36.0,Team Ninja,T
7072,Transformers: Devastation,PS4,2015.0,Action,Activision,0.1,0.09,0.0,0.04,77.0,50.0,7.5,160.0,PlatinumGames,T
15208,Falcon 4.0: Allied Force,PC,2005.0,Simulation,Graphsim Entertainment,0.0,0.02,0.0,0.0,90.0,7.0,8.6,37.0,Lead Pursuit,T
2623,Fight Night Champion,X360,2011.0,Fighting,Electronic Arts,0.4,0.31,0.0,0.07,86.0,59.0,7.4,105.0,EA Canada,M
16096,Space Invaders Revolution,DS,2005.0,Shooter,Rising Star Games,0.01,0.0,0.0,0.0,49.0,9.0,5.2,5.0,Marvelous Entertainment,E
8534,Thrillville: Off the Rails,X360,2007.0,Strategy,LucasArts,0.13,0.02,0.0,0.01,73.0,24.0,2.8,34.0,Frontier Developments,E10+
231,Uncharted: The Nathan Drake Collection,PS4,2015.0,Action,Sony Computer Entertainment,2.07,1.71,0.08,0.76,86.0,78.0,8.1,1264.0,Bluepoint Games,T
9161,The Operative: No One Lives Forever,PS2,2002.0,Shooter,Electronic Arts,0.07,0.05,0.0,0.02,67.0,23.0,8,16.0,Monolith Productions,T
737,Guitar Hero II,X360,2007.0,Misc,Activision,2.01,0.02,0.0,0.17,92.0,55.0,8.1,220.0,Harmonix Music Systems,T
9668,Need for Speed: ProStreet,DS,2007.0,Racing,Electronic Arts,0.11,0.01,0.0,0.01,74.0,8.0,7.4,10.0,Exient Entertainment,E
10483,Thrillville: Off the Rails,PSP,2007.0,Strategy,LucasArts,0.09,0.0,0.0,0.01,72.0,7.0,0.6,24.0,Frontier Developments,E10+
5705,Harry Potter and the Half-Blood Prince,X360,2009.0,Action,Electronic Arts,0.17,0.11,0.0,0.03,64.0,38.0,6.8,11.0,EA Bright Light,E10+
9675,Sleeping Dogs,PC,2012.0,Action,Square Enix ,0.06,0.05,0.0,0.01,81.0,23.0,8.2,1209.0,United Front Games,M
6495,Bust A Groove 2,PS,1999.0,Misc,Enix Corporation,0.04,0.03,0.18,0.02,66.0,8.0,8.9,35.0,Metro,E
16064,DuckTales: Remastered,PC,2013.0,Action,Capcom,0.0,0.01,0.0,0.0,66.0,6.0,7.6,152.0,WayForward,E
8992,Terraria,PC,2011.0,Action,Unknown,0.0,0.13,0.0,0.01,83.0,29.0,8.5,1613.0,Re-Logic,T
10884,Raven Squad: Operation Hidden Dagger,X360,2009.0,Shooter,Evolved Games,0.08,0.01,0.0,0.01,38.0,22.0,3.5,37.0,Atomic Motion,T
69,Call of Duty: Ghosts,PS3,2013.0,Shooter,Activision,4.1,3.63,0.38,1.25,71.0,10.0,2.6,1047.0,Infinity Ward,M
5367,MotorStorm: Arctic Edge,PS2,2009.0,Racing,Sony Computer Entertainment,0.07,0.03,0.0,0.25,72.0,10.0,8.3,6.0,Virtuos,T
8084,Valhalla Knights 3,PSV,2013.0,Role-Playing,Xseed Games,0.04,0.01,0.12,0.01,48.0,19.0,6.8,56.0,K2,M
5682,Phineas and Ferb: Across the 2nd Dimension,PS3,2011.0,Action,Disney Interactive Studios,0.15,0.11,0.0,0.05,63.0,13.0,6.6,9.0,High Impact Games,E10+
15727,Uru: Ages Beyond Myst,PC,2003.0,Adventure,Ubisoft,0.0,0.02,0.0,0.0,79.0,22.0,7.6,29.0,Cyan Worlds,E
5961,WinBack: Covert Operations,PS2,2000.0,Shooter,Midas Interactive Entertainment,0.14,0.11,0.0,0.04,66.0,11.0,7.7,20.0,Omega Force,T
2603,Rare Replay,XOne,2015.0,Misc,Microsoft Game Studios,0.49,0.22,0.01,0.07,84.0,75.0,7.7,325.0,Rare Ltd.,M
7868,Phantasy Star Universe,PS2,2006.0,Role-Playing,Sega,0.0,0.0,0.19,0.0,68.0,18.0,8.5,23.0,Sonic Team,T
13280,Deadliest Catch: Alaskan Storm,X360,2008.0,Sports,Navarre Corp,0.04,0.0,0.0,0.0,56.0,14.0,5.9,15.0,Liquid Dragon Studios,T
2283,Sonic Riders: Zero Gravity,Wii,2008.0,Racing,Sega,0.48,0.32,0.02,0.09,56.0,26.0,8.1,57.0,Sonic Team,E
11027,Shadow of Destiny,PSP,2009.0,Adventure,Konami Digital Entertainment,0.08,0.0,0.0,0.01,54.0,6.0,8.2,5.0,Konami,T
9638,Brothers in Arms: Double Time,Wii,2008.0,Shooter,Ubisoft,0.11,0.0,0.0,0.01,45.0,13.0,6.6,17.0,Gearbox Software,M
5127,Juiced 2: Hot Import Nights,PSP,2007.0,Racing,THQ,0.06,0.2,0.0,0.11,73.0,6.0,7.8,11.0,Juice Games,T
1545,Silent Hill 2,PS2,2001.0,Action,Konami Digital Entertainment,0.62,0.49,0.0,0.16,89.0,34.0,8.9,557.0,KCET,M
739,Rock Band 2,X360,2008.0,Misc,Electronic Arts,1.78,0.24,0.0,0.18,92.0,69.0,8.3,156.0,Harmonix Music Systems,T
12638,Dragon Rage,PS2,2001.0,Shooter,3DO,0.03,0.02,0.0,0.01,50.0,9.0,6.4,9.0,3DO,T
6795,Vexx,PS2,2003.0,Platform,Acclaim Entertainment,0.12,0.09,0.0,0.03,63.0,20.0,7.6,11.0,Acclaim Studios Austin,T
3518,Blood Wake,XB,2001.0,Shooter,Microsoft Game Studios,0.43,0.12,0.0,0.02,71.0,30.0,7.5,13.0,Stormfront Studios,T
14831,Driver: Parallel Lines,Wii,2007.0,Racing,Ubisoft,0.01,0.01,0.0,0.0,59.0,9.0,6,20.0,Reflections Interactive,M
865,Devil May Cry 2,PS2,2003.0,Action,Capcom,0.71,0.58,0.51,0.17,68.0,40.0,6.6,167.0,Capcom,M
13536,Life is Strange,PC,2016.0,Adventure,Square Enix,0.01,0.04,0.0,0.0,83.0,15.0,8.6,1620.0,DONTNOD Entertainment,M
641,Madden NFL 16,XOne,2015.0,Sports,Electronic Arts,2.08,0.08,0.0,0.26,84.0,23.0,6.1,124.0,EA Sports,E
12158,Dragoneer's Aria,PSP,2007.0,Role-Playing,Tecmo Koei,0.02,0.0,0.05,0.0,56.0,30.0,6,7.0,Hit Maker,E10+
3203,Shin Megami Tensei: Persona 3 FES,PS2,2007.0,Role-Playing,Tecmo Koei,0.22,0.2,0.16,0.05,89.0,25.0,8.3,296.0,Atlus Co.,M
5204,Marvel Super Hero Squad,Wii,2009.0,Fighting,THQ,0.3,0.03,0.0,0.03,49.0,16.0,6.2,14.0,Blue Tongue Entertainment,E10+
9057,Jonny Moseley Mad Trix,PS2,2001.0,Sports,3DO,0.07,0.05,0.0,0.02,44.0,14.0,5.7,6.0,3DO,T
3840,LEGO Jurassic World,WiiU,2015.0,Action,Warner Bros. Interactive Entertainment,0.27,0.19,0.02,0.04,71.0,5.0,8.1,14.0,TT Games,E10+
363,Grand Theft Auto: Liberty City Stories,PS2,2006.0,Action,Take-Two Interactive,1.56,1.4,0.07,0.5,78.0,49.0,7.8,112.0,Rockstar Leeds,M
13415,Yaiba: Ninja Gaiden Z,X360,2014.0,Action,Tecmo Koei,0.03,0.01,0.0,0.0,50.0,20.0,5.3,43.0,"Spark Unlimited, comcept",M
471,Far Cry 3,X360,2012.0,Shooter,Ubisoft,1.38,1.32,0.02,0.28,91.0,39.0,8.6,1247.0,Ubisoft Montreal,M
15073,AMF Xtreme Bowling,PS2,2006.0,Sports,Mastertronic,0.01,0.01,0.0,0.0,30.0,4.0,4.2,5.0,"Atomic Planet Entertainment, Mud Duck Productions",E
1172,Sonic Generations,PS3,2011.0,Platform,Sega,0.6,0.69,0.02,0.26,76.0,38.0,8.2,253.0,Sega,E
10713,Rocky: Legends,XB,2004.0,Action,Ubisoft,0.07,0.02,0.0,0.0,67.0,21.0,5.2,6.0,Venom Games,T
14729,Monsters vs. Aliens,PC,2009.0,Action,Activision,0.01,0.01,0.0,0.0,63.0,8.0,6.2,5.0,Beenox,E10+
10444,Metal Slug 3,XB,2004.0,Shooter,Ignition Entertainment,0.08,0.02,0.0,0.0,76.0,56.0,5.1,15.0,SNK,T
10905,Arcania: Gothic 4,X360,2010.0,Role-Playing,JoWood Productions,0.04,0.04,0.01,0.01,64.0,21.0,5.2,52.0,Spellbound,T
4575,NASCAR Thunder 2002,PS,2001.0,Racing,Electronic Arts,0.23,0.16,0.0,0.03,69.0,8.0,6.9,10.0,Black Box,E
1532,Assassin's Creed: Rogue,PS3,2014.0,Action,Ubisoft,0.46,0.56,0.06,0.2,72.0,53.0,7.5,292.0,Ubisoft Sofia,M
2831,Star Ocean: The Last Hope International,PS3,2010.0,Role-Playing,Square Enix,0.28,0.15,0.22,0.07,74.0,45.0,6.7,155.0,"Square Enix, Tri-Ace",T
13823,Antz Extreme Racing,PS2,2002.0,Racing,Empire Interactive,0.02,0.02,0.0,0.01,31.0,5.0,5,8.0,Empire Interactive,E
9661,NeverDead,PS3,2012.0,Shooter,Konami Digital Entertainment,0.06,0.04,0.01,0.02,50.0,32.0,4.7,47.0,Rebellion,M
1299,Super Scribblenauts,DS,2010.0,Puzzle,Warner Bros. Interactive Entertainment,1.06,0.29,0.0,0.11,81.0,53.0,8.2,46.0,5TH Cell,E10+
12229,Terraria,PS4,2014.0,Action,505 Games,0.0,0.05,0.01,0.01,83.0,4.0,7.9,47.0,Engine Software,T
1480,UFC Undisputed 2010,X360,2010.0,Fighting,THQ,0.9,0.31,0.0,0.11,84.0,70.0,6.7,80.0,Yuke's,T
5091,Need for Speed: Hot Pursuit,PC,2010.0,Racing,Electronic Arts,0.12,0.2,0.0,0.05,86.0,14.0,6.7,556.0,Criterion Games,E10+
7067,Madden NFL 13,WiiU,2012.0,Sports,Electronic Arts,0.21,0.0,0.0,0.02,75.0,9.0,6.7,30.0,EA Tiburon,E
5680,DJ Hero,PS2,2009.0,Misc,Activision,0.1,0.02,0.0,0.2,87.0,4.0,6.4,5.0,FreeStyleGames,T
397,LEGO Batman: The Videogame,X360,2008.0,Action,Warner Bros. Interactive Entertainment,2.04,1.02,0.0,0.32,76.0,49.0,7.9,75.0,Traveller's Tales,E10+
13293,Freelancer,PC,2003.0,Simulation,Microsoft Game Studios,0.02,0.02,0.0,0.01,85.0,39.0,9,185.0,Digital Anvil,T
2506,DJ Hero 2,X360,2010.0,Misc,Activision,0.64,0.12,0.0,0.06,86.0,66.0,7.9,23.0,FreeStyleGames,T
10477,Gretzky NHL,PSP,2005.0,Sports,Sony Computer Entertainment,0.1,0.0,0.0,0.01,61.0,23.0,7.4,10.0,Page 44 Studios,E
723,Dissidia: Final Fantasy,PSP,2008.0,Fighting,Square Enix,0.51,0.5,0.91,0.31,79.0,61.0,8,139.0,Square Enix,T
14390,Overlord II,PC,2009.0,Action,Codemasters,0.0,0.03,0.0,0.0,79.0,32.0,8.1,159.0,Triumph Studios,T
15413,SAW,PC,2009.0,Action,Konami Digital Entertainment,0.0,0.02,0.0,0.0,55.0,6.0,6,31.0,Zombie Studios,M
4582,Hot Wheels World Race,PS2,2003.0,Racing,THQ,0.21,0.16,0.0,0.05,55.0,5.0,7.7,9.0,Climax Group,E
16080,Imperium Romanum,PC,2008.0,Strategy,Kalypso Media,0.0,0.01,0.0,0.0,63.0,19.0,7.5,24.0,Haemimont,E10+
7367,SBK X: Superbike World Championship,PS3,2010.0,Racing,Black Bean Games,0.05,0.12,0.0,0.04,73.0,4.0,7.5,4.0,Milestone S.r.l,E10+
13524,Operation Flashpoint: Elite,XB,2005.0,Shooter,Codemasters,0.03,0.01,0.0,0.0,64.0,24.0,8.3,27.0,Bohemia Interactive,T
7433,Vampire Rain,X360,2007.0,Action,Microsoft Game Studios,0.18,0.0,0.01,0.01,38.0,45.0,2.9,44.0,Artoon,M
14041,Fatal Fury: Battle Archives Volume 1,PS2,2006.0,Fighting,Ignition Entertainment,0.02,0.01,0.0,0.0,68.0,22.0,8.3,4.0,SNK Playmore,T
1212,Dark Cloud,PS2,2000.0,Role-Playing,Sony Computer Entertainment,0.83,0.44,0.08,0.19,80.0,27.0,8.2,99.0,Level 5,T
14062,Trine 2,PC,2011.0,Platform,Focus Home Interactive,0.0,0.03,0.0,0.01,84.0,55.0,8.4,667.0,"Frozenbyte, Inc.",E10+
9261,Heroes over Europe,X360,2009.0,Simulation,Ubisoft,0.1,0.02,0.0,0.01,62.0,39.0,8.1,9.0,Transmission Games,T
12295,IL-2 Sturmovik: Birds of Prey,DS,2009.0,Simulation,505 Games,0.06,0.0,0.0,0.0,41.0,4.0,2.4,5.0,DiP Interactive,E10+
5427,MXRider,PS2,2001.0,Racing,Atari,0.16,0.13,0.0,0.04,69.0,16.0,6.8,6.0,Paradigm Entertainment,E
8857,Rocky,XB,2002.0,Fighting,Rage Software,0.11,0.03,0.0,0.01,74.0,22.0,7.3,6.0,Rage Software,T
5994,Mega Man X8,PS2,2004.0,Platform,Capcom,0.14,0.11,0.0,0.04,68.0,23.0,8.5,63.0,"Valuewave Co.,Ltd.",E
3767,Just Dance 2015,XOne,2014.0,Misc,Ubisoft,0.35,0.13,0.0,0.05,70.0,17.0,7.5,20.0,Ubisoft,E10+
4272,The Golden Compass,X360,2007.0,Action,Sega,0.3,0.12,0.0,0.04,41.0,25.0,4.1,14.0,Shiny Entertainment,E10+
786,Parasite Eve,PS,1998.0,Role-Playing,SquareSoft,0.94,0.07,1.05,0.04,81.0,17.0,8.9,89.0,SquareSoft,M
10172,Truth or Lies,X360,2010.0,Misc,THQ,0.07,0.03,0.0,0.01,28.0,6.0,5.2,6.0,THQ,T
7853,FaceBreaker,X360,2008.0,Fighting,Electronic Arts,0.15,0.02,0.0,0.02,54.0,57.0,6.3,19.0,EA Canada,T
2905,Ace Attorney Investigations: Miles Edgeworth,DS,2009.0,Adventure,Capcom,0.23,0.14,0.3,0.04,78.0,51.0,8.4,79.0,Capcom,T
154,Destiny,PS4,2014.0,Shooter,Activision,2.49,2.07,0.16,0.92,76.0,95.0,6.1,5380.0,"Bungie Software, Bungie",T
7246,Lords of the Fallen,XOne,2014.0,Role-Playing,Square Enix,0.1,0.1,0.0,0.02,71.0,13.0,6.7,166.0,"City Interactive, Deck 13",M
10391,Aquapazza: Aquaplus Dream Match,PS3,2012.0,Fighting,Aqua Plus,0.05,0.0,0.05,0.01,75.0,13.0,7.8,20.0,Examu,T
5523,SSX Blur,Wii,2007.0,Sports,Electronic Arts,0.29,0.01,0.0,0.03,74.0,52.0,8.1,60.0,EA Montreal,E
11750,Cosmic Family,Wii,2007.0,Misc,Ubisoft,0.07,0.0,0.0,0.01,54.0,6.0,5.7,6.0,Ubisoft Barcelona,E
7505,Capcom Fighting Evolution,PS2,2004.0,Fighting,Capcom,0.1,0.08,0.0,0.03,57.0,33.0,4.8,5.0,Capcom,T
8926,Toy Story Racer,PS,2001.0,Racing,Activision,0.08,0.06,0.0,0.01,76.0,8.0,8.7,9.0,Traveller's Tales,E
156,Cooking Mama,DS,2006.0,Simulation,505 Games,3.07,1.91,0.07,0.57,67.0,35.0,7.2,21.0,Taito Corporation,E
3085,Kung Fu Panda,PS2,2008.0,Action,Activision,0.24,0.0,0.0,0.41,73.0,6.0,8.6,5.0,Xpec,E10+
1552,Pokemon Mystery Dungeon: Gates to Infinity,3DS,2012.0,Role-Playing,Nintendo,0.44,0.29,0.47,0.07,59.0,46.0,6.3,134.0,"Nintendo, Spike Chunsoft",E
10000,Tenchu: Shadow Assassins,PSP,2009.0,Action,Ubisoft,0.03,0.02,0.05,0.01,68.0,18.0,7.4,18.0,From Software,M
11076,DriveClub VR,PS4,2016.0,Racing,Sony Computer Entertainment,0.03,0.05,0.0,0.01,67.0,34.0,7.4,110.0,Evolution Studios,E
2321,Blitz: The League,PS2,2005.0,Sports,Unknown,0.74,0.03,0.0,0.12,76.0,25.0,8,20.0,Midway,M
151,Resident Evil 2,PS,1998.0,Action,Virgin Interactive,1.88,1.47,2.02,0.45,89.0,13.0,9.2,364.0,Capcom,M
13717,The Sims 2: Pets,PC,2006.0,Simulation,Electronic Arts,0.01,0.02,0.0,0.01,76.0,23.0,7.7,40.0,Maxis,T
5471,Bee Movie Game,Wii,2007.0,Action,Activision,0.3,0.01,0.0,0.03,62.0,16.0,7.6,7.0,Smart Bomb Interactive,E
343,MySims,DS,2007.0,Simulation,Electronic Arts,1.58,1.59,0.08,0.41,67.0,15.0,7.3,13.0,TOSE,E
4136,Dynasty Warriors Gundam,PS3,2007.0,Action,Tecmo Koei,0.14,0.01,0.31,0.02,60.0,29.0,6.9,16.0,"Koei, Omega Force",T
3188,NASCAR 06: Total Team Control,PS2,2005.0,Racing,Electronic Arts,0.53,0.02,0.0,0.09,78.0,18.0,7.7,18.0,EA Sports,E
2223,Guitar Hero: Metallica,Wii,2009.0,Misc,Activision,0.4,0.43,0.0,0.1,85.0,20.0,8.6,17.0,Neversoft Entertainment,T
2121,NHL 2004,PS2,2003.0,Sports,Electronic Arts,0.47,0.37,0.0,0.12,85.0,19.0,7.6,53.0,EA Sports,E
6858,Bakugan: Battle Brawlers,X360,2009.0,Action,Activision,0.2,0.02,0.0,0.02,60.0,16.0,5.2,9.0,Now Production,E
10434,The Godfather: Mob Wars,PSP,2006.0,Action,Electronic Arts,0.09,0.0,0.0,0.01,59.0,34.0,7.9,16.0,Page 44 Studios,M
10798,Heatseeker,Wii,2007.0,Action,Codemasters,0.08,0.0,0.0,0.01,62.0,25.0,6.2,32.0,IR Gurus,T
1465,MVP Baseball 2004,PS2,2004.0,Sports,Electronic Arts,1.1,0.06,0.0,0.18,90.0,28.0,8.6,51.0,EA Sports,E
3565,"Monsters, Inc. Scream Team",PS,2001.0,Platform,Sony Computer Entertainment,0.31,0.21,0.0,0.04,65.0,10.0,6.9,8.0,Artificial Mind and Movement,E
5840,Mario Party: Star Rush,3DS,2016.0,Misc,Nintendo,0.08,0.13,0.08,0.02,68.0,37.0,6.8,16.0,"Nintendo, Nd Cube",E
283,Madden NFL 2003,PS2,2002.0,Sports,Electronic Arts,3.36,0.21,0.01,0.56,95.0,25.0,7.7,65.0,EA Sports,E
15883,The Haunted: Hell's Reach,PC,2011.0,Shooter,Visco,0.02,0.0,0.0,0.0,51.0,8.0,7.6,47.0,ValuSoft,M
8911,The Incredible Hulk: Ultimate Destruction,GC,2005.0,Action,Vivendi Games,0.11,0.03,0.0,0.0,84.0,30.0,9.1,14.0,Radical Entertainment,T
8861,Megamind: Ultimate Showdown,PS3,2010.0,Action,THQ,0.07,0.05,0.0,0.02,43.0,5.0,4.2,6.0,THQ Australia,E10+
9988,FIFA Soccer,PSP,2005.0,Sports,Electronic Arts,0.11,0.0,0.0,0.01,73.0,23.0,7.7,22.0,EA Canada,E
3161,The Crew,XOne,2014.0,Racing,Ubisoft,0.25,0.34,0.0,0.05,64.0,18.0,5.9,176.0,"Ubisoft Reflections, Ivory Tower",T
2630,Drawn to Life,DS,2007.0,Action,THQ,0.71,0.01,0.0,0.06,73.0,34.0,8.2,30.0,5TH Cell,E
16035,FIFA Soccer 08,PC,2007.0,Sports,Electronic Arts,0.0,0.01,0.0,0.0,77.0,7.0,6.1,50.0,EA Canada,E
1203,LEGO Harry Potter: Years 1-4,X360,2010.0,Action,Warner Bros. Interactive Entertainment,0.95,0.46,0.0,0.14,79.0,58.0,8,62.0,Traveller's Tales,E10+
616,Deca Sports,Wii,2008.0,Sports,Konami Digital Entertainment,1.11,0.85,0.29,0.25,50.0,23.0,5.4,16.0,CAProduction,E
7481,MLB 10: The Show,PSP,2010.0,Sports,Sony Computer Entertainment,0.19,0.0,0.0,0.02,79.0,11.0,6.6,8.0,SCEA,E
2728,Shark Tale,PS2,2004.0,Action,Activision,0.37,0.29,0.0,0.1,69.0,30.0,6.5,6.0,Edge of Reality,E
9623,Hour of Victory,X360,2007.0,Shooter,Midway Games,0.1,0.01,0.0,0.01,37.0,33.0,3,40.0,Nfusion,T
1357,Tiger Woods PGA Tour 09 All-Play,Wii,2008.0,Sports,Electronic Arts,0.8,0.47,0.0,0.14,81.0,18.0,8.7,34.0,EA Tiburon,E
8997,L.A. Rush,XB,2005.0,Racing,Midway Games,0.11,0.03,0.0,0.01,59.0,36.0,3,4.0,Midway,T
15327,Group S Challenge,XB,2003.0,Racing,Capcom,0.02,0.0,0.0,0.0,57.0,17.0,6,5.0,Capcom,E
5338,TrackMania Turbo,PS4,2016.0,Action,Ubisoft,0.03,0.26,0.0,0.05,81.0,52.0,7.9,110.0,Nadeo,E
15190,Brothers in Arms: Hell's Highway,PC,2008.0,Shooter,Ubisoft,0.0,0.02,0.0,0.0,79.0,22.0,7.9,130.0,Gearbox Software,M
7118,Killer is Dead,PS3,2013.0,Action,Deep Silver,0.12,0.03,0.05,0.03,64.0,39.0,7.9,215.0,Grasshopper Manufacture,M
26,Brain Age 2: More Training in Minutes a Day,DS,2005.0,Puzzle,Nintendo,3.43,5.35,5.32,1.18,77.0,37.0,7.1,19.0,Nintendo,E
3918,SoulCalibur: Broken Destiny,PSP,2009.0,Fighting,Namco Bandai Games,0.12,0.2,0.07,0.12,80.0,52.0,6.2,45.0,Bandai Namco Games,T
5398,Leisure Suit Larry: Magna Cum Laude,PS2,2004.0,Adventure,Vivendi Games,0.17,0.13,0.0,0.04,60.0,44.0,6.3,18.0,High Voltage Software,M
8081,WWE All Stars,PSP,2011.0,Fighting,THQ,0.12,0.04,0.0,0.03,70.0,4.0,6.6,5.0,THQ,T
9225,Dead Island Definitive Collection,PS4,2016.0,Action,Deep Silver,0.03,0.07,0.01,0.02,63.0,32.0,6.4,45.0,Techland,M
14449,Men of War,PC,2009.0,Strategy,505 Games,0.01,0.02,0.0,0.0,80.0,22.0,8.1,136.0,Best Way,M
8518,Aliens: Infestation,DS,2011.0,Action,Sega,0.09,0.05,0.0,0.02,76.0,43.0,8.2,29.0,"Gearbox Software, WayForward",T
5325,Metal Arms: Glitch in the System,PS2,2003.0,Shooter,Vivendi Games,0.17,0.13,0.0,0.04,81.0,28.0,8.9,17.0,Mass Media,T
14197,DarkStar One,PC,2006.0,Simulation,Ubisoft,0.0,0.03,0.0,0.01,71.0,33.0,7.2,54.0,Ascaron Entertainment GmbH,T
6957,NASCAR Thunder 2004,XB,2003.0,Racing,Electronic Arts,0.18,0.05,0.0,0.01,85.0,14.0,9.1,15.0,EA Games,E
10100,NHL Hitz 20-03,XB,2002.0,Sports,Midway Games,0.08,0.02,0.0,0.0,81.0,19.0,8.5,13.0,Black Box,E
534,Jak II,PS2,2003.0,Platform,Sony Computer Entertainment,1.68,0.74,0.0,0.36,87.0,47.0,8.2,241.0,Naughty Dog,T
12885,Coraline,Wii,2009.0,Action,D3Publisher,0.05,0.0,0.0,0.0,42.0,7.0,5.5,8.0,Papaya Studios,E10+
585,FIFA Soccer 10,X360,2009.0,Sports,Electronic Arts,0.59,1.79,0.01,0.23,90.0,63.0,7.5,133.0,EA Sports,E
15232,GT Legends,PC,2005.0,Racing,Atari,0.0,0.02,0.0,0.0,84.0,21.0,8.6,44.0,SimBin,E
10086,The King of Fighters XII,X360,2009.0,Fighting,Ignition Entertainment,0.09,0.0,0.01,0.01,63.0,57.0,4.2,33.0,SNK Playmore,T
11560,Batman: Dark Tomorrow,GC,2003.0,Action,Kemco,0.06,0.02,0.0,0.0,29.0,14.0,3.2,19.0,Kemco,T
9088,Gretzky NHL 06,PSP,2005.0,Sports,Sony Computer Entertainment,0.13,0.0,0.0,0.01,65.0,22.0,6.8,4.0,Page 44 Studios,E10+
1916,FIFA Soccer 11,Wii,2010.0,Sports,Electronic Arts,0.26,0.69,0.0,0.12,73.0,17.0,7.3,8.0,EA Sports,E
15841,Mark McMorris Infinite Air,PS4,2016.0,Sports,FuRyu Corporation,0.01,0.0,0.0,0.0,49.0,15.0,6,29.0,HB Studios Multimedia,T
8107,Van Helsing,XB,2007.0,Action,Activision,0.13,0.04,0.0,0.01,63.0,32.0,7.6,8.0,Saffire,T
1910,Star Fox: Assault,GC,2005.0,Shooter,Nintendo,0.68,0.18,0.19,0.03,67.0,59.0,8.1,106.0,Namco,T
11629,Phantasy Star Online Episode III: C.A.R.D. Revolution,GC,2003.0,Role-Playing,Sega,0.06,0.02,0.0,0.0,71.0,24.0,8.2,13.0,Sonic Team,T
9921,Spider-Man: Edge of Time,3DS,2011.0,Action,Activision,0.08,0.03,0.0,0.01,50.0,7.0,6.4,12.0,Beenox,T
1133,NCAA Football 2005,PS2,2004.0,Sports,Electronic Arts,1.32,0.09,0.0,0.22,88.0,29.0,8.8,35.0,EA Tiburon,E
4368,Watch Dogs,PC,2014.0,Action,Ubisoft,0.15,0.26,0.0,0.03,77.0,18.0,4.7,3288.0,Ubisoft Montreal,M
8313,NBA 09: The Inside,PSP,2008.0,Sports,Sony Computer Entertainment,0.16,0.0,0.0,0.01,79.0,9.0,7.4,7.0,SCEA San Diego Studios,E
13100,Metal Slug Anthology,PSP,2007.0,Shooter,Ignition Entertainment,0.02,0.0,0.02,0.01,78.0,26.0,7.4,25.0,Terminal Reality,T
9859,Pinball Hall of Fame: The Williams Collection,X360,2009.0,Misc,Crave Entertainment,0.11,0.0,0.0,0.01,83.0,18.0,8.3,16.0,Farsight Studios,E10+
2173,Driver: San Francisco,PS3,2011.0,Racing,Ubisoft,0.24,0.52,0.01,0.18,79.0,53.0,7.7,114.0,Ubisoft Reflections,T
3605,Gravity Rush,PSV,2012.0,Action,Sony Computer Entertainment,0.21,0.17,0.09,0.08,83.0,73.0,8.5,625.0,SCE Japan Studio,T
12068,Colosseum: Road to Freedom,PS2,2005.0,Role-Playing,Tecmo Koei,0.03,0.03,0.0,0.01,56.0,35.0,8.3,17.0,Goshow,M
7995,Close Combat: First to Fight,XB,2005.0,Shooter,Take-Two Interactive,0.14,0.04,0.0,0.01,69.0,46.0,7.8,10.0,Destineer,T
5077,Ultimate Spider-Man,GC,2005.0,Action,Activision,0.29,0.07,0.0,0.01,76.0,36.0,7.2,21.0,Treyarch,T
8274,SWAT: Global Strike Team,XB,2003.0,Shooter,Vivendi Games,0.13,0.04,0.0,0.01,69.0,22.0,6.3,7.0,Argonaut Games,M
15165,Line Rider 2: Unbound,Wii,2008.0,Puzzle,Deep Silver,0.02,0.0,0.0,0.0,62.0,12.0,6.4,5.0,InXile Entertainment,E
1867,Need for Speed: ProStreet,Wii,2007.0,Racing,Electronic Arts,0.53,0.45,0.0,0.12,61.0,16.0,6.9,14.0,EA Games,E10+
2410,Mercenaries 2: World in Flames,PS3,2008.0,Shooter,Electronic Arts,0.29,0.39,0.02,0.16,72.0,43.0,7.1,73.0,Pandemic Studios,T
5187,The Incredibles: Rise of the Underminer,PS2,2005.0,Action,THQ,0.18,0.14,0.0,0.05,60.0,12.0,7.1,8.0,Heavy Iron Studios,E10+
2118,Brutal Legend,X360,2009.0,Action,Electronic Arts,0.62,0.26,0.0,0.09,82.0,88.0,8,268.0,Double Fine Productions,M
3779,The Lord of the Rings: The Fellowship of the Ring,XB,2002.0,Action,Universal Interactive,0.31,0.19,0.0,0.03,59.0,23.0,6.6,10.0,WXP,T
498,World Soccer Winning Eleven 7 International,PS2,2003.0,Sports,Konami Digital Entertainment,0.08,1.24,1.13,0.45,93.0,28.0,9,45.0,KCET,E
8617,FlatOut 2,PS2,2006.0,Racing,Empire Interactive,0.08,0.06,0.0,0.02,73.0,44.0,7.5,27.0,Bugbear,T
228,The Lord of the Rings: The Two Towers,PS2,2002.0,Action,Electronic Arts,1.94,1.95,0.08,0.7,82.0,32.0,8.2,78.0,Stormfront Studios,T
9985,Die Hard: Vendetta,GC,2002.0,Shooter,NDA Productions,0.09,0.02,0.0,0.0,54.0,23.0,7,10.0,Bits Studios,M
2741,Turok,X360,2008.0,Action,Touchstone,0.46,0.2,0.01,0.07,69.0,63.0,7.1,120.0,Propaganda Games,M
9271,World Tour Soccer 2002,PS2,2001.0,Sports,Sony Computer Entertainment,0.07,0.05,0.0,0.02,77.0,21.0,7.5,10.0,SCEE London Studio,E
5718,Fate/Extra,PSP,2010.0,Role-Playing,Marvelous Interactive,0.18,0.01,0.1,0.03,58.0,10.0,8.1,39.0,"Image Epoch, Imageepoch",T
5583,Dragon Ball: XenoVerse,XOne,2015.0,Fighting,Namco Bandai Games,0.18,0.11,0.0,0.03,67.0,18.0,7.2,128.0,Dimps Corporation,T
14543,Graffiti Kingdom,PS2,2004.0,Role-Playing,505 Games,0.01,0.01,0.0,0.0,71.0,27.0,7.1,12.0,Taito Corporation,E
1128,Pikmin,GC,2001.0,Strategy,Nintendo,0.78,0.25,0.56,0.04,89.0,39.0,8.7,121.0,Nintendo,E
3153,Onimusha: Dawn of Dreams,PS2,2006.0,Action,Capcom,0.15,0.12,0.34,0.04,81.0,45.0,8.9,62.0,Capcom,M
6240,Army of Two: The Devil's Cartel,PS3,2013.0,Shooter,Electronic Arts,0.11,0.11,0.01,0.05,58.0,27.0,6.7,100.0,Visceral Games,M
2721,Rockstar Games presents Table Tennis,X360,2006.0,Sports,Take-Two Interactive,0.28,0.38,0.0,0.08,81.0,75.0,7.8,69.0,Rockstar San Diego,E
7445,Hitman: HD Trilogy,PS3,2013.0,Action,Square Enix,0.07,0.09,0.0,0.04,71.0,20.0,7.6,46.0,Io Interactive,M
13062,Venetica,PC,2009.0,Role-Playing,DTP Entertainment,0.0,0.04,0.0,0.01,61.0,17.0,6.8,51.0,Deck 13,T
10031,Hyperdimension Neptunia U: Action Unleashed,PSV,2014.0,Action,Idea Factory International,0.03,0.01,0.06,0.01,71.0,20.0,6.8,44.0,Tamsoft,T
14713,Spectral Souls: Resurrection of the Ethereal Empires,PSP,2005.0,Role-Playing,Idea Factory,0.03,0.0,0.0,0.0,47.0,27.0,8.2,12.0,"Neverland, Idea Factory",T
12407,Bionicle Heroes,DS,2006.0,Shooter,Eidos Interactive,0.06,0.0,0.0,0.0,72.0,11.0,6.4,15.0,Amaze Entertainment,T
9053,Harvest Moon: Hero of Leaf Valley,PSP,2009.0,Simulation,Rising Star Games,0.07,0.02,0.05,0.01,74.0,6.0,7.9,12.0,Marvelous Entertainment,E
15241,Frontlines: Fuel of War,PC,2008.0,Shooter,THQ,0.0,0.02,0.0,0.0,73.0,19.0,6.9,171.0,Kaos Studios,T
7440,JSRF: Jet Set Radio Future,XB,2002.0,Action,Sega,0.13,0.04,0.03,0.01,88.0,36.0,8.2,102.0,Smilebit,T
15200,Psycho-Pass: Mandatory Happiness,PSV,2016.0,Adventure,Nippon Ichi Software,0.0,0.01,0.01,0.0,64.0,11.0,7.3,10.0,5pb,T
6449,Tearaway Unfolded,PS4,2015.0,Platform,Sony Computer Entertainment,0.09,0.13,0.0,0.04,81.0,70.0,8.1,188.0,Media Molecule,E
1045,Need for Speed Underground,XB,2003.0,Racing,Electronic Arts,1.09,0.55,0.0,0.07,83.0,25.0,8.7,35.0,Electronic Arts,E
4487,Bionicle,PS2,2003.0,Action,Electronic Arts,0.21,0.17,0.0,0.06,51.0,7.0,3.6,16.0,Argonaut Games,E
4645,Blazing Angels: Squadrons of WWII,X360,2006.0,Simulation,Ubisoft,0.36,0.02,0.0,0.03,66.0,58.0,7.9,53.0,Ubisoft,T
5596,Darkwatch,PS2,2005.0,Shooter,Ubisoft,0.16,0.12,0.0,0.04,74.0,37.0,8.4,42.0,High Moon Studios,M
9297,G.I. Joe: The Rise of Cobra,DS,2009.0,Action,Electronic Arts,0.11,0.01,0.0,0.01,47.0,16.0,7.5,4.0,Backbone Entertainment,E10+
14272,Supreme Ruler: Cold War,PC,2011.0,Strategy,Paradox Interactive,0.0,0.03,0.0,0.01,63.0,12.0,6.8,27.0,BattleGoat Studios,RP
8543,Wakeboarding Unleashed Featuring Shaun Murray,PS2,2003.0,Sports,Activision,0.08,0.06,0.0,0.02,83.0,23.0,9,12.0,Shaba Games,E
13658,NASCAR 07,XB,2006.0,Racing,Electronic Arts,0.03,0.01,0.0,0.0,72.0,26.0,7,4.0,EA Tiburon,E
983,The Getaway: Black Monday,PS2,2004.0,Action,Sony Computer Entertainment,0.39,1.01,0.02,0.36,57.0,53.0,7.6,47.0,SCEE London Studio,M
5480,Virtua Tennis 2009,X360,2009.0,Sports,Sega,0.12,0.18,0.0,0.03,70.0,43.0,6.2,15.0,Sumo Digital,E
13427,Pool Party,Wii,2007.0,Sports,SouthPeak Games,0.04,0.0,0.0,0.0,32.0,13.0,0.7,6.0,SouthPeak Games,E
3662,Tak and the Power of Juju,GBA,2003.0,Platform,THQ,0.39,0.15,0.0,0.01,79.0,28.0,9.2,19.0,Avalanche Software,E
15770,Pulse Racer,XB,2003.0,Racing,Jaleco,0.01,0.0,0.0,0.0,24.0,7.0,2.8,17.0,Jaleco Entertainment,E
3150,Football Manager 2014,PC,2013.0,Sports,Sega,0.0,0.6,0.0,0.03,85.0,41.0,5.5,275.0,Sports Interactive,E
10605,Bee Movie Game,PS2,2007.0,Action,Activision,0.05,0.04,0.0,0.01,65.0,11.0,7.5,4.0,Beenox,E
4813,Ragnarok Odyssey,PSV,2012.0,Role-Playing,GungHo,0.2,0.01,0.16,0.03,66.0,21.0,7.8,111.0,Game Arts,T
9265,UEFA Euro 2004: Portugal,PS2,2004.0,Sports,Electronic Arts,0.07,0.05,0.0,0.02,76.0,21.0,6.4,18.0,EA Canada,E
5969,Modnation Racers: Road Trip,PSV,2012.0,Racing,Sony Computer Entertainment,0.15,0.09,0.0,0.04,62.0,51.0,6.4,69.0,SCEA,E
2939,LEGO Rock Band,Wii,2009.0,Misc,Warner Bros. Interactive Entertainment,0.41,0.22,0.0,0.06,70.0,15.0,6.8,6.0,TT Fusion,E10+
1391,Dynasty Warriors 5,PS2,2005.0,Action,Tecmo Koei,0.24,0.18,0.91,0.06,69.0,29.0,8.8,68.0,Omega Force,T
11024,Castlevania: Lords of Shadow 2,X360,2014.0,Action,Konami Digital Entertainment,0.02,0.06,0.0,0.01,70.0,22.0,7.8,239.0,Mercury Steam,M
13330,DuckTales: Remastered,PS3,2013.0,Action,Capcom,0.01,0.03,0.0,0.01,75.0,31.0,7.4,135.0,WayForward,E
14916,Metal Saga,PS2,2005.0,Role-Playing,Success,0.01,0.01,0.0,0.0,62.0,26.0,7.3,9.0,Crea-Tech,T
10290,RIGS: Mechanized Combat League,PS4,2016.0,Action,Sony Computer Entertainment,0.03,0.05,0.01,0.02,79.0,42.0,7.9,76.0,Guerilla Cambridge,T
1412,Call of Duty: Black Ops,Wii,2010.0,Shooter,Activision,0.8,0.45,0.0,0.12,80.0,25.0,5.8,87.0,Treyarch,M
2256,Dante's Inferno,X360,2010.0,Action,Electronic Arts,0.63,0.2,0.02,0.07,73.0,71.0,7.7,224.0,Visceral Games,M
5603,Harry Potter and the Deathly Hallows - Part 2,PS3,2011.0,Action,Electronic Arts,0.14,0.13,0.0,0.05,43.0,21.0,5.7,27.0,EA Bright Light,T
5417,Dynasty Warriors 6 Empires,PS3,2009.0,Action,Tecmo Koei,0.14,0.03,0.15,0.02,62.0,22.0,7,26.0,Omega Force,T
4938,Auto Modellista,PS2,2002.0,Racing,Capcom,0.19,0.15,0.0,0.05,66.0,20.0,7.5,13.0,Capcom,E
4267,MX vs. ATV Untamed,PS3,2007.0,Racing,THQ,0.35,0.06,0.0,0.05,67.0,33.0,6.1,8.0,Rainbow Studios,E
9158,Dream Pinball 3D,Wii,2008.0,Misc,SouthPeak Games,0.1,0.02,0.0,0.01,54.0,8.0,7.6,7.0,TopWare Interactive,E10+
463,Heavy Rain,PS3,2010.0,Adventure,Sony Computer Entertainment,1.29,1.21,0.06,0.47,87.0,107.0,7.7,2759.0,Quantic Dream,M
1754,Final Fantasy Tactics: The War of the Lions,PSP,2007.0,Role-Playing,Square Enix,0.45,0.24,0.3,0.16,88.0,41.0,8,238.0,TOSE,T
6380,Tropico 4,PC,2011.0,Strategy,Kalypso Media,0.1,0.13,0.0,0.04,78.0,46.0,7.7,359.0,Haemimont,T
3829,Syphon Filter 3,PS,2001.0,Shooter,Sony Computer Entertainment,0.29,0.2,0.0,0.03,73.0,19.0,8.5,36.0,Sony Bend,M
378,Battlefield 4,PS3,2013.0,Shooter,Electronic Arts,1.3,1.42,0.27,0.5,80.0,14.0,5.8,579.0,EA DICE,M
11400,Agatha Christie: Evil Under the Sun,Wii,2008.0,Adventure,The Adventure Company,0.06,0.01,0.0,0.01,46.0,6.0,7.3,6.0,AWE Games,T
1335,Frogger 2: Swampy's Revenge,PS,1999.0,Action,Hasbro Interactive,0.8,0.54,0.0,0.09,77.0,4.0,7.9,8.0,Blitz Games,E
16473,Fullmetal Alchemist: Trading Card Game,DS,2007.0,Misc,Destineer,0.01,0.0,0.0,0.0,61.0,7.0,7.5,4.0,Magellan Interactive,T
2716,Mega Man X5,PS,2000.0,Platform,Capcom,0.3,0.21,0.2,0.05,76.0,10.0,8.9,55.0,Capcom,E
11727,Stella Deus: The Gate of Eternity,PS2,2004.0,Strategy,505 Games,0.04,0.03,0.0,0.01,75.0,31.0,8,9.0,Pinegrow,T
6322,BloodRayne 2,PS2,2004.0,Shooter,THQ,0.13,0.1,0.0,0.03,70.0,26.0,8.5,21.0,Terminal Reality,M
13468,Pool Hall Pro,Wii,2009.0,Sports,Playlogic Game Factory,0.04,0.0,0.0,0.0,62.0,5.0,5.3,4.0,Icon Games,E
9399,Chicken Run,PS,2000.0,Adventure,Eidos Interactive,0.07,0.05,0.0,0.01,75.0,7.0,6.2,6.0,Blitz Games,E
10423,Top Spin,PS2,2005.0,Sports,Take-Two Interactive,0.05,0.04,0.0,0.01,67.0,28.0,7.8,12.0,Pam Development,E
6691,The Bureau: XCOM Declassified,PS3,2013.0,Shooter,Take-Two Interactive,0.08,0.13,0.0,0.04,69.0,22.0,6.7,79.0,2K Marin,M
3793,ModNation Racers,PSP,2010.0,Racing,Sony Computer Entertainment,0.11,0.26,0.02,0.14,73.0,22.0,7.7,22.0,SCEA San Diego Studios,E
11961,Haunting Ground,PS2,2005.0,Action,Capcom,0.03,0.03,0.0,0.01,67.0,33.0,8.8,44.0,Capcom,M
14650,Lords of the Fallen,PC,2014.0,Role-Playing,Square Enix,0.0,0.03,0.0,0.0,73.0,36.0,6.9,583.0,"City Interactive, Deck 13",M
2917,Lego Star Wars: The Force Awakens,PS4,2016.0,Action,Warner Bros. Interactive Entertainment,0.16,0.43,0.01,0.11,78.0,61.0,7.5,91.0,TT Games,E10+
5586,Dead or Alive 5,X360,2012.0,Fighting,Ubisoft Annecy,0.19,0.08,0.03,0.03,76.0,39.0,7.9,95.0,Team Ninja,M
13735,Star Trek: Shattered Universe,XB,2004.0,Simulation,Global Star,0.03,0.01,0.0,0.0,41.0,21.0,4,10.0,Starsphere Interactive,E
6326,LEGO The Hobbit,XOne,2014.0,Action,Warner Bros. Interactive Entertainment,0.13,0.12,0.0,0.02,69.0,20.0,6.8,36.0,TT Games,E10+
1515,Assassin's Creed Syndicate,XOne,2015.0,Action,Ubisoft,0.62,0.56,0.0,0.11,78.0,22.0,6.1,402.0,Ubisoft Quebec,M
14402,DiRT Rally,PC,2016.0,Racing,Codemasters,0.0,0.03,0.0,0.0,86.0,33.0,8.7,288.0,Codemasters,E
1490,Need for Speed Underground Rivals,PSP,2005.0,Racing,Electronic Arts,0.69,0.37,0.02,0.24,74.0,36.0,8.5,38.0,Team Fusion,E
1129,Tiger Woods PGA Tour 2004,PS2,2003.0,Sports,Electronic Arts,1.18,0.34,0.0,0.1,89.0,23.0,8.8,40.0,EA Sports,E
3084,LEGO Jurassic World,XOne,2015.0,Action,Warner Bros. Interactive Entertainment,0.38,0.22,0.0,0.06,70.0,17.0,6.7,44.0,TT Games,E10+
7297,Angry Birds Star Wars,PS4,2013.0,Strategy,Activision,0.1,0.08,0.0,0.04,47.0,5.0,2,87.0,Exient Entertainment,E
734,Star Wars: The Force Unleashed,PS3,2008.0,Action,LucasArts,1.01,0.85,0.0,0.35,71.0,47.0,6.6,233.0,LucasArts,T
1174,Mario Party 10,WiiU,2015.0,Misc,Nintendo,0.69,0.53,0.24,0.12,66.0,66.0,6.5,279.0,"Nintendo, Nd Cube",E
790,Battlefield: Hardline,PS4,2015.0,Shooter,Electronic Arts,0.71,0.94,0.14,0.32,73.0,46.0,5,845.0,Visceral Games,M
11678,Valentino Rossi: The Game,PS4,2016.0,Racing,Namco Bandai Games,0.01,0.05,0.0,0.01,75.0,19.0,8,50.0,"Milestone, Milestone S.r.l",E
7675,Playboy: The Mansion,PS2,2005.0,Simulation,Ubisoft,0.1,0.08,0.0,0.03,59.0,33.0,7.5,18.0,Cyberlore Studios,M
548,Tekken 6,PS3,2009.0,Fighting,Namco Bandai Games,1.2,0.97,0.17,0.42,79.0,63.0,7.4,211.0,Namco Bandai Games,T
3339,Disney Infinity,WiiU,2013.0,Action,Disney Interactive Studios,0.33,0.22,0.0,0.05,71.0,10.0,7.6,58.0,Avalanche Software,E10+
10498,Bujingai: The Forsaken City,PS2,2003.0,Fighting,505 Games,0.05,0.04,0.0,0.01,72.0,28.0,7.5,14.0,Taito Corporation,T
7465,Evil Dead: Regeneration,PS2,2005.0,Action,THQ,0.1,0.08,0.0,0.03,68.0,26.0,8.5,8.0,Cranky Pants Games,M
11614,World Series of Poker 2008: Battle for the Bracelets,X360,2007.0,Misc,Activision,0.06,0.01,0.0,0.01,74.0,10.0,6.7,6.0,Left Field Productions,T
12628,Trapt,PS2,2005.0,Action,Tecmo Koei,0.03,0.02,0.0,0.01,60.0,36.0,7.9,14.0,Paon Corporation,M
66,Halo 4,X360,2012.0,Shooter,Microsoft Game Studios,6.65,2.28,0.04,0.74,87.0,87.0,7,3260.0,343 Industries,M
15474,Ruff Trigger: The Vanocore Conspiracy,PS2,2006.0,Platform,Natsume,0.01,0.01,0.0,0.0,57.0,8.0,7,7.0,Playstos Entertainment,E10+
622,Game Party,Wii,2007.0,Misc,Midway Games,1.47,0.77,0.0,0.24,25.0,8.0,4.3,26.0,Midway,E
787,Tetris DS,DS,2006.0,Puzzle,Nintendo,0.63,0.05,1.35,0.08,84.0,56.0,8.7,44.0,Nintendo,E
478,World Soccer Winning Eleven 6 International,PS2,2002.0,Sports,Konami Digital Entertainment,0.12,1.26,1.16,0.45,93.0,24.0,9.1,65.0,KCET,E
6899,Driver '76,PSP,2007.0,Racing,Ubisoft,0.03,0.14,0.0,0.07,57.0,28.0,7.9,18.0,Sumo Digital,M
1033,Hitman: Absolution,X360,2012.0,Action,Square Enix,0.68,0.88,0.01,0.17,79.0,51.0,7.1,453.0,Io Interactive,M
2598,The Godfather II,X360,2009.0,Action,Electronic Arts,0.47,0.23,0.01,0.08,65.0,72.0,6.9,60.0,EA Redwood Shores,M
1514,Tekken 6,X360,2009.0,Fighting,Namco Bandai Games,0.71,0.41,0.05,0.12,80.0,59.0,7,132.0,"Namco Bandai Games America, Namco Bandai Games",T
6191,Silent Hill 2: Restless Dreams,XB,2001.0,Action,Konami Digital Entertainment,0.21,0.06,0.0,0.01,84.0,23.0,8.3,39.0,KCET,M
7237,From Russia With Love,GC,2005.0,Action,Electronic Arts,0.17,0.04,0.0,0.01,70.0,20.0,8.5,13.0,Electronic Arts,T
5753,Skylanders: SuperChargers,PS4,2015.0,Action,Activision,0.17,0.08,0.0,0.05,81.0,51.0,3.3,29.0,Vicarious Visions,E10+
11572,Earth Defense Force 2017,X360,2006.0,Action,D3Publisher,0.04,0.0,0.03,0.0,69.0,55.0,7.7,60.0,Sandlot,T
5521,MVP Baseball 2005,GC,2005.0,Sports,Electronic Arts,0.25,0.07,0.0,0.01,88.0,20.0,8.7,16.0,EA Sports,E
7349,Neo Contra,PS2,2004.0,Shooter,Konami Digital Entertainment,0.1,0.08,0.0,0.03,65.0,37.0,7.1,8.0,KCET,M
220,God of War III,PS3,2010.0,Action,Sony Computer Entertainment,2.74,1.33,0.12,0.61,92.0,101.0,8.7,2633.0,SCE Santa Monica,M
14259,JoJo's Bizarre Adventure: Eyes of Heaven,PS4,2015.0,Fighting,Namco Bandai Games,0.0,0.0,0.03,0.0,61.0,35.0,7.4,44.0,CyberConnect2,T
2476,Madden NFL 09 All-Play,Wii,2008.0,Sports,Electronic Arts,0.76,0.01,0.0,0.06,82.0,19.0,7.2,22.0,EA Tiburon,E
12956,IL-2 Sturmovik: Cliffs of Dover,PC,2011.0,Simulation,Ubisoft,0.0,0.04,0.0,0.01,60.0,13.0,7.1,114.0,1C: Maddox Games,T
5650,NBA 2K3,XB,2002.0,Sports,Sega,0.24,0.07,0.0,0.01,87.0,15.0,7.9,9.0,Visual Concepts,E
6060,Sengoku Basara: Samurai Heroes,Wii,2010.0,Action,Capcom,0.06,0.01,0.2,0.01,65.0,18.0,8.8,13.0,Capcom,T
901,Mario Party: Island Tour,3DS,2013.0,Misc,Nintendo,0.62,0.64,0.55,0.11,57.0,47.0,6.3,117.0,"Nintendo, Nd Cube",E
16300,BattleForge,PC,2009.0,Strategy,Electronic Arts,0.0,0.01,0.0,0.0,75.0,37.0,7,112.0,EA Phenomic,T
2296,Crysis 3,X360,2013.0,Shooter,Electronic Arts,0.51,0.31,0.01,0.08,76.0,45.0,6.7,344.0,Crytek,M
8488,Clash of the Titans,X360,2010.0,Action,Namco Bandai Games,0.08,0.06,0.0,0.02,42.0,31.0,4.1,17.0,Game Republic,T
14805,NBA 2K7,XB,2006.0,Sports,Take-Two Interactive,0.02,0.01,0.0,0.0,83.0,8.0,8.6,5.0,"Kush Games, Visual Concepts",E
7257,KORG DS-10 Synthesizer,DS,2008.0,Misc,AQ Interactive,0.19,0.01,0.0,0.02,82.0,11.0,8.2,13.0,AQ Interactive,E
2580,Guitar Hero: Aerosmith,PS2,2008.0,Misc,Activision,0.61,0.0,0.0,0.18,71.0,11.0,6.3,15.0,BudCat,T
7966,Disney's Meet the Robinsons,Wii,2007.0,Action,Disney Interactive Studios,0.17,0.0,0.0,0.01,62.0,11.0,6.3,4.0,Buena Vista Games,E10+
12706,Resident Evil 2,GC,2003.0,Action,Capcom,0.04,0.01,0.0,0.0,59.0,15.0,8.5,31.0,Capcom,M
9562,Legends of Wrestling,GC,2002.0,Fighting,Acclaim Entertainment,0.1,0.03,0.0,0.0,50.0,18.0,6.8,4.0,Acclaim,T
10652,Tom Clancy's Splinter Cell,GBA,2003.0,Action,Ubisoft,0.07,0.03,0.0,0.0,77.0,21.0,8.6,8.0,Ubisoft Montreal,T
681,Kinect Sports: Season Two,X360,2011.0,Sports,Microsoft Game Studios,1.38,0.72,0.02,0.22,66.0,46.0,6.5,39.0,"Rare Ltd., BigPark",E
2987,FIFA Soccer 06,XB,2005.0,Sports,Electronic Arts,0.29,0.38,0.0,0.01,80.0,39.0,7.5,22.0,EA Canada,E
1882,Sonic and the Black Knight,Wii,2009.0,Platform,Sega,0.64,0.34,0.01,0.1,54.0,51.0,6.9,198.0,Sonic Team,E10+
9887,Psychonauts,XB,2005.0,Platform,THQ,0.09,0.03,0.0,0.0,88.0,54.0,9,71.0,Double Fine Productions,T
1940,Spore Creatures,DS,2008.0,Simulation,Electronic Arts,0.66,0.3,0.0,0.1,65.0,20.0,6.5,21.0,Griptonite Games,E
3296,Tearaway,PSV,2013.0,Adventure,Sony Computer Entertainment Europe,0.14,0.34,0.0,0.14,87.0,82.0,8.9,391.0,Media Molecule,E
3534,Pro Evolution Soccer 2012,PSP,2011.0,Action,Konami Digital Entertainment,0.1,0.11,0.29,0.06,74.0,4.0,6.3,8.0,Konami,E
3729,Mat Hoffman's Pro BMX,PS,2001.0,Sports,Activision,0.3,0.2,0.0,0.04,80.0,15.0,8.6,16.0,Shaba Games,E
490,Street Fighter IV,X360,2009.0,Fighting,Capcom,1.82,0.7,0.15,0.26,93.0,77.0,7.3,292.0,Capcom,T
5708,Madden NFL 2004,GBA,2003.0,Sports,Electronic Arts,0.22,0.08,0.0,0.01,70.0,9.0,6.6,5.0,BudCat,E
1181,Guitar Hero: On Tour Decades,DS,2008.0,Misc,Activision,0.84,0.57,0.0,0.16,72.0,40.0,8,5.0,Vicarious Visions,E10+
1375,Spider-Man: The Movie,XB,2002.0,Action,Activision,1.07,0.28,0.0,0.05,79.0,29.0,7.5,11.0,Treyarch,E
626,Pure,X360,2008.0,Racing,Disney Interactive Studios,1.38,0.84,0.0,0.25,85.0,55.0,7.7,83.0,Black Rock Studio,E
13093,The Bureau: XCOM Declassified,PC,2013.0,Shooter,Take-Two Interactive,0.0,0.05,0.0,0.0,66.0,45.0,6.5,621.0,2K Marin,M
16415,Conflict: Denied Ops,PC,2008.0,Shooter,Eidos Interactive,0.0,0.01,0.0,0.0,58.0,18.0,4.8,54.0,Pivotal Games,M
2887,NBA Live 09,X360,2008.0,Sports,Electronic Arts,0.5,0.14,0.0,0.07,77.0,32.0,7.4,14.0,EA Canada,E
1366,Sonic's Ultimate Genesis Collection,X360,2009.0,Misc,Sega,0.85,0.43,0.0,0.13,79.0,45.0,8.5,40.0,Backbone Entertainment,E10+
2639,Rayman Origins,X360,2011.0,Platform,Ubisoft,0.38,0.32,0.0,0.08,87.0,55.0,8.2,209.0,UBlart Montpellier,E10+
16201,LifeSigns: Surgical Unit,DS,2005.0,Simulation,JoWood Productions,0.01,0.01,0.0,0.0,61.0,17.0,7.8,5.0,Spike,T
5602,Prince of Persia: The Sands of Time,GC,2003.0,Action,Ubisoft,0.25,0.06,0.0,0.01,92.0,33.0,8.4,41.0,Ubisoft,T
5730,Batman: Arkham Origins,WiiU,2013.0,Action,Warner Bros. Interactive Entertainment,0.19,0.09,0.0,0.03,68.0,5.0,7.4,127.0,Human Head Studios,T
5296,Resident Evil: Dead Aim,PS2,2003.0,Action,Capcom,0.17,0.13,0.0,0.04,65.0,28.0,6.6,48.0,Cavia Inc.,M
2938,Metal Gear Solid: Portable Ops Plus,PSP,2007.0,Action,Konami Digital Entertainment,0.26,0.0,0.26,0.17,65.0,19.0,7.5,27.0,Kojima Productions,T
11676,All-Star Baseball 2004,GC,2003.0,Sports,Acclaim Entertainment,0.06,0.02,0.0,0.0,80.0,14.0,9.2,5.0,Acclaim,E
5979,Little King's Story,Wii,2009.0,Strategy,Rising Star Games,0.14,0.1,0.02,0.02,87.0,50.0,8.8,86.0,Cing,T
4534,Rayman Legends,X360,2013.0,Platform,Ubisoft,0.19,0.2,0.0,0.04,90.0,35.0,8.2,217.0,Ubisoft Montpellier,E10+
15914,Stronghold Legends,PC,2006.0,Strategy,Take-Two Interactive,0.0,0.01,0.0,0.0,57.0,19.0,7.2,44.0,FireFly Studios,T
12823,Ride to Hell,X360,2013.0,Racing,Deep Silver,0.04,0.01,0.0,0.01,19.0,14.0,1.3,433.0,"Eutechnyx, Deep Silver",M
12639,Theresia...,DS,2008.0,Adventure,Arc System Works,0.05,0.0,0.0,0.0,61.0,6.0,8,8.0,WorkJam,M
1784,Pokemon Rumble Blast,3DS,2011.0,Action,Nintendo,0.47,0.26,0.35,0.07,56.0,36.0,7.1,50.0,Ambrella,E10+
2038,Harry Potter and the Prisoner of Azkaban,PS2,2004.0,Action,Electronic Arts,0.5,0.39,0.0,0.13,70.0,29.0,8.7,29.0,EA Games,E
9281,Tomb Raider: The Prophecy,GBA,2002.0,Action,Ubisoft,0.1,0.04,0.0,0.0,66.0,20.0,8.8,13.0,Ubisoft Milan,T
2897,Two Worlds,X360,2007.0,Role-Playing,SouthPeak Games,0.41,0.22,0.0,0.07,50.0,44.0,5.5,182.0,Reality Pump,M
8558,Marble Saga: Kororinpa,Wii,2009.0,Puzzle,Konami Digital Entertainment,0.09,0.05,0.0,0.01,74.0,16.0,7.3,6.0,Hudson Entertainment,E
13204,Secret Files: Tunguska,DS,2008.0,Adventure,Deep Silver,0.04,0.01,0.0,0.0,71.0,6.0,7.6,5.0,"10tacle Studios, Fusionsphere Systems",T
10007,Dead Man's Hand,XB,2004.0,Shooter,Atari,0.09,0.02,0.0,0.0,62.0,31.0,8.1,9.0,Human Head Studios,T
2031,LEGO Indiana Jones 2: The Adventure Continues,X360,2009.0,Action,Activision,0.62,0.31,0.0,0.09,71.0,41.0,7.4,25.0,Traveller's Tales,E10+
813,Dance Dance Revolution: Hottest Party,Wii,2007.0,Simulation,Konami Digital Entertainment,1.35,0.52,0.0,0.19,73.0,16.0,7.1,27.0,Konami,E10+
7235,Asphalt: Injection,PSV,2011.0,Action,Ubisoft,0.13,0.06,0.0,0.03,49.0,33.0,4.8,28.0,Ubisoft,E10+
6280,WWII Aces,Wii,2008.0,Simulation,Destineer,0.25,0.0,0.0,0.02,41.0,7.0,5.4,18.0,Arcade Moon,T
2226,MLB 07: The Show,PS2,2007.0,Sports,Sony Computer Entertainment,0.77,0.03,0.0,0.13,83.0,25.0,8.6,19.0,SCEA,E
13356,Moon,DS,2009.0,Adventure,Mastiff,0.04,0.0,0.0,0.0,71.0,45.0,7.4,21.0,Renegade Kid,T
12789,Remember Me,PC,2013.0,Action,Capcom,0.0,0.05,0.0,0.0,65.0,26.0,7.4,1007.0,DONTNOD Entertainment,M
9356,Retro Atari Classics,DS,2005.0,Misc,Atari,0.12,0.0,0.0,0.01,51.0,17.0,3.7,7.0,Taniko,E
5649,The Darkness II,PS3,2012.0,Shooter,Take-Two Interactive,0.14,0.13,0.0,0.05,79.0,28.0,7.6,127.0,Digital Extremes,M
3917,NHL 07,PS2,2006.0,Sports,Electronic Arts,0.42,0.02,0.0,0.07,76.0,11.0,4.6,51.0,EA Sports,E10+
305,Batman: Arkham Knight,PS4,2015.0,Action,Warner Bros. Interactive Entertainment,1.53,1.69,0.1,0.64,87.0,89.0,7.6,2679.0,Rocksteady Studios,M
4056,Asphalt 3D,3DS,2011.0,Racing,Ubisoft,0.27,0.16,0.02,0.04,43.0,37.0,4.4,24.0,Gameloft,E10+
1231,Donkey Kong Country: Tropical Freeze,WiiU,2014.0,Platform,Nintendo,0.7,0.55,0.16,0.12,83.0,77.0,8.9,712.0,Retro Studios,E
2313,LEGO Marvel Super Heroes,3DS,2013.0,Action,Warner Bros. Interactive Entertainment,0.42,0.36,0.04,0.07,61.0,4.0,5.2,11.0,TT Games,E10+
9643,Project CARS,PC,2015.0,Racing,Slightly Mad Studios,0.0,0.12,0.0,0.01,83.0,48.0,7.1,418.0,Slightly Mad Studios,E
13461,Yager,XB,2003.0,Shooter,THQ,0.03,0.01,0.0,0.0,70.0,19.0,9.3,9.0,Yager,T
6470,Etrian Odyssey Untold: The Millennium Girl,3DS,2013.0,Role-Playing,Atlus,0.1,0.01,0.14,0.01,80.0,41.0,8.2,89.0,Atlus,T
3899,The Walking Dead: Survival Instinct,PS3,2013.0,Shooter,Activision,0.28,0.15,0.0,0.08,34.0,14.0,3.6,196.0,Terminal Reality,M
14830,Gotcha Force,GC,2003.0,Shooter,Capcom,0.01,0.0,0.01,0.0,56.0,24.0,8.2,17.0,Capcom,E
9906,Alice: Madness Returns,PC,2011.0,Adventure,Electronic Arts,0.0,0.1,0.0,0.02,75.0,29.0,8.4,559.0,Spicy Horse,M
4270,Brothers In Arms: D-Day,PSP,2006.0,Shooter,Ubisoft,0.23,0.14,0.0,0.09,65.0,19.0,9.1,64.0,Ubisoft Shanghai,M
4086,Skylanders: SuperChargers,WiiU,2015.0,Action,Activision,0.25,0.19,0.0,0.04,87.0,13.0,5.6,65.0,Vicarious Visions,E10+
6663,Up,PS3,2009.0,Action,THQ,0.15,0.06,0.0,0.03,65.0,5.0,6.5,4.0,Heavy Iron Studios,E10+
11086,Tornado Outbreak,PS3,2009.0,Action,Konami Digital Entertainment,0.08,0.0,0.0,0.01,69.0,15.0,7.6,8.0,Loose Cannon Studios,E10+
3365,WWE 2K17,PS4,2016.0,Sports,Take-Two Interactive,0.17,0.34,0.0,0.09,69.0,50.0,6.9,88.0,Yuke's,T
2670,Twisted Metal: Head On,PSP,2005.0,Action,Sony Computer Entertainment,0.71,0.0,0.0,0.06,79.0,45.0,8.2,38.0,Incognito Inc.,T
5506,Resonance of Fate,X360,2010.0,Role-Playing,Sega,0.12,0.13,0.06,0.03,74.0,43.0,7.7,96.0,Tri-Ace,T
9081,Hitman: Blood Money,XB,2006.0,Action,Eidos Interactive,0.11,0.03,0.0,0.01,81.0,27.0,9.1,32.0,Io Interactive,M
6559,Peter Jackson's King Kong: The Official Game of the Movie,X360,2005.0,Action,Ubisoft,0.2,0.03,0.0,0.02,80.0,57.0,7.5,79.0,Ubisoft Montpellier,T
9627,Crash Tag Team Racing,XB,2005.0,Racing,Vivendi Games,0.09,0.03,0.0,0.0,69.0,17.0,7.8,11.0,Radical Entertainment,E10+
5982,Dynasty Warriors: Strikeforce,PS3,2009.0,Action,Tecmo Koei,0.11,0.07,0.07,0.03,64.0,27.0,7.3,15.0,Omega Force,T
9782,Supremacy MMA,PS3,2011.0,Fighting,505 Games,0.07,0.03,0.0,0.02,47.0,17.0,6.5,4.0,Kung Fu Factory,M
11820,Pac-Man World 3,PSP,2005.0,Platform,Namco Bandai Games,0.07,0.0,0.0,0.01,61.0,9.0,6,4.0,Blitz Games,E
10553,Baten Kaitos Origins,GC,2006.0,Role-Playing,Unknown,0.06,0.02,0.02,0.0,75.0,21.0,8.9,23.0,"Monolith Soft, Namco Bandai Games",T
2181,Lost Planet 2,PS3,2010.0,Shooter,Capcom,0.29,0.33,0.2,0.13,68.0,56.0,6.9,62.0,Capcom,T
6103,Street Hoops,XB,2002.0,Sports,Activision,0.21,0.06,0.0,0.01,58.0,22.0,8,4.0,Black Ops Entertainment,T
12963,Black Sigil: Blade of the Exiled,DS,2009.0,Role-Playing,Graffiti,0.05,0.0,0.0,0.0,58.0,24.0,7.5,20.0,Studio Archcraft,E
10428,UFC: Tapout 2,XB,2003.0,Fighting,Capcom,0.08,0.02,0.0,0.0,66.0,14.0,7.3,4.0,DreamFactory,T
9401,Fatal Inertia,X360,2007.0,Racing,Tecmo Koei,0.12,0.0,0.0,0.01,61.0,30.0,4.2,19.0,Koei,E10+
421,Gran Turismo 6,PS3,2013.0,Racing,Sony Computer Entertainment,0.72,1.67,0.4,0.44,81.0,81.0,7.7,758.0,Polyphony Digital,E
9898,nail'd,PS3,2010.0,Racing,Deep Silver,0.08,0.02,0.0,0.02,66.0,36.0,6.2,13.0,Techland,E10+
2306,MX vs. ATV Reflex,PS3,2009.0,Racing,THQ,0.52,0.25,0.0,0.12,74.0,44.0,7.4,10.0,Rainbow Studios,E
171,Uncharted 4: A Thief's End,PS4,2016.0,Shooter,Sony Computer Entertainment,1.85,2.5,0.19,0.85,93.0,113.0,7.9,7064.0,Naughty Dog,T
8462,Blood Bowl,X360,2009.0,Sports,Focus Home Interactive,0.13,0.02,0.0,0.01,61.0,28.0,5.1,19.0,Cyanide,T
1725,WWE '12,PS3,2011.0,Fighting,THQ,0.53,0.45,0.02,0.17,72.0,28.0,6.9,80.0,Yuke's,T
9756,Chase: Hollywood Stunt Driver,XB,2002.0,Racing,BAM! Entertainment,0.09,0.03,0.0,0.0,60.0,14.0,7.4,5.0,I-Imagine,T
9974,Lost in Shadow,Wii,2010.0,Platform,Konami Digital Entertainment,0.09,0.0,0.01,0.01,68.0,38.0,8.7,18.0,Hudson Soft,E10+
10359,MLB 14: The Show,PSV,2014.0,Sports,Sony Computer Entertainment America,0.08,0.0,0.0,0.03,68.0,6.0,7,25.0,SCEA San Diego Studios,E
904,Guitar Hero: World Tour,PS3,2008.0,Misc,Activision,1.1,0.55,0.0,0.27,84.0,43.0,7.5,80.0,Neversoft Entertainment,T
3494,Tales of the Abyss,PS2,2005.0,Role-Playing,Namco Bandai Games,0.0,0.0,0.57,0.0,78.0,22.0,8.4,109.0,Namco,T
8346,Star Wars: Battlefront II,PC,2005.0,Shooter,LucasArts,0.02,0.13,0.0,0.02,78.0,23.0,8.8,431.0,Pandemic Studios,T
7797,X-Men Origins: Wolverine,PSP,2009.0,Action,Activision,0.13,0.03,0.0,0.03,60.0,6.0,7.5,12.0,Griptonite Games,T
14813,XBLAZE Code: Embryo,PSV,2013.0,Adventure,Arc System Works,0.01,0.0,0.01,0.0,43.0,5.0,7.4,24.0,Arc System Works,M
2080,UFC Undisputed 3,X360,2012.0,Action,THQ,0.72,0.2,0.0,0.08,85.0,60.0,7.6,88.0,Yuke's,T
9316,Your Shape: Fitness Evolved 2013,WiiU,2012.0,Action,Ubisoft,0.06,0.07,0.0,0.01,76.0,8.0,6.3,16.0,Blue Byte,E10+
12163,N+,DS,2007.0,Platform,Atari,0.06,0.0,0.0,0.0,82.0,20.0,7.4,20.0,"Metanet Software Inc., SilverBirch Studios",E
6533,Oddworld: Stranger's Wrath,XB,2005.0,Adventure,Electronic Arts,0.19,0.06,0.0,0.01,88.0,65.0,9.1,58.0,Oddworld Inhabitants,T
2646,MadWorld,Wii,2009.0,Action,Sega,0.45,0.23,0.02,0.07,81.0,74.0,8.6,176.0,PlatinumGames,M
2155,Mario Tennis Open,3DS,2012.0,Sports,Nintendo,0.26,0.29,0.34,0.05,69.0,58.0,6.9,110.0,Camelot Software Planning,E
3715,Fire Emblem: Path of Radiance,GC,2005.0,Action,Nintendo,0.29,0.08,0.16,0.01,85.0,42.0,8.9,141.0,Intelligent Systems,T
8111,Spider-Man: Friend or Foe,PSP,2007.0,Action,Activision,0.16,0.0,0.0,0.01,58.0,7.0,4.4,9.0,Artificial Mind and Movement,E10+
3622,Soul Reaver 2,PS2,2001.0,Action,Eidos Interactive,0.27,0.21,0.0,0.07,80.0,22.0,8.5,35.0,Crystal Dynamics,M
4516,EverQuest Online Adventures,PS2,2003.0,Role-Playing,Sony Online Entertainment,0.21,0.16,0.0,0.05,74.0,22.0,8.2,33.0,Sony Online Entertainment,T
8750,The Adventures of Tintin: The Game,3DS,2011.0,Action,Ubisoft,0.05,0.09,0.0,0.02,56.0,8.0,5.7,12.0,Ubisoft Montpellier,E10+
1436,Samurai Warriors,PS2,2004.0,Action,Electronic Arts,0.22,0.05,1.06,0.02,73.0,37.0,8.7,23.0,Omega Force,T
507,Madden NFL 13,X360,2012.0,Sports,Electronic Arts,2.53,0.15,0.0,0.17,81.0,36.0,5.8,179.0,EA Tiburon,E
5275,Worms: Open Warfare 2,DS,2007.0,Strategy,THQ,0.07,0.24,0.0,0.04,81.0,25.0,9.1,22.0,"Team 17, Two Tribes",E10+
4386,Van Helsing,PS2,2004.0,Action,Activision,0.22,0.17,0.0,0.06,64.0,41.0,8.5,19.0,Saffire,T
7680,Tiger Woods PGA Tour 06,PSP,2005.0,Sports,Electronic Arts,0.18,0.0,0.0,0.01,80.0,15.0,7.9,8.0,Team Fusion,E
8693,Sherlock Holmes vs. Jack the Ripper,X360,2009.0,Adventure,Focus Home Interactive,0.11,0.03,0.0,0.01,62.0,24.0,6.8,14.0,Frogwares,T
9121,Pro Evolution Soccer 2015,XOne,2014.0,Sports,Konami Digital Entertainment,0.03,0.1,0.0,0.01,79.0,9.0,7.3,65.0,Konami,E
1211,BioShock 2,PS3,2010.0,Shooter,Take-Two Interactive,0.85,0.46,0.02,0.22,88.0,62.0,8.2,492.0,2K Marin,M
8864,Thor: God of Thunder,Wii,2011.0,Action,Sega,0.1,0.04,0.0,0.01,56.0,14.0,8,9.0,Red Fly Studio,T
6106,R: Racing Evolution,PS2,2003.0,Racing,Namco Bandai Games,0.14,0.11,0.0,0.04,66.0,35.0,6.2,5.0,Namco,T
5615,FIFA 2001 Major League Soccer,PS,2000.0,Sports,Electronic Arts,0.18,0.12,0.0,0.02,85.0,10.0,7.8,5.0,EA Sports,E
1464,Battlefield: Bad Company,PS3,2008.0,Shooter,Electronic Arts,0.76,0.35,0.05,0.18,84.0,50.0,8.1,203.0,EA DICE,T
10064,Prince of Persia: Rival Swords,PSP,2007.0,Action,Ubisoft,0.08,0.02,0.0,0.01,74.0,16.0,8.2,19.0,"Pipeworks Software, Inc.",T
6360,NBA Live 2004,GC,2003.0,Sports,Electronic Arts,0.21,0.05,0.0,0.01,84.0,17.0,9,4.0,EA Sports,E
13939,Stoked: Big Air Edition,X360,2009.0,Sports,Namco Bandai Games,0.02,0.02,0.0,0.0,72.0,21.0,7.7,16.0,Bongfish,T
12672,Racing Gears Advance,GBA,2004.0,Racing,Zoo Digital Publishing,0.04,0.02,0.0,0.0,83.0,17.0,8.9,9.0,"Orbital Media, Inc.",E
272,Daxter,PSP,2006.0,Platform,Sony Computer Entertainment,2.45,1.01,0.0,0.75,85.0,59.0,8.7,109.0,Ready at Dawn,E10+
3618,No More Heroes,Wii,2007.0,Action,Rising Star Games,0.29,0.17,0.04,0.05,83.0,64.0,8.4,259.0,Grasshopper Manufacture,M
746,Star Wars: Knights of the Old Republic,XB,2003.0,Role-Playing,Activision,1.68,0.44,0.0,0.08,94.0,72.0,9.2,317.0,BioWare,T
7707,NHL FaceOff 2001,PS2,2001.0,Sports,Sony Computer Entertainment,0.1,0.07,0.0,0.02,57.0,11.0,4,4.0,989 Sports,E
8982,F1 2012,PC,2012.0,Racing,Codemasters,0.01,0.11,0.0,0.02,80.0,15.0,6.9,115.0,Codemasters,E
11131,Transworld Snowboarding,XB,2002.0,Sports,Atari,0.07,0.02,0.0,0.0,74.0,14.0,9.2,14.0,Housemarque,T
1912,The Simpsons Game,PSP,2007.0,Action,Electronic Arts,0.24,0.54,0.0,0.3,59.0,7.0,6.7,15.0,"Electronic Arts, Rebellion",T
10493,Yggdra Union: We'll Never Fight Alone,PSP,2008.0,Role-Playing,Sting,0.05,0.0,0.04,0.01,73.0,17.0,7.9,18.0,Sting,T
3892,Soul Sacrifice,PSV,2013.0,Role-Playing,Sony Computer Entertainment,0.15,0.08,0.22,0.06,77.0,71.0,8.2,298.0,"SCE Japan Studio, comcept",M
1652,Fuzion Frenzy,XB,2001.0,Misc,Microsoft Game Studios,0.93,0.24,0.0,0.04,70.0,28.0,6.9,16.0,Blitz Games,E
8106,World of Outlaws: Sprint Cars,X360,2010.0,Racing,THQ,0.17,0.0,0.0,0.01,57.0,4.0,8.1,10.0,Big Ant Studios,E
12717,Mana Khemia: Alchemists of Al-Revis,PS2,2007.0,Role-Playing,Nippon Ichi Software,0.03,0.02,0.0,0.01,69.0,20.0,7.5,41.0,Gust,E10+
375,Resident Evil 5,X360,2009.0,Action,Capcom,2.11,0.93,0.12,0.34,83.0,91.0,7.5,523.0,Capcom,M
1966,Resident Evil: The Darkside Chronicles,Wii,2009.0,Action,Capcom,0.46,0.31,0.2,0.09,75.0,55.0,8,60.0,Cavia Inc.,M
3957,Lost: Via Domus,PS3,2008.0,Action,Ubisoft,0.19,0.22,0.0,0.09,54.0,30.0,6.9,28.0,Ubisoft Montreal,T
1243,Dead Space 2,X360,2011.0,Shooter,Electronic Arts,0.94,0.44,0.0,0.13,90.0,83.0,8.6,679.0,Visceral Games,M
13805,Superman: Countdown to Apokolips,GBA,2003.0,Platform,Atari,0.03,0.01,0.0,0.0,47.0,5.0,5.7,6.0,Mistic Software,E
10417,Rocky Balboa,PSP,2007.0,Sports,Ubisoft,0.01,0.09,0.0,0.01,58.0,17.0,6.6,11.0,Ubisoft,T
941,Kingdom Hearts: Chain of Memories,GBA,2004.0,Role-Playing,Square Enix,1.26,0.18,0.35,0.06,76.0,37.0,7.9,84.0,Jupiter Corporation,E
3346,Half-Life,PS2,2001.0,Shooter,Vivendi Games,0.29,0.23,0.0,0.08,87.0,24.0,8.6,94.0,Gearbox Software,M
2657,Worms: Open Warfare,PSP,2006.0,Strategy,THQ,0.11,0.43,0.0,0.23,70.0,22.0,6.6,18.0,Team 17,E10+
6578,Baldur's Gate: Dark Alliance II,XB,2004.0,Role-Playing,Acclaim Entertainment,0.19,0.06,0.0,0.01,77.0,44.0,7.9,16.0,Black Isle Studios,T
2799,Style Savvy: Trendsetters,3DS,2012.0,Simulation,Nintendo,0.16,0.02,0.53,0.01,76.0,5.0,8,15.0,syn Sophia,E
13176,Dark Summit,GC,2002.0,Sports,THQ,0.04,0.01,0.0,0.0,68.0,16.0,4.5,4.0,Radical Entertainment,T
7244,Shin Megami Tensei: Persona,PSP,2009.0,Role-Playing,Atlus,0.08,0.0,0.13,0.01,78.0,30.0,8,47.0,ITL,T
298,Far Cry 4,PS4,2014.0,Shooter,Ubisoft,1.13,2.18,0.1,0.63,85.0,83.0,7.7,1653.0,Ubisoft Montreal,M
9241,Shining Soul,GBA,2002.0,Role-Playing,Atari,0.03,0.01,0.09,0.0,58.0,13.0,8.5,8.0,Next Entertainment,E
3823,Mystery Dungeon: Shiren the Wanderer,DS,2006.0,Role-Playing,Sega,0.17,0.0,0.33,0.02,69.0,27.0,8.2,21.0,ChunSoft,E
2035,Madden NFL 07,XB,2006.0,Sports,Electronic Arts,0.97,0.03,0.0,0.03,83.0,27.0,8.7,6.0,EA Tiburon,E
4039,Resident Evil: The Mercenaries 3D,3DS,2011.0,Action,Capcom,0.16,0.16,0.13,0.03,65.0,69.0,6.4,110.0,Capcom,M
10164,Mortal Kombat: Deception,GC,2005.0,Fighting,Midway Games,0.09,0.02,0.0,0.0,77.0,14.0,8.9,15.0,Midway,M
1499,The Witcher 3: Wild Hunt,XOne,2015.0,Role-Playing,Namco Bandai Games,0.69,0.5,0.0,0.11,91.0,13.0,9.2,3963.0,CD Projekt Red Studio,M
3512,Naruto: Ultimate Ninja 2,PS2,2004.0,Fighting,Namco Bandai Games,0.47,0.02,0.0,0.08,73.0,27.0,7.9,27.0,CyberConnect2,T
16656,Fast Racing Neo ,WiiU,2016.0,Action,Nintendo,0.0,0.01,0.0,0.0,81.0,46.0,8.5,151.0,Shin'en,E
8362,World Destruction League: Thunder Tanks,PS,2000.0,Action,3DO,0.09,0.06,0.0,0.01,35.0,4.0,1.2,6.0,3DO,T
242,Halo 5: Guardians,XOne,2015.0,Shooter,Microsoft Game Studios,2.78,1.27,0.03,0.41,84.0,101.0,6.4,2438.0,343 Industries,T
11991,Operation Flashpoint: Red River,PC,2011.0,Shooter,Codemasters,0.01,0.04,0.0,0.01,67.0,25.0,4.9,103.0,Codemasters,M
5594,Batman: Arkham Asylum,PC,2009.0,Action,Eidos Interactive,0.0,0.28,0.0,0.05,91.0,29.0,8.7,1736.0,Rocksteady Studios,T
12847,Titan Quest,PC,2006.0,Role-Playing,THQ,0.01,0.04,0.0,0.01,77.0,51.0,8.1,387.0,Iron Lore Entertainment,T
5231,Tiger Woods PGA Tour 09,PSP,2008.0,Sports,Electronic Arts,0.07,0.18,0.0,0.1,53.0,4.0,5.5,6.0,Exient Entertainment,E
2076,NFL Fever 2002,XB,2000.0,Sports,Microsoft Game Studios,0.74,0.21,0.0,0.04,79.0,24.0,8.5,10.0,Microsoft Game Studios,E
7493,Dragon Ball Z: Sagas,GC,2005.0,Fighting,Atari,0.16,0.04,0.0,0.01,48.0,11.0,6.6,11.0,Avalanche Software,T
5968,Up,X360,2009.0,Action,THQ,0.2,0.07,0.0,0.03,61.0,18.0,6.8,6.0,Heavy Iron Studios,E10+
3966,R.U.S.E.,PS3,2010.0,Strategy,Ubisoft,0.18,0.22,0.02,0.08,76.0,37.0,7.3,50.0,Eugen Systems,T
6754,Sid Meier's Civilization VI,PC,2016.0,Strategy,Take-Two Interactive,0.09,0.13,0.0,0.02,88.0,81.0,7.3,684.0,Firaxis Games,E10+
4078,NFL Street 2,XB,2004.0,Sports,Electronic Arts,0.36,0.11,0.0,0.02,78.0,44.0,6.5,11.0,EA Tiburon,E
7754,Dynasty Warriors: Gundam 2,X360,2008.0,Action,Namco Bandai Games,0.07,0.03,0.08,0.01,49.0,30.0,7,18.0,Omega Force,T
8832,Musashi: Samurai Legend,PS2,2005.0,Role-Playing,Atari,0.07,0.06,0.0,0.02,64.0,47.0,8.9,9.0,Square Enix,T
9462,Disney's Kim Possible: Kimmunicator,DS,2005.0,Platform,Disney Interactive Studios,0.11,0.01,0.0,0.01,61.0,14.0,7.5,4.0,Artificial Mind and Movement,E
2778,LEGO Marvel Super Heroes,WiiU,2013.0,Action,Warner Bros. Interactive Entertainment,0.31,0.35,0.02,0.06,82.0,8.0,8,71.0,TT Games,E10+
4932,The Darkness II,X360,2012.0,Shooter,Take-Two Interactive,0.24,0.11,0.0,0.03,80.0,71.0,7.5,219.0,Digital Extremes,M
1985,WWE SmackDown vs. Raw 2010,X360,2009.0,Fighting,THQ,0.56,0.37,0.01,0.1,80.0,59.0,8.4,36.0,Yuke's,T
3861,SSX On Tour,PS2,2005.0,Sports,Electronic Arts,0.25,0.2,0.0,0.07,80.0,41.0,7.9,26.0,EA Canada,E
7774,Spore Hero Arena,DS,2009.0,Simulation,Electronic Arts,0.18,0.0,0.0,0.01,49.0,11.0,2.6,8.0,Full Fat,E
325,Tom Clancy's The Division,PS4,2016.0,Shooter,Ubisoft,1.35,1.7,0.15,0.6,80.0,64.0,7,2219.0,Massive Entertainment,M
2237,Assassin's Creed III,PC,2012.0,Action,Ubisoft,0.28,0.53,0.0,0.12,80.0,21.0,6.2,1489.0,Ubisoft,M
4571,All-Star Baseball 2004,PS2,2003.0,Sports,Acclaim Entertainment,0.21,0.16,0.0,0.05,78.0,19.0,7.5,11.0,Acclaim Studios Austin,E
8976,Boktai: The Sun is in Your Hand,GBA,2003.0,Role-Playing,Konami Digital Entertainment,0.1,0.04,0.0,0.0,83.0,31.0,9.6,16.0,KCEJ,E
7454,Prison Break: The Conspiracy,X360,2010.0,Action,Deep Silver,0.07,0.11,0.0,0.02,40.0,37.0,4.7,19.0,ZootFly,T
1268,Medal of Honor: Frontline,XB,2002.0,Shooter,Electronic Arts,1.0,0.43,0.0,0.06,81.0,18.0,6.9,23.0,EA LA,T
864,Spyro: Enter the Dragonfly,PS2,2002.0,Platform,Universal Interactive,0.74,0.95,0.0,0.28,56.0,20.0,4.1,95.0,Check Six Games,E
6010,Duel Masters: Sempai Legends,GBA,2003.0,Misc,Atari,0.21,0.08,0.0,0.01,69.0,19.0,8,5.0,Mistic Software,E
6911,FIFA World Cup Germany 2006,XB,2006.0,Sports,Electronic Arts,0.18,0.05,0.0,0.01,77.0,22.0,8.4,9.0,EA Canada,E
371,Left 4 Dead,X360,2008.0,Shooter,Electronic Arts,2.66,0.49,0.05,0.3,89.0,67.0,7.9,1309.0,Certain Affinity,M
15273,F1 Race Stars,PC,2012.0,Racing,Codemasters,0.0,0.02,0.0,0.0,62.0,8.0,5.4,46.0,Codemasters,E
7148,NBA Street: Showdown,PSP,2005.0,Sports,Electronic Arts,0.2,0.0,0.0,0.02,75.0,25.0,8.5,15.0,EA Canada,E
13668,Nitroplus Blasterz: Heroines Infinite Duel,PS4,2015.0,Fighting,Marvelous Interactive,0.01,0.0,0.02,0.0,70.0,33.0,6.9,28.0,"Examu, Marvelous Inc.",T
5581,Dead Rising 2: Off the Record,PS3,2011.0,Action,Capcom,0.11,0.08,0.1,0.03,72.0,31.0,7.1,35.0,Capcom Vancouver,M
10525,FIFA Street,XB,2005.0,Sports,Electronic Arts,0.08,0.02,0.0,0.0,60.0,21.0,8,9.0,EA Canada,E
4218,SimCity Creator,Wii,2008.0,Simulation,Electronic Arts,0.36,0.02,0.04,0.04,67.0,17.0,6.8,13.0,Electronic Arts,E
15094,ParaWorld,PC,2006.0,Strategy,Deep Silver,0.0,0.02,0.0,0.0,71.0,29.0,8.3,23.0,SEK Ost,T
11597,Code Lyoko: Fall of X.A.N.A.,DS,2008.0,Adventure,Game Factory,0.07,0.0,0.0,0.01,51.0,11.0,6.3,4.0,The Game Factory,E
2776,Tales of Vesperia,X360,2008.0,Role-Playing,Atari,0.32,0.17,0.19,0.05,79.0,67.0,8.2,264.0,Bandai Namco Games,T
4535,Madden NFL 2003,GC,2002.0,Sports,Electronic Arts,0.33,0.09,0.0,0.01,92.0,13.0,8.5,17.0,EA Sports,E
5573,The Black Eyed Peas Experience,X360,2011.0,Misc,Ubisoft,0.2,0.1,0.0,0.03,66.0,17.0,5.8,8.0,iNiS,T
6135,Kung Fu Chaos,XB,2003.0,Fighting,Microsoft Game Studios,0.21,0.06,0.0,0.01,68.0,41.0,8.5,27.0,Just Add Monsters,T
4427,SOCOM: U.S. Navy SEALs Fireteam Bravo 3,PSP,2010.0,Shooter,Sony Computer Entertainment,0.17,0.13,0.06,0.08,74.0,51.0,8,20.0,Slant Six,T
7825,Sudeki,XB,2004.0,Role-Playing,Microsoft Game Studios,0.14,0.04,0.0,0.01,72.0,75.0,8.4,49.0,Climax Group,M
2669,Dragon Ball: Raging Blast,PS3,2009.0,Fighting,Namco Bandai Games,0.37,0.19,0.11,0.1,57.0,26.0,7.2,58.0,Spike,T
12702,Tom Clancy's Ghost Recon: Advanced Warfighter,PS2,2006.0,Shooter,Ubisoft,0.03,0.02,0.0,0.01,44.0,8.0,4.6,41.0,Ubisoft Shanghai,T
8718,Burnout 2: Point of Impact,GC,2003.0,Racing,Acclaim Entertainment,0.12,0.03,0.0,0.0,89.0,24.0,8.5,18.0,Criterion Games,E
7452,Final Fantasy Fables: Chocobo's Dungeon,Wii,2007.0,Role-Playing,Square Enix,0.09,0.0,0.11,0.01,76.0,34.0,8,20.0,h.a.n.d. Inc.,E10+
15285,Freedom Wings,DS,2006.0,Simulation,Natsume,0.02,0.0,0.0,0.0,46.0,7.0,7.7,6.0,Beluga Computer,E10+
4883,Project X Zone,3DS,2012.0,Role-Playing,Namco Bandai Games,0.18,0.04,0.15,0.02,70.0,53.0,7.3,146.0,"Monolith Soft, Banpresto",T
8713,MTV Music Generator 2,PS2,2001.0,Misc,Codemasters,0.08,0.06,0.0,0.02,77.0,16.0,8.5,11.0,Jester Interactive,T
15769,Peggle Nights,PC,2008.0,Puzzle,PopCap Games,0.0,0.01,0.0,0.0,76.0,15.0,8.1,24.0,PopCap,E
12682,Need for Speed: Shift,PC,2009.0,Racing,Electronic Arts,0.0,0.05,0.0,0.01,83.0,22.0,5.8,387.0,Slightly Mad Studios,E
6897,Shadow Hearts: Covenant,PS2,2004.0,Role-Playing,Midway Games,0.12,0.09,0.0,0.03,85.0,49.0,9.1,54.0,Nautilus,T
1269,Madden NFL 09,PS2,2008.0,Sports,Electronic Arts,1.22,0.0,0.0,0.27,67.0,4.0,7,24.0,EA Tiburon,E
2350,Fossil Fighters,DS,2008.0,Role-Playing,Nintendo,0.83,0.0,0.0,0.06,70.0,17.0,7.9,15.0,RED Entertainment,E
13813,Rise of Nations,PC,2003.0,Strategy,Microsoft Game Studios,0.01,0.02,0.0,0.01,89.0,30.0,9,274.0,Big Huge Games,T
9036,Alien: Isolation,PC,2014.0,Shooter,Sega,0.0,0.14,0.0,0.01,81.0,41.0,8.4,1588.0,Creative Assembly,M
5856,24: The Game,PS2,2006.0,Adventure,Sony Computer Entertainment,0.15,0.12,0.0,0.04,62.0,53.0,8.2,40.0,SCE Studio Cambridge,M
297,Tekken Tag Tournament,PS2,2000.0,Fighting,Namco Bandai Games,1.68,1.51,0.51,0.35,85.0,25.0,8.5,117.0,Namco,T
8635,Klonoa,Wii,2008.0,Platform,Namco Bandai Games,0.1,0.02,0.03,0.01,77.0,37.0,8.6,39.0,Paon Corporation,E10+
2077,Just Dance 2014,X360,2013.0,Misc,Ubisoft,0.72,0.17,0.0,0.1,79.0,16.0,7.8,33.0,Ubisoft,E10+
10684,Contact,DS,2006.0,Role-Playing,Rising Star Games,0.07,0.0,0.03,0.01,73.0,36.0,8.2,35.0,Grasshopper Manufacture,E10+
2229,Kingdom Hearts Re:coded,DS,2010.0,Role-Playing,Square Enix,0.53,0.09,0.27,0.05,66.0,58.0,7,76.0,"Square Enix, h.a.n.d. Inc.",E10+
2842,Kirby: Canvas Curse,DS,2005.0,Platform,Nintendo,0.36,0.0,0.32,0.03,86.0,48.0,8.2,87.0,HAL Labs,E
2537,Patapon,PSP,2007.0,Misc,Sony Computer Entertainment,0.33,0.25,0.07,0.16,86.0,60.0,8.7,102.0,SCE Japan Studio,E
14213,Alpha Protocol,PC,2010.0,Role-Playing,Sega,0.0,0.03,0.0,0.01,72.0,25.0,7.5,511.0,Obsidian Entertainment,M
7362,Pac-Man World 3,PS2,2005.0,Platform,Namco Bandai Games,0.1,0.08,0.0,0.03,63.0,22.0,5.2,13.0,Blitz Games,E
6636,Dead or Alive Xtreme 2,X360,2006.0,Sports,Tecmo Koei,0.15,0.02,0.06,0.02,53.0,46.0,6.7,42.0,Team Ninja,M
7498,Lost Planet 3,PS3,2013.0,Shooter,Capcom,0.07,0.05,0.06,0.02,61.0,30.0,5.5,102.0,Spark Unlimited,T
12410,Jurassic Park III: Park Builder,GBA,2001.0,Simulation,Konami Digital Entertainment,0.04,0.02,0.0,0.0,65.0,5.0,8,5.0,Konami,E
4042,Star Wars Battlefront: Elite Squadron,DS,2009.0,Shooter,LucasArts,0.42,0.03,0.0,0.04,61.0,12.0,5,8.0,n-Space,E10+
6553,Tom Clancy's Splinter Cell: Double Agent,PS3,2007.0,Action,Ubisoft,0.2,0.03,0.0,0.03,78.0,17.0,6.5,41.0,Ubisoft Shanghai,M
5505,NeoGeo Battle Coliseum,PS2,2005.0,Fighting,Ignition Entertainment,0.16,0.13,0.0,0.04,66.0,21.0,8.8,6.0,SNK Playmore,T
13222,Payday 2,PC,2013.0,Shooter,505 Games,0.04,0.0,0.0,0.01,79.0,51.0,3.4,3558.0,Overkill Software,M
320,Sports Champions,PS3,2010.0,Sports,Sony Computer Entertainment,2.13,1.12,0.1,0.5,76.0,64.0,7.9,104.0,"SCEA, Zindagi Games",E10+
1371,Diablo III,X360,2013.0,Role-Playing,Activision,0.9,0.39,0.0,0.12,87.0,42.0,6.6,384.0,Blizzard Entertainment,M
2654,Resident Evil: Operation Raccoon City,X360,2012.0,Action,Capcom,0.55,0.14,0.03,0.06,52.0,56.0,4.9,330.0,Slant Six,M
8532,Goosebumps HorrorLand,Wii,2008.0,Adventure,Scholastic Inc.,0.15,0.0,0.0,0.01,37.0,4.0,3.5,8.0,SScholastic Media,E10+
8207,Project Spark,XOne,2014.0,Misc,Microsoft Game Studios,0.11,0.05,0.0,0.02,73.0,26.0,7,151.0,Microsoft Game Studios,E10+
143,FIFA 15,PS4,2014.0,Sports,Electronic Arts,0.8,4.33,0.05,0.9,82.0,47.0,5.7,988.0,EA Sports,E
2363,Dissidia 012: Duodecim Final Fantasy,PSP,2011.0,Fighting,Square Enix,0.21,0.12,0.46,0.08,78.0,52.0,8.3,144.0,Square Enix,T
129,Halo: Combat Evolved,XB,2001.0,Shooter,Microsoft Game Studios,4.98,1.3,0.08,0.07,97.0,68.0,8.6,1283.0,Bungie Software,M
1161,Far Cry 2,X360,2008.0,Action,Ubisoft,0.71,0.69,0.02,0.18,85.0,75.0,6.7,288.0,Ubisoft Montreal,M
4282,Enter the Matrix,GC,2003.0,Action,Atari,0.34,0.09,0.02,0.01,63.0,23.0,8,45.0,Shiny Entertainment,T
5953,Mini Ninjas,X360,2009.0,Action,Eidos Interactive,0.12,0.14,0.0,0.03,73.0,44.0,8.4,38.0,Io Interactive,E10+
10068,Cold Winter,PS2,2005.0,Shooter,Vivendi Games,0.06,0.04,0.0,0.01,73.0,41.0,8.2,23.0,Swordfish Studios,M
15056,"Ed, Edd n Eddy: The Mis-Edventures",XB,2005.0,Platform,Midway Games,0.02,0.01,0.0,0.0,56.0,6.0,7.7,6.0,Artificial Mind and Movement,E
1170,SoulCalibur IV,X360,2008.0,Fighting,Ubisoft,0.92,0.43,0.07,0.15,85.0,62.0,7.9,157.0,Namco,T
10374,Tom Clancy's Splinter Cell: Conviction,PC,2010.0,Action,Ubisoft,0.0,0.08,0.0,0.02,83.0,20.0,5.2,672.0,Ubisoft Montreal,M
1311,Battlefield: Bad Company,X360,2008.0,Shooter,Electronic Arts,0.81,0.46,0.04,0.15,83.0,70.0,7.7,263.0,EA DICE,T
1032,Crash Bandicoot: The Huge Adventure,GBA,2002.0,Platform,Universal Interactive,0.95,0.7,0.0,0.08,78.0,18.0,7.9,27.0,Vicarious Visions,E
8339,Conception II: Children of the Seven Stars,PSV,2013.0,Role-Playing,Screenlife,0.1,0.0,0.04,0.03,62.0,24.0,7.6,118.0,Spike,M
7910,Nostalgia,DS,2008.0,Role-Playing,Tecmo Koei,0.16,0.0,0.02,0.01,72.0,36.0,7.6,19.0,Matrix Software,E10+
931,Madden NFL 06,XB,2005.0,Sports,Electronic Arts,1.75,0.03,0.0,0.08,86.0,39.0,6.7,41.0,EA Sports,E
44,Halo 3,X360,2007.0,Shooter,Microsoft Game Studios,7.97,2.81,0.13,1.21,94.0,86.0,7.8,4100.0,"Bungie Software, Bungie",M
3939,Looney Tunes: Back in Action,PS2,2003.0,Platform,Warner Bros. Interactive Entertainment,0.25,0.19,0.0,0.06,51.0,9.0,7.5,6.0,Warthog,E
3969,Goldeneye 007: Reloaded,X360,2011.0,Shooter,Activision,0.25,0.2,0.0,0.05,72.0,56.0,6,96.0,Eurocom Entertainment Software,T
11293,America's Army: True Soldiers,X360,2007.0,Shooter,Ubisoft,0.08,0.0,0.0,0.01,43.0,11.0,6.7,55.0,Red Storm Entertainment,T
6308,Sing Party,WiiU,2012.0,Misc,Nintendo,0.13,0.12,0.0,0.02,60.0,21.0,5.4,18.0,FreeStyleGames,E10+
4159,MySims Racing,Wii,2009.0,Racing,Electronic Arts,0.19,0.23,0.0,0.05,68.0,22.0,7.4,5.0,EA Games,E
13382,Ys: The Ark of Napishtim,PSP,2006.0,Role-Playing,Konami Digital Entertainment,0.04,0.0,0.0,0.0,64.0,29.0,7.3,13.0,Konami Software Shanghai,E10+
7954,Earth Defense Force: Insect Armageddon,X360,2011.0,Shooter,D3Publisher,0.1,0.04,0.03,0.01,68.0,40.0,8.2,45.0,Vicious Cycle,T
5555,Iron Man 2,Wii,2010.0,Action,Sega,0.15,0.15,0.0,0.03,41.0,11.0,4.6,12.0,High Voltage Software,T
3982,Dance Dance Revolution Universe 2,X360,2007.0,Simulation,Konami Digital Entertainment,0.46,0.0,0.0,0.04,65.0,10.0,7.4,5.0,Konami,E10+
6940,DC Universe Online,PC,2011.0,Role-Playing,Sony Online Entertainment,0.16,0.06,0.0,0.02,72.0,27.0,6.8,243.0,WBIE,T
3195,Juiced 2: Hot Import Nights,X360,2007.0,Racing,THQ,0.22,0.34,0.0,0.07,68.0,24.0,7.6,21.0,Juice Games,T
969,Sly 2: Band of Thieves,PS2,2004.0,Platform,Sony Computer Entertainment,0.88,0.69,0.0,0.23,88.0,64.0,9,178.0,Sucker Punch,E
2851,The Witcher 3: Wild Hunt,PC,2015.0,Role-Playing,Namco Bandai Games,0.21,0.46,0.0,0.05,93.0,32.0,9.3,10665.0,CD Projekt Red Studio,M
4471,Ninja Gaiden 3,PS3,2012.0,Action,Tecmo Koei,0.19,0.09,0.11,0.05,58.0,43.0,5,152.0,Team Ninja,M
14181,TOCA Race Driver 3,XB,2006.0,Racing,Codemasters,0.03,0.01,0.0,0.0,84.0,25.0,8,6.0,Codemasters,E10+
2059,NERF N-Strike Elite,Wii,2009.0,Shooter,Electronic Arts,0.93,0.0,0.0,0.07,67.0,12.0,4.5,6.0,EA Salt Lake,E10+
1902,Tom Clancy's Ghost Recon 2,PS2,2004.0,Shooter,Ubisoft,0.64,0.34,0.0,0.1,58.0,21.0,6,19.0,Ubisoft Shanghai/Paris,T
4686,LEGO Dimensions,XOne,2015.0,Action,Warner Bros. Interactive Entertainment,0.22,0.15,0.0,0.04,80.0,12.0,6.9,27.0,Traveller's Tales,E10+
4922,Kengo: Master of Bushido,PS2,2000.0,Fighting,Ubisoft,0.16,0.13,0.06,0.04,62.0,13.0,8.4,8.0,Light Weight,M
15246,Tom Clancy's EndWar,PC,2009.0,Strategy,Ubisoft,0.0,0.02,0.0,0.0,68.0,24.0,6.7,42.0,Ubisoft Shanghai,T
9548,Cabela's Dangerous Hunts 2009,PS3,2008.0,Sports,Activision Value,0.12,0.0,0.0,0.01,39.0,6.0,1.8,10.0,FUN Labs,T
75,The Elder Scrolls V: Skyrim,X360,2011.0,Role-Playing,Bethesda Softworks,5.05,2.79,0.1,0.85,96.0,89.0,8.4,3589.0,Bethesda Game Studios,M
8430,Green Lantern: Rise of the Manhunters,PS3,2011.0,Action,Warner Bros. Interactive Entertainment,0.09,0.05,0.0,0.02,61.0,12.0,6.7,17.0,Double Helix Games,T
8622,Heroes over Europe,PS3,2009.0,Simulation,Ubisoft,0.12,0.02,0.0,0.02,62.0,34.0,7,16.0,"Atari, Transmission Games, Atari SA",T
4586,American Chopper,PS2,2004.0,Racing,Zoo Digital Publishing,0.35,0.01,0.0,0.06,47.0,4.0,7.5,13.0,Creat Studios,T
11006,Jimmie Johnson's Anything With an Engine,X360,2011.0,Racing,Konami Digital Entertainment,0.08,0.0,0.0,0.01,65.0,5.0,8.8,8.0,Isopod Labs,E10+
13968,Dragon Ball: Advanced Adventure,GBA,2004.0,Action,Namco Bandai Games,0.03,0.01,0.0,0.0,75.0,7.0,8.5,11.0,Dimps Corporation,E10+
1553,LEGO Batman: The Videogame,PS2,2008.0,Action,Warner Bros. Interactive Entertainment,0.72,0.03,0.0,0.52,77.0,8.0,8.9,17.0,Traveller's Tales,E10+
8432,25 to Life,XB,2006.0,Shooter,Eidos Interactive,0.12,0.04,0.0,0.01,41.0,20.0,7.2,13.0,"Ritual Entertainment, Avalanche Software",M
6197,NHL Hitz 20-03,PS2,2002.0,Sports,Midway Games,0.14,0.11,0.0,0.04,82.0,19.0,8.4,11.0,Midway,E
9169,Cabela's African Safari,X360,2006.0,Sports,Activision Value,0.13,0.0,0.0,0.01,53.0,4.0,5,8.0,FUN Labs,T
5695,Overlord II,PS3,2009.0,Action,Codemasters,0.11,0.15,0.0,0.06,72.0,42.0,7.6,24.0,Triumph Studios,T
2941,Halo 2 Multiplayer Map Pack,XB,2005.0,Shooter,Microsoft Game Studios,0.54,0.13,0.0,0.02,89.0,37.0,7.4,34.0,Bungie Software,M
7381,Maximo vs Army of Zin,PS2,2003.0,Platform,Capcom,0.1,0.08,0.0,0.03,83.0,46.0,7.8,13.0,Capcom,T
1620,Assassin's Creed: Bloodlines,PSP,2009.0,Action,Ubisoft,0.43,0.47,0.05,0.28,63.0,38.0,7.2,69.0,Griptonite Games,M
5578,Remember Me,PS3,2013.0,Action,Capcom,0.1,0.17,0.0,0.06,72.0,37.0,7.4,424.0,DONTNOD Entertainment,M
10338,DJ Max Fever,PSP,2009.0,Misc,PM Studios,0.09,0.0,0.0,0.01,77.0,5.0,6.5,13.0,Pentavision Entertainment,T
14953,Judge Dredd: Dredd Vs Death,PS2,2003.0,Shooter,BAM! Entertainment,0.01,0.01,0.0,0.0,52.0,13.0,5.3,9.0,Rebellion,M
15060,Viva Pinata,PC,2007.0,Simulation,Microsoft Game Studios,0.0,0.02,0.0,0.0,78.0,20.0,7.8,20.0,"Climax Group, Climax Studios",E
11433,Fatal Frame III: The Tormented,PS2,2005.0,Action,Take-Two Interactive,0.04,0.03,0.0,0.01,78.0,46.0,8.9,58.0,Tecmo,M
3096,Scene It? Box Office Smash,X360,2008.0,Misc,Microsoft Game Studios,0.33,0.25,0.0,0.07,76.0,32.0,7.4,25.0,"Krome Studios, Screenlife Games",T
2931,Classic NES Series: Zelda II: The Adventure of Link,GBA,2004.0,Adventure,Nintendo,0.37,0.14,0.17,0.01,73.0,8.0,7.5,39.0,Nintendo,E
1106,Dragon Ball Z: Budokai Tenkaichi,PS2,2005.0,Fighting,Atari,0.96,0.12,0.54,0.04,72.0,29.0,8.4,71.0,Spike,T
1814,Fantasy Life,3DS,2012.0,Role-Playing,Nintendo,0.33,0.37,0.37,0.06,73.0,51.0,8.6,209.0,"Level 5, Brownie Brown",E10+
8790,WordJong,DS,2007.0,Puzzle,White Park Bay Software,0.13,0.01,0.0,0.01,77.0,9.0,7.7,9.0,Magellan Interactive,E
12248,Fallout: Brotherhood of Steel,PS2,2004.0,Role-Playing,Avalon Interactive,0.03,0.03,0.0,0.01,64.0,31.0,4.1,51.0,Interplay,M
8970,Summon Night 5,PSP,2013.0,Role-Playing,Namco Bandai Games,0.0,0.0,0.15,0.0,74.0,7.0,8.3,6.0,Felistella,T
2806,Brink,PS3,2011.0,Shooter,Bethesda Softworks,0.29,0.32,0.01,0.12,72.0,39.0,5.8,168.0,Splash Damage,T
2197,Phantasy Star Portable,PSP,2008.0,Role-Playing,Sega,0.19,0.06,0.63,0.05,64.0,38.0,7.8,19.0,Alfa System,T
4051,Pokemon Art Academy ,3DS,2014.0,Misc,Nintendo,0.18,0.12,0.16,0.03,76.0,22.0,7.7,19.0,Headstrong Games,E
7701,Arcana Heart 3,PS3,2011.0,Fighting,PQube,0.04,0.04,0.1,0.02,73.0,10.0,7.5,27.0,Examu,T
808,Portal 2,X360,2011.0,Shooter,Valve Software,1.41,0.49,0.01,0.17,95.0,66.0,8.5,997.0,Valve Software,E10+
14140,World in Conflict,PC,2007.0,Strategy,Vivendi Games,0.0,0.03,0.0,0.01,89.0,44.0,8.1,301.0,Massive Entertainment,T
12833,Tom Clancy's Rainbow Six 3,GC,2004.0,Shooter,Ubisoft,0.04,0.01,0.0,0.0,68.0,25.0,8.2,5.0,Ubisoft Shanghai,M
4906,Madden NFL 2005,GBA,2004.0,Sports,Electronic Arts,0.28,0.1,0.0,0.01,79.0,9.0,7.6,5.0,Exient Entertainment,E
15487,XGRA: Extreme G Racing Association,XB,2003.0,Racing,Acclaim Entertainment,0.02,0.0,0.0,0.0,66.0,15.0,6.8,5.0,Acclaim Studios Cheltenham,T
3962,Final Fantasy II Anniversary Edition,PSP,2007.0,Role-Playing,Square Enix,0.36,0.02,0.07,0.04,63.0,31.0,7.1,24.0,TOSE,T
9427,Destruction Derby Arenas,PS2,2004.0,Racing,Sony Computer Entertainment,0.06,0.05,0.0,0.02,57.0,27.0,7.8,14.0,Studio 33,T
9417,Ninjatown,DS,2008.0,Strategy,SouthPeak Games,0.12,0.0,0.0,0.01,80.0,40.0,8.3,21.0,"Venan Entertainment, Cashmere Prod.",E
607,LittleBigPlanet,PSP,2009.0,Platform,Sony Computer Entertainment,0.64,1.22,0.01,0.67,87.0,68.0,7.8,98.0,"SCE/WWS, Media Molecule",E10+
10753,F1 2014,PC,2014.0,Racing,Codemasters,0.0,0.09,0.0,0.01,61.0,20.0,4.8,65.0,Codemasters Birmingham,E
5737,The Settlers 7: Paths to a Kingdom,PC,2010.0,Strategy,Ubisoft,0.0,0.27,0.0,0.05,79.0,33.0,5.2,213.0,Blue Byte,E10+
2053,Prince of Persia,X360,2008.0,Action,Ubisoft,0.54,0.34,0.02,0.1,81.0,73.0,7,189.0,Ubisoft Montreal,T
15237,Street Fighter X Tekken,PC,2012.0,Fighting,Capcom,0.0,0.02,0.0,0.0,79.0,8.0,6.4,134.0,"Capcom, QLOC",T
1657,Sly Cooper and the Thievius Raccoonus,PS2,2002.0,Platform,Sony Computer Entertainment,1.03,0.14,0.0,0.04,86.0,41.0,8.6,184.0,Sucker Punch,E
6715,Dynasty Warriors 6,PS2,2008.0,Action,Tecmo Koei,0.12,0.09,0.0,0.03,43.0,7.0,5.4,14.0,"Koei, Omega Force",T
422,Halo: The Master Chief Collection,XOne,2014.0,Shooter,Microsoft Game Studios,1.91,1.0,0.03,0.29,85.0,69.0,7.2,1267.0,343 Industries,M
5316,MotoGP 08,X360,2008.0,Racing,Capcom,0.11,0.2,0.0,0.04,68.0,20.0,5.6,12.0,Milestone S.r.l,E
9673,Gladiator Begins,PSP,2010.0,Action,PQube,0.05,0.01,0.05,0.01,59.0,9.0,8,14.0,Acquire,M
2845,Madden NFL 10,Wii,2009.0,Sports,Electronic Arts,0.62,0.04,0.0,0.06,77.0,23.0,7.2,24.0,EA Tiburon,E
5244,Shrek,XB,2001.0,Platform,TDK Mediactive,0.25,0.1,0.0,0.01,49.0,19.0,5.4,9.0,Digital Illusions,T
4198,EA Sports UFC,XOne,2014.0,Sports,Electronic Arts,0.3,0.12,0.0,0.04,70.0,23.0,6.3,152.0,EA Sports,T
2418,Winning Eleven: Pro Evolution Soccer 2007,PSP,2006.0,Sports,Konami Digital Entertainment,0.01,0.72,0.12,0.01,81.0,10.0,8.3,14.0,KCET,E
3575,Battlefield 2: Modern Combat,XB,2005.0,Shooter,Electronic Arts,0.39,0.15,0.0,0.02,80.0,49.0,8.2,29.0,Digital Illusions,T
961,Namco Museum,PS2,2001.0,Misc,Namco Bandai Games,1.73,0.07,0.0,0.02,72.0,9.0,6,5.0,Mass Media,E
9772,Mytran Wars,PSP,2009.0,Strategy,Deep Silver,0.08,0.02,0.0,0.02,68.0,16.0,8.8,4.0,Stormregion,T
10967,Army Corps of Hell,PSV,2011.0,Action,Square Enix,0.04,0.04,0.0,0.02,57.0,43.0,6.6,28.0,"Entersphere, Inc.",M
5313,Chicken Shoot,Wii,2007.0,Action,Zoo Digital Publishing,0.32,0.0,0.0,0.02,27.0,9.0,4.8,26.0,Destination Software,E10+
11250,Killer7,PS2,2005.0,Action,Capcom,0.04,0.03,0.0,0.01,70.0,39.0,8.1,36.0,Grasshopper Manufacture,M
15179,Tom Clancy's Rainbow Six: Vegas 2,PC,2008.0,Shooter,Ubisoft,0.0,0.02,0.0,0.0,78.0,20.0,7.3,185.0,Ubisoft Montreal,M
3907,NBA Live 2004,XB,2003.0,Sports,Electronic Arts,0.44,0.04,0.0,0.02,85.0,19.0,8.2,11.0,EA Sports,E
1956,Seek and Destroy,PS2,2002.0,Racing,Play It,0.52,0.4,0.0,0.14,63.0,9.0,8.8,10.0,Barnhouse Effect,T
9343,Nitrobike,Wii,2008.0,Racing,Ubisoft,0.11,0.01,0.0,0.01,49.0,22.0,7.1,7.0,Left Field Productions,E10+
11702,Pitfall: The Lost Expedition,GC,2004.0,Platform,Activision,0.06,0.02,0.0,0.0,73.0,25.0,8.6,8.0,Edge of Reality,E
16117,Ship Simulator 2008,PC,2007.0,Simulation,Lighthouse Interactive,0.0,0.01,0.0,0.0,62.0,9.0,6.6,8.0,VSTEP,E
6524,Crash Nitro Kart,GC,2003.0,Racing,Vivendi Games,0.2,0.05,0.0,0.01,66.0,10.0,7.4,8.0,Vicarious Visions,E
1003,Star Wars: Starfighter,PS2,2001.0,Simulation,Activision,0.61,0.87,0.02,0.26,84.0,25.0,8,21.0,LucasArts,T
7566,Major League Baseball 2K11,PS3,2011.0,Sports,Take-Two Interactive,0.15,0.03,0.0,0.02,72.0,13.0,6.3,9.0,Visual Concepts,E
10881,The Legend of Heroes: A Tear of Vermillion,PSP,2005.0,Role-Playing,Namco Bandai Games,0.08,0.0,0.0,0.01,68.0,24.0,7.7,26.0,Microvision,T
6169,Guitar Hero: Van Halen,Wii,2009.0,Misc,Activision,0.13,0.12,0.0,0.03,50.0,12.0,5.2,6.0,Neversoft Entertainment,T
7384,Assassin's Creed Syndicate,PC,2015.0,Action,Ubisoft,0.11,0.09,0.0,0.02,74.0,14.0,5.9,544.0,Ubisoft Quebec,M
11898,Combat: Task Force 121,XB,2005.0,Shooter,Zoo Digital Publishing,0.05,0.02,0.0,0.0,44.0,9.0,8.5,4.0,Direct Action Games,M
15651,Darksiders,PS3,2010.0,Action,THQ,0.01,0.0,0.0,0.0,82.0,73.0,7.9,319.0,Vigil Games,M
2462,Skate 2,PS3,2009.0,Sports,Electronic Arts,0.46,0.25,0.01,0.12,84.0,50.0,7.8,53.0,EA Black Box,T
268,Metal Gear Solid 3: Snake Eater,PS2,2004.0,Action,Konami Digital Entertainment,1.46,0.0,0.83,1.93,91.0,68.0,9.3,955.0,KCEJ,M
7962,La Pucelle: Tactics,PS2,2002.0,Role-Playing,Tecmo Koei,0.09,0.07,0.0,0.02,79.0,47.0,8.5,15.0,Nippon Ichi Software,T
2821,Ultimate Spider-Man,PS2,2005.0,Action,Activision,0.6,0.02,0.0,0.1,74.0,52.0,7.9,54.0,Treyarch,T
589,God of War Collection,PS3,2009.0,Action,Sony Computer Entertainment,1.7,0.44,0.06,0.4,91.0,50.0,8.7,529.0,Bluepoint Games,M
13302,Fatal Frame II: Crimson Butterfly Director's Cut,XB,2004.0,Action,Microsoft Game Studios,0.04,0.01,0.0,0.0,84.0,37.0,8.3,16.0,Tecmo,M
3758,Tactics Ogre: Let Us Cling Together,PSP,2010.0,Role-Playing,Square Enix,0.15,0.07,0.27,0.05,87.0,49.0,8.8,102.0,Square Enix,T
8869,Star Trek: Voyager Elite Force,PS2,2001.0,Shooter,Codemasters,0.07,0.06,0.0,0.02,52.0,12.0,6.4,5.0,Pipe Dream Interactive,T
14018,Bubble Bobble Double Shot,DS,2007.0,Puzzle,Rising Star Games,0.03,0.0,0.0,0.0,50.0,12.0,4.8,4.0,Marvelous Entertainment,E
5454,Avatar: The Last Airbender,DS,2006.0,Adventure,THQ,0.3,0.01,0.0,0.03,64.0,9.0,6.4,7.0,TOSE,E
11199,Rollcage Stage II,PS,2000.0,Racing,Sony Computer Entertainment,0.05,0.03,0.0,0.01,85.0,7.0,8.9,16.0,Attention To Detail,E
9803,Hatsune Miku: Project Diva X,PSV,2016.0,Misc,Sega,0.01,0.0,0.1,0.0,83.0,5.0,8,22.0,Sega,T
1587,SOCOM: U.S. Navy SEALs Confrontation,PS3,2008.0,Shooter,Sony Computer Entertainment,0.94,0.16,0.02,0.13,63.0,64.0,6.9,223.0,Slant Six,M
1719,Gun,PS2,2005.0,Shooter,Activision,0.98,0.04,0.0,0.16,77.0,43.0,8.7,70.0,Neversoft Entertainment,M
6100,Shadow Hearts,PS2,2001.0,Role-Playing,Midway Games,0.09,0.07,0.1,0.02,73.0,24.0,8.8,55.0,Sacnoth,M
8806,Bleach: Dark Souls,DS,2007.0,Fighting,Sega,0.12,0.02,0.0,0.01,82.0,28.0,7.9,14.0,Treasure,T
3961,Pro Evolution Soccer 2012,X360,2011.0,Action,Konami Digital Entertainment,0.1,0.34,0.0,0.07,78.0,36.0,6.6,55.0,Konami,E
13289,Rock 'N Roll Racing,GBA,2003.0,Racing,Activision,0.03,0.01,0.0,0.0,80.0,12.0,9.4,5.0,Mass Media,E
890,BioShock Infinite,X360,2013.0,Shooter,Take-Two Interactive,1.22,0.54,0.02,0.16,93.0,33.0,8.5,1647.0,Irrational Games,M
4006,Madden NFL 07,Wii,2006.0,Sports,Electronic Arts,0.46,0.0,0.0,0.04,81.0,35.0,8,16.0,EA Canada,E
11070,Last Rebellion,PS3,2010.0,Role-Playing,Nippon Ichi Software,0.06,0.01,0.01,0.01,44.0,30.0,4.6,34.0,Hit Maker,T
15872,Just Cause,PC,2006.0,Action,Eidos Interactive,0.0,0.01,0.0,0.0,75.0,21.0,7.3,206.0,Avalanche Studios,M
310,EA Sports Active,Wii,2009.0,Sports,Electronic Arts,2.09,1.35,0.06,0.4,81.0,27.0,8.7,39.0,EA Canada,E
1716,One Piece: Pirate Warriors,PS3,2012.0,Action,Namco Bandai Games,0.01,0.23,0.86,0.08,64.0,33.0,6.5,55.0,"Omega Force, Tecmo Koei Games",T
4668,EA Sports UFC 2,XOne,2016.0,Sports,Electronic Arts,0.24,0.14,0.0,0.04,76.0,42.0,6,77.0,EA Sports,T
6646,Billy Hatcher and the Giant Egg,GC,2003.0,Platform,Sega,0.19,0.05,0.0,0.01,71.0,37.0,8.7,31.0,Sonic Team,E
1008,Just Cause 2,PS3,2010.0,Action,Square Enix,0.45,0.92,0.06,0.32,83.0,66.0,8,291.0,Avalanche Studios,M
7347,Tenchu: Return From Darkness,XB,2004.0,Action,Activision,0.16,0.05,0.0,0.01,70.0,55.0,7,6.0,K2 LLC,M
8383,State of Emergency,XB,2003.0,Action,Take-Two Interactive,0.13,0.04,0.0,0.01,67.0,21.0,6.3,11.0,VIS Entertainment,M
13413,Cabela's Trophy Bucks,X360,2007.0,Sports,Activision Value,0.04,0.0,0.0,0.0,39.0,4.0,3,4.0,FUN Labs,T
4059,Dragon Ball Z: Burst Limit,X360,2008.0,Fighting,Atari,0.24,0.18,0.03,0.05,72.0,50.0,7.6,41.0,"Dimps Corporation, Namco Bandai Games",T
90,Pokémon Platinum Version,DS,2008.0,Role-Playing,Nintendo,2.76,1.72,2.69,0.54,83.0,46.0,8.5,203.0,Game Freak,E
1987,Sleeping Dogs,PS3,2012.0,Action,Square Enix,0.31,0.49,0.05,0.19,83.0,40.0,7.7,645.0,United Front Games,M
13451,Double Dragon Advance,GBA,2003.0,Action,Atlus,0.03,0.01,0.0,0.0,75.0,21.0,8.4,5.0,Million,T
2925,Ape Escape: On the Loose,PSP,2005.0,Platform,Sony Computer Entertainment,0.52,0.0,0.12,0.05,66.0,35.0,6.4,16.0,"SCEA, Sims",E
11370,God Eater Resurrection,PS4,2015.0,Action,Namco Bandai Games,0.0,0.0,0.08,0.0,70.0,18.0,7.8,44.0,"Shift, Bandai Namco Games",T
2341,Call of Duty: World at War,DS,2008.0,Shooter,Activision,0.56,0.25,0.0,0.08,75.0,12.0,7.8,20.0,n-Space,T
7545,Pitfall: The Lost Expedition,PS2,2004.0,Platform,Activision,0.1,0.08,0.0,0.03,70.0,34.0,8.9,12.0,Edge of Reality,E
4765,Beowulf: The Game,X360,2007.0,Action,Ubisoft,0.36,0.01,0.0,0.03,51.0,23.0,4.7,30.0,Ubisoft Shanghai,M
13958,FIFA World Cup Germany 2006,DS,2006.0,Sports,Electronic Arts,0.03,0.0,0.0,0.0,71.0,7.0,7.2,6.0,EA Canada,E
128,Donkey Kong Country Returns,Wii,2010.0,Platform,Nintendo,3.17,1.79,1.03,0.46,87.0,77.0,8.6,368.0,Retro Studios,E
1186,Dragon Quest V: Hand of the Heavenly Bride,DS,2008.0,Role-Playing,Square Enix,0.17,0.02,1.36,0.02,84.0,46.0,8.5,57.0,ArtePiazza,E10+
10703,Opoona,Wii,2007.0,Role-Playing,Tecmo Koei,0.08,0.0,0.01,0.01,65.0,33.0,7.7,14.0,ArtePiazza,E10+
14496,Galleon: Islands of Mystery,XB,2004.0,Action,SCi,0.02,0.01,0.0,0.0,67.0,40.0,7,10.0,Confounding Factor,T
5314,Tom Clancy's Rainbow Six: Lockdown,PS2,2005.0,Shooter,Ubisoft,0.17,0.13,0.0,0.04,70.0,15.0,6.9,9.0,"Red Storm Entertainment, Ubisoft Montreal",M
4247,Need for Speed: Hot Pursuit,Wii,2010.0,Racing,Electronic Arts,0.17,0.23,0.0,0.05,50.0,8.0,3.7,18.0,Exient Entertainment,E10+
9107,Dead to Rights,GC,2002.0,Shooter,Electronic Arts,0.11,0.03,0.0,0.0,77.0,16.0,8.7,7.0,Namco,M
1096,SpongeBob SquarePants: Battle for Bikini Bottom,PS2,2003.0,Platform,THQ,1.08,0.45,0.0,0.14,71.0,9.0,9,85.0,Heavy Iron Studios,E
1273,Mafia II,PS3,2010.0,Action,Take-Two Interactive,0.5,0.69,0.04,0.26,75.0,61.0,7.7,297.0,2K Czech,M
10931,Rygar: The Battle of Argus,Wii,2008.0,Action,Rising Star Games,0.09,0.0,0.0,0.01,52.0,29.0,7,4.0,Tecmo,T
8728,Fantasia: Music Evolved,XOne,2014.0,Misc,Disney Interactive Studios,0.11,0.03,0.0,0.01,77.0,48.0,7.5,67.0,Harmonix Music Systems,E10+
6797,Ace Combat: Assault Horizon Legacy,3DS,2011.0,Simulation,Namco Bandai Games,0.1,0.06,0.08,0.01,71.0,37.0,7.8,26.0,Project Aces,T
6513,Outlaw Volleyball,XB,2003.0,Sports,TDK Mediactive,0.19,0.06,0.0,0.01,77.0,33.0,8.4,7.0,Hypnotix,M
6603,NASCAR 09,X360,2008.0,Racing,Electronic Arts,0.23,0.0,0.0,0.02,69.0,32.0,7.8,15.0,EA Games,E
1961,DiRT 3,PS3,2011.0,Racing,Codemasters,0.27,0.57,0.01,0.2,87.0,52.0,7.1,122.0,Codemasters,T
8039,CSI: Fatal Conspiracy,PS3,2010.0,Adventure,Ubisoft,0.11,0.05,0.0,0.02,39.0,5.0,5.6,13.0,Telltale Games,M
5869,Romance of the Three Kingdoms VIII,PS2,2002.0,Strategy,Tecmo Koei,0.05,0.04,0.19,0.01,77.0,14.0,8.9,17.0,Koei,E
9570,Onechanbara: Bikini Samurai Squad,X360,2006.0,Action,D3Publisher,0.11,0.01,0.0,0.01,39.0,39.0,6.4,55.0,Tamsoft,M
6226,One Piece: Unlimited World Red,PS3,2014.0,Action,Namco Bandai Games,0.09,0.1,0.06,0.04,71.0,28.0,7.3,46.0,Ganbarion,T
1251,The Simpsons Game,DS,2007.0,Action,Electronic Arts,0.56,0.77,0.0,0.17,69.0,17.0,7.3,18.0,Griptonite Games,T
15418,The Awakened Fate Ultimatum,PS3,2014.0,Role-Playing,Nippon Ichi Software,0.0,0.0,0.02,0.0,65.0,20.0,7.3,23.0,Nippon Ichi Software,T
13017,Hunted: The Demon's Forge,PC,2011.0,Action,Bethesda Softworks,0.03,0.01,0.0,0.0,61.0,21.0,6.6,127.0,InXile Entertainment,M
8464,Far Cry: Primal,PC,2016.0,Action,Ubisoft,0.04,0.11,0.0,0.01,74.0,18.0,4.8,368.0,Ubisoft Montreal,M
10234,Night at the Museum: Battle of the Smithsonian,X360,2009.0,Action,Majesco Entertainment,0.07,0.03,0.0,0.01,50.0,15.0,7.1,8.0,"Majesco Games, Majesco",E10+
4763,Six Flags Fun Park,Wii,2009.0,Misc,Ubisoft,0.27,0.09,0.0,0.04,43.0,7.0,7.1,7.0,7 Studios,E10+
1874,Guitar Hero 5,PS3,2009.0,Misc,Activision,0.53,0.39,0.0,0.17,86.0,54.0,5.7,87.0,Neversoft Entertainment,T
9278,Apex,XB,2003.0,Racing,Atari,0.1,0.03,0.0,0.0,74.0,26.0,9.1,7.0,Milestone S.r.l,E
7282,Shrek SuperSlam,GC,2005.0,Action,Activision,0.17,0.04,0.0,0.01,70.0,11.0,7.8,6.0,Shaba Games,E10+
15044,NBA Starting Five,XB,2002.0,Sports,Konami Digital Entertainment,0.02,0.01,0.0,0.0,48.0,4.0,5.5,4.0,Konami,E
4322,Crash of the Titans,Wii,2007.0,Action,Vivendi Games,0.39,0.02,0.0,0.03,69.0,16.0,5.8,22.0,Radical Entertainment,E10+
5831,Spyro: Attack of the Rhynocs,GBA,2003.0,Platform,Universal Interactive,0.22,0.08,0.0,0.01,72.0,13.0,7.5,15.0,Digital Eclipse,E
4485,Star Wars The Clone Wars: Republic Heroes,PS3,2009.0,Action,LucasArts,0.19,0.18,0.0,0.07,43.0,22.0,5.3,16.0,"LucasArts, Krome Studios",T
3924,The BIGS,PS2,2007.0,Sports,Take-Two Interactive,0.25,0.19,0.0,0.06,71.0,4.0,4.8,4.0,Blue Castle Games,E
9940,CSI: Crime Scene Investigation,XB,2004.0,Adventure,Ubisoft,0.09,0.03,0.0,0.0,45.0,14.0,7.3,4.0,369 Interactive,M
13842,Resident Evil: Revelations,PC,2013.0,Action,Capcom,0.0,0.04,0.0,0.0,77.0,12.0,7,342.0,Capcom,M
3113,Harry Potter and the Goblet of Fire,PS2,2005.0,Action,Electronic Arts,0.54,0.02,0.0,0.09,68.0,29.0,6.7,48.0,Electronic Arts,E10+
3303,Sacred 2: Fallen Angel,PS3,2009.0,Role-Playing,Deep Silver,0.22,0.22,0.08,0.09,70.0,45.0,7.1,51.0,"Ascaron Entertainment GmbH, Ascaron Entertainment",M
9536,Shin Megami Tensei: Digital Devil Saga,PS2,2004.0,Role-Playing,Ghostlight,0.06,0.05,0.0,0.02,78.0,42.0,8.2,48.0,Atlus Co.,M
1690,LEGO Batman 2: DC Super Heroes,PS3,2012.0,Action,Warner Bros. Interactive Entertainment,0.5,0.5,0.0,0.19,81.0,28.0,7.5,81.0,Traveller's Tales,E10+
5048,Age of Empires III,PC,2005.0,Strategy,Microsoft Game Studios,0.0,0.33,0.0,0.05,81.0,52.0,7.7,519.0,Ensemble Studios,T
11508,Line Rider 2: Unbound,DS,2008.0,Puzzle,Deep Silver,0.07,0.0,0.0,0.01,59.0,23.0,5.6,5.0,InXile Entertainment,E
1504,Burnout 3: Takedown,XB,2004.0,Racing,Electronic Arts,0.84,0.43,0.0,0.04,94.0,76.0,7.2,139.0,Criterion Games,T
1806,Watch Dogs 2,PS4,2016.0,Action,Ubisoft,0.37,0.58,0.0,0.18,83.0,88.0,7.8,621.0,Ubisoft Montreal,M
3791,StarCraft II: Legacy of the Void,PC,2015.0,Strategy,Activision,0.19,0.29,0.0,0.04,88.0,62.0,8.3,833.0,Blizzard Entertainment,T
1848,Dragon Ball: XenoVerse,PS4,2015.0,Fighting,Namco Bandai Games,0.3,0.52,0.12,0.16,69.0,50.0,7.7,598.0,Dimps Corporation,T
15976,Syberia II,PC,2004.0,Adventure,MC2 Entertainment,0.0,0.01,0.0,0.0,80.0,23.0,8.3,150.0,Microids,T
6622,Amped 2,XB,2003.0,Sports,Microsoft Game Studios,0.2,0.04,0.0,0.01,80.0,34.0,7.7,20.0,Indie Built,E
3435,Lost: Via Domus,X360,2008.0,Action,Ubisoft,0.18,0.34,0.0,0.07,55.0,50.0,6.4,58.0,Ubisoft Montreal,T
11573,Tomb Raider: Legend,GC,2006.0,Action,Eidos Interactive,0.06,0.02,0.0,0.0,78.0,6.0,7.8,8.0,Crystal Dynamics,T
142,Gears of War,X360,2006.0,Shooter,Microsoft Game Studios,3.54,1.88,0.07,0.6,94.0,88.0,8.3,2295.0,Epic Games,M
1756,Sniper: Ghost Warrior,X360,2010.0,Shooter,City Interactive,0.54,0.5,0.0,0.12,45.0,39.0,5.8,89.0,City Interactive,M
497,Sonic Mega Collection Plus,PS2,2004.0,Misc,Sega,1.54,1.14,0.0,0.22,73.0,21.0,8.6,30.0,Sonic Team,E
6751,Family Guy: Back to the Multiverse,X360,2012.0,Action,Activision,0.14,0.09,0.0,0.02,39.0,28.0,5,51.0,Heavy Iron Studios,M
886,Dragon Ball Z: Budokai 3,PS2,2004.0,Fighting,Atari,1.09,0.15,0.65,0.04,77.0,32.0,8.9,137.0,Dimps Corporation,T
16400,TimeShift,PC,2007.0,Shooter,Vivendi Games,0.01,0.0,0.0,0.0,71.0,30.0,7.6,124.0,Saber Interactive,M
10938,Touch Detective,DS,2006.0,Adventure,505 Games,0.06,0.02,0.0,0.01,60.0,25.0,6.8,6.0,BeeWorks,E10+
314,NBA 2K16,PS4,2015.0,Sports,Take-Two Interactive,2.49,0.66,0.03,0.69,87.0,51.0,6.7,364.0,Visual Concepts,E10+
4204,Metal Gear Solid: The Twin Snakes,GC,2004.0,Action,Konami Digital Entertainment,0.3,0.08,0.07,0.01,85.0,54.0,9,142.0,Silicon Knights,M
5447,NCAA Basketball 10,PS3,2009.0,Sports,Electronic Arts,0.31,0.0,0.0,0.03,75.0,17.0,7.8,6.0,EA Canada,E
3129,Crash Bandicoot Purple: Ripto's Rampage,GBA,2004.0,Platform,Vivendi Games,0.46,0.17,0.0,0.01,67.0,23.0,6.6,12.0,Vicarious Visions,E
1996,Sonic the Hedgehog,X360,2006.0,Platform,Sega,0.44,0.48,0.0,0.11,46.0,38.0,4.4,455.0,Sega,E10+
10165,ESPN NHL Hockey,XB,2003.0,Sports,Sega,0.08,0.02,0.0,0.0,88.0,25.0,8.4,24.0,Kush Games,E
336,Spyro: Year of the Dragon,PS,2000.0,Platform,Sony Computer Entertainment,1.93,1.58,0.0,0.19,91.0,15.0,8.8,207.0,Insomniac Games,E
2985,Suikoden II,PS,1998.0,Role-Playing,Konami Digital Entertainment,0.15,0.1,0.38,0.04,82.0,8.0,8.4,162.0,Konami,T
11638,TrackMania DS,DS,2008.0,Racing,Focus Home Interactive,0.06,0.01,0.0,0.01,75.0,38.0,6.9,12.0,Firebrand Games,E
4620,Harry Potter and the Goblet of Fire,GC,2005.0,Action,Electronic Arts,0.32,0.08,0.0,0.01,69.0,20.0,6.3,13.0,Electronic Arts,E10+
11228,Data East Arcade Classics,Wii,2010.0,Misc,Majesco Entertainment,0.08,0.0,0.0,0.01,56.0,7.0,8.2,5.0,G1M2,T
3558,Arena Football,PS2,2006.0,Sports,Electronic Arts,0.28,0.22,0.0,0.07,66.0,18.0,8.6,14.0,EA Tiburon,E10+
3416,Metal Gear Solid V: Ground Zeroes,PS3,2014.0,Action,Konami Digital Entertainment,0.14,0.12,0.27,0.05,66.0,5.0,5.9,242.0,Kojima Productions,M
307,Fallout 3,PS3,2008.0,Role-Playing,Bethesda Softworks,2.15,1.13,0.07,0.59,90.0,57.0,8,910.0,Bethesda Game Studios,M
7869,Gungrave,PS2,2002.0,Shooter,Activision,0.09,0.07,0.0,0.02,65.0,28.0,8.6,16.0,Seta Corporation,M
5918,Fist of the North Star: Ken's Rage 2,PS3,2012.0,Fighting,Tecmo Koei,0.0,0.0,0.3,0.0,49.0,19.0,7,19.0,"Koei, Omega Force",M
15071,Total Overdose: A Gunslinger's Tale in Mexico,XB,2005.0,Shooter,Eidos Interactive,0.02,0.01,0.0,0.0,71.0,28.0,9.2,27.0,Deadline Games,M
6855,NHL 17,XOne,2016.0,Sports,Electronic Arts,0.2,0.01,0.0,0.03,77.0,23.0,4,38.0,"EA Canada, EA Vancouver",E10+
13943,Pro Race Driver,XB,2003.0,Racing,Codemasters,0.03,0.01,0.0,0.0,80.0,17.0,7.5,4.0,Codemasters,T
1666,Battlefield: Hardline,XOne,2015.0,Shooter,Electronic Arts,0.72,0.37,0.01,0.11,71.0,27.0,5.1,299.0,Visceral Games,M
52,Gran Turismo,PS,1997.0,Racing,Sony Computer Entertainment,4.02,3.87,2.54,0.52,96.0,16.0,8.7,138.0,Polyphony Digital,E
11353,Bejeweled 3,PC,2010.0,Puzzle,PopCap Games,0.02,0.05,0.0,0.01,82.0,27.0,8.1,86.0,PopCap,E
1445,FIFA Soccer 08,X360,2007.0,Sports,Electronic Arts,0.31,0.89,0.01,0.14,82.0,43.0,7.9,57.0,EA Canada,E
11212,LEGO Star Wars II: The Original Trilogy,GBA,2006.0,Action,LucasArts,0.06,0.02,0.0,0.0,55.0,5.0,7,6.0,Amaze Entertainment,E
11610,Song of the Deep,PS4,2016.0,Action,Insomniac Games,0.06,0.0,0.0,0.01,69.0,41.0,7.3,30.0,Insomniac Games,E
1695,Scarface: The World is Yours,PS2,2006.0,Action,Vivendi Games,0.99,0.04,0.0,0.16,75.0,46.0,8.6,113.0,Radical Entertainment,M
1574,Football Manager 2011,PC,2010.0,Sports,Sega,0.0,1.01,0.0,0.25,85.0,23.0,8.4,77.0,Sports Interactive,E
1630,Guitar Hero: Aerosmith,X360,2008.0,Misc,Activision,1.0,0.13,0.0,0.1,70.0,59.0,6.7,48.0,Neversoft Entertainment,T
1881,Madden NFL 2004,XB,2003.0,Sports,Electronic Arts,1.02,0.02,0.0,0.05,92.0,27.0,8.3,48.0,EA Tiburon,E
5509,SpongeBob SquarePants: Creature from the Krusty Krab,GC,2006.0,Platform,THQ,0.25,0.07,0.0,0.01,74.0,5.0,7.7,12.0,Blitz Games,E
9040,Phantom Brave,PS2,2004.0,Role-Playing,Tecmo Koei,0.07,0.05,0.0,0.02,81.0,40.0,7.9,22.0,Nippon Ichi Software,T
13304,The Lord of the Rings: The Battle for Middle-Earth II,X360,2006.0,Strategy,Electronic Arts,0.0,0.04,0.0,0.0,79.0,50.0,7.5,83.0,EA LA,T
186,Dragon Quest VIII: Journey of the Cursed King,PS2,2004.0,Role-Playing,Square Enix,0.65,0.75,3.61,0.2,89.0,63.0,8.8,245.0,Level 5,T
10022,Phantasy Star Collection,GBA,2002.0,Role-Playing,Atari,0.08,0.03,0.0,0.0,76.0,20.0,8.1,7.0,Digital Eclipse,E
7185,G-Force,PS3,2009.0,Action,Disney Interactive Studios,0.13,0.06,0.0,0.03,68.0,22.0,7.6,7.0,Eurocom Entertainment Software,E10+
6587,Metroid Prime Pinball,DS,2005.0,Misc,Nintendo,0.21,0.0,0.02,0.02,79.0,51.0,7.9,32.0,Fuse Games Limited,E
11957,R-Type Command,PSP,2007.0,Strategy,Rising Star Games,0.05,0.0,0.01,0.01,69.0,29.0,6.5,6.0,Irem,E10+
3915,Dragon Age: Origins,PC,2009.0,Role-Playing,Electronic Arts,0.0,0.46,0.0,0.05,91.0,67.0,8.6,3542.0,BioWare,M
446,Personal Trainer: Cooking,DS,2006.0,Misc,Nintendo,0.9,1.0,1.03,0.17,81.0,12.0,7.8,10.0,Indies Zero,E
844,Pokémon Mystery Dungeon: Blue Rescue Team,DS,2005.0,Role-Playing,Nintendo,1.15,0.04,0.83,0.0,62.0,34.0,8.1,97.0,ChunSoft,E
15084,Tank Beat,DS,2006.0,Strategy,Midas Interactive Entertainment,0.01,0.01,0.0,0.0,40.0,12.0,5.4,8.0,MileStone Inc.,E10+
13206,Stretch Panic,PS2,2001.0,Platform,Midas Interactive Entertainment,0.02,0.02,0.0,0.01,65.0,14.0,7.8,4.0,Treasure,T
2440,Tekken Tag Tournament 2,PS3,2012.0,Fighting,Namco Bandai Games,0.28,0.31,0.13,0.13,82.0,50.0,8.2,193.0,Namco Bandai Games,T
7692,Plants vs. Zombies,PS3,2011.0,Strategy,PopCap Games,0.18,0.0,0.0,0.02,85.0,8.0,7.9,60.0,PopCap,E10+
4774,Defender,PS2,2002.0,Misc,Midway Games,0.2,0.15,0.0,0.05,73.0,24.0,7.8,6.0,7 Studios,T
6974,Hatsune Miku: Project Diva f,PSV,2012.0,Misc,Sega,0.0,0.0,0.23,0.0,81.0,10.0,8,90.0,Sega,T
2153,ESPN NBA 2K5,XB,2004.0,Sports,Global Star,0.88,0.04,0.0,0.04,85.0,28.0,8.7,22.0,Visual Concepts,E
13733,Blood Bowl,PC,2009.0,Sports,Focus Home Interactive,0.02,0.02,0.0,0.0,72.0,34.0,6.5,57.0,Cyanide,T
5067,Super Dragon Ball Z,PS2,2006.0,Fighting,Atari,0.09,0.07,0.19,0.02,72.0,31.0,5.8,21.0,Crafts & Meister,T
14274,The Sum of All Fears,GC,2003.0,Shooter,Ubisoft,0.03,0.01,0.0,0.0,36.0,11.0,3.4,5.0,Ubisoft Shanghai,T
776,Final Fantasy Tactics Advance,GBA,2003.0,Role-Playing,SquareSoft,0.82,0.37,0.89,0.05,87.0,44.0,7.8,212.0,Square Enix,E
8417,Wolfenstein 3D,GBA,2002.0,Shooter,BAM! Entertainment,0.12,0.04,0.0,0.0,57.0,9.0,6,7.0,Stalker Entertainment,M
6324,The Club,X360,2008.0,Shooter,Sega,0.15,0.1,0.0,0.02,76.0,63.0,6.8,43.0,Bizarre Creations,M
4920,Star Wars The Clone Wars: Republic Heroes,X360,2009.0,Action,LucasArts,0.18,0.17,0.0,0.04,43.0,37.0,6.3,19.0,Krome Studios,T
9182,Godzilla: Save the Earth,XB,2004.0,Fighting,Atari,0.1,0.03,0.0,0.0,63.0,22.0,8.2,6.0,"Pipeworks Software, Inc.",T
3183,FIFA Soccer 2003,XB,2002.0,Sports,Electronic Arts,0.2,0.4,0.0,0.04,88.0,11.0,7.7,11.0,EA Canada,E
7522,Crazy Taxi 3: High Roller,XB,2002.0,Racing,Sega,0.14,0.04,0.02,0.01,69.0,33.0,8.5,13.0,Hitmaker,T
3199,Ape Escape 2,PS2,2002.0,Platform,Sony Computer Entertainment,0.12,0.09,0.38,0.03,82.0,31.0,8.4,32.0,SCE Japan Studio,E
1289,Tom Clancy's Splinter Cell: Pandora Tomorrow,XB,2004.0,Action,Ubisoft,0.82,0.59,0.0,0.07,93.0,74.0,8.6,68.0,Ubisoft Shanghai,T
12166,Obscure,PS2,2004.0,Adventure,Microids,0.03,0.03,0.0,0.01,65.0,27.0,8.9,39.0,Hydravision,M
10335,NASCAR '14,PS3,2014.0,Racing,Deep Silver,0.09,0.0,0.0,0.02,67.0,7.0,4.6,20.0,Eutechnyx,E
16330,Harry Potter and the Chamber of Secrets,PC,2002.0,Action,Electronic Arts,0.0,0.01,0.0,0.0,77.0,8.0,8.4,93.0,KnowWonder,E
7542,MLB SlugFest 20-03,XB,2002.0,Sports,Midway Games,0.15,0.04,0.0,0.01,79.0,9.0,7.8,5.0,Gratuitous Games,E
1879,Untold Legends: Brotherhood of the Blade,PSP,2005.0,Role-Playing,Activision,0.54,0.33,0.01,0.22,68.0,51.0,7.6,58.0,Sony Online Entertainment,T
5457,The Sims 2,GC,2005.0,Simulation,Electronic Arts,0.26,0.07,0.0,0.01,73.0,22.0,8.3,8.0,Maxis,T
649,pro evolution soccer 2011,PS3,2010.0,Sports,Konami Digital Entertainment,0.29,1.17,0.54,0.41,77.0,40.0,6.8,85.0,Konami,E
9095,Thor: God of Thunder,PS3,2011.0,Action,Sega,0.07,0.05,0.0,0.02,39.0,35.0,4.4,19.0,Liquid Entertainment,T
6026,Trauma Center: New Blood,Wii,2007.0,Simulation,Nintendo,0.22,0.04,0.01,0.02,77.0,43.0,8,20.0,Atlus,T
15184,ScrapLand,XB,2005.0,Action,Deep Silver,0.02,0.0,0.0,0.0,73.0,20.0,7.4,5.0,Mercury Steam,T
7972,Rango: The Video Game,PS3,2011.0,Action,Electronic Arts,0.07,0.09,0.0,0.03,65.0,23.0,6.4,7.0,Behaviour Interactive,E10+
2775,Crysis 2,PC,2011.0,Action,Electronic Arts,0.16,0.45,0.0,0.13,86.0,42.0,6.8,1594.0,Crytek,M
4145,Street Fighter X Tekken,X360,2012.0,Fighting,Capcom,0.31,0.1,0.03,0.04,83.0,45.0,4.4,177.0,Capcom,T
1094,Fight Night Round 3,PS3,2006.0,Fighting,Electronic Arts,0.81,0.58,0.01,0.26,83.0,37.0,7.9,24.0,EA Chicago,T
6065,Psi-Ops: The Mindgate Conspiracy,PS2,2004.0,Shooter,Midway Games,0.14,0.11,0.0,0.04,84.0,46.0,8.9,27.0,Midway,M
1546,Castlevania: Symphony of the Night,PS,1997.0,Platform,Konami Digital Entertainment,0.58,0.4,0.21,0.08,93.0,12.0,9.4,358.0,Konami,T
4589,Guitar Hero: Smash Hits,X360,2009.0,Misc,Activision,0.23,0.15,0.0,0.04,71.0,56.0,5.9,18.0,Beenox,T
3135,Max Payne 2: The Fall of Max Payne,XB,2003.0,Shooter,Take-Two Interactive,0.47,0.15,0.0,0.02,84.0,34.0,8.4,49.0,Remedy Entertainment,M
3856,Fight Night Round 3,PSP,2006.0,Fighting,Electronic Arts,0.46,0.01,0.0,0.04,74.0,22.0,8.1,22.0,EA Chicago,T
15799,Raven Squad: Operation Hidden Dagger,PC,2009.0,Shooter,Evolved Games,0.02,0.0,0.0,0.0,39.0,11.0,3.1,61.0,Atomic Motion,T
6419,Lowrider,PS2,2002.0,Misc,Pacific Century Cyber Works,0.11,0.09,0.03,0.03,46.0,14.0,8.4,11.0,Pacific Century Cyber Works,T
3805,The Warriors,PS2,2005.0,Action,Take-Two Interactive,0.44,0.02,0.0,0.07,84.0,52.0,8.5,72.0,Rockstar Toronto,M
7431,Rumble Racing,PS2,2001.0,Racing,Electronic Arts,0.1,0.08,0.0,0.03,85.0,17.0,8.2,9.0,Electronic Arts,E
15067,Star Wars: Empire at War - Forces of Corruption,PC,2006.0,Strategy,LucasArts,0.0,0.02,0.0,0.0,75.0,25.0,8.6,79.0,Petroglyph,T
2259,Sonic Riders,GC,2006.0,Racing,Sega,0.71,0.18,0.0,0.03,59.0,32.0,8,46.0,Sonic Team,E
5630,Persona 4: Dancing All Night,PSV,2015.0,Misc,Nippon Ichi Software,0.09,0.04,0.15,0.04,76.0,51.0,8.6,83.0,"Atlus, Dingo Inc.",T
3327,Wave Race: Blue Storm,GC,2001.0,Racing,Nintendo,0.4,0.1,0.09,0.02,80.0,21.0,8.3,29.0,Nintendo,E
6231,Summer Heat Beach Volleyball,PS2,2003.0,Sports,Acclaim Entertainment,0.14,0.11,0.0,0.04,65.0,21.0,7.7,19.0,Acclaim Studios Cheltenham,T
7212,Child of Eden,PS3,2011.0,Shooter,Ubisoft,0.09,0.1,0.0,0.04,81.0,21.0,7.8,25.0,Q Entertainment,E10+
975,Forza Motorsport 6,XOne,2015.0,Racing,Microsoft Game Studios,0.73,0.9,0.03,0.14,87.0,85.0,7.9,863.0,Turn 10,E
5866,Magna Carta 2,X360,2009.0,Role-Playing,Banpresto,0.13,0.07,0.07,0.02,69.0,49.0,7,57.0,"Banpresto, SoftMax",T
6582,Super Street Fighter II: Turbo Revival,GBA,2001.0,Fighting,Ubisoft,0.18,0.07,0.0,0.0,84.0,17.0,7.4,10.0,Capcom,T
3882,Epic Mickey 2: The Power of Two,X360,2012.0,Action,Disney Interactive Studios,0.32,0.15,0.0,0.04,59.0,35.0,5.5,22.0,Blitz Games Studios,E
12601,Warriors of the Lost Empire,PSP,2007.0,Role-Playing,Mercury Games,0.05,0.0,0.0,0.0,52.0,6.0,7.4,12.0,Platinum Egg,T
12189,Driver: Parallel Lines,XB,2006.0,Racing,Atari,0.05,0.01,0.0,0.0,69.0,31.0,4.6,17.0,Reflections Interactive,M
9136,Cities: Skylines,PC,2015.0,Simulation,Paradox Interactive,0.0,0.13,0.0,0.01,85.0,60.0,8.9,1404.0,Colossal Order,E
14872,The Technomancer,XOne,2016.0,Role-Playing,Focus Home Interactive,0.01,0.01,0.0,0.0,68.0,12.0,7.4,55.0,Spiders,M
4108,The Saboteur,PS3,2009.0,Action,Electronic Arts,0.2,0.21,0.0,0.07,72.0,54.0,8.1,118.0,Pandemic Studios,M
4627,Castlevania: Curse of Darkness,PS2,2005.0,Action,Konami Digital Entertainment,0.18,0.14,0.05,0.05,70.0,30.0,7.5,46.0,Konami,M
12934,Neverland Card Battles,PSP,2008.0,Role-Playing,Idea Factory,0.04,0.0,0.0,0.01,57.0,14.0,7.8,12.0,Idea Factory,T
5162,Elite Beat Agents,DS,2006.0,Misc,Nintendo,0.3,0.03,0.0,0.03,87.0,51.0,8.6,105.0,iNiS,E10+
11818,Escape Dead Island,PS3,2014.0,Action,Deep Silver,0.04,0.03,0.0,0.01,40.0,25.0,3.5,51.0,Fatshark AB,M
1135,Viva Pinata,X360,2006.0,Simulation,Microsoft Game Studios,0.45,0.95,0.02,0.2,84.0,65.0,8,131.0,Rare Ltd.,E
3505,The Sims 3: World Adventures,PC,2009.0,Simulation,Electronic Arts,0.02,0.18,0.0,0.38,81.0,31.0,8,72.0,The Sims Studio,T
4749,From Russia With Love,PS2,2005.0,Action,Electronic Arts,0.34,0.01,0.0,0.06,69.0,29.0,7.6,36.0,EA Redwood Shores,T
2505,Marvel: Ultimate Alliance,PS2,2006.0,Role-Playing,Activision,0.69,0.03,0.0,0.11,81.0,29.0,8.2,33.0,Raven Software,T
2904,Star Wars: Obi-Wan,XB,2001.0,Action,Activision,0.52,0.16,0.0,0.02,58.0,28.0,5.9,14.0,LucasArts,T
570,Guitar Hero: World Tour,X360,2008.0,Misc,Activision,1.78,0.63,0.0,0.25,85.0,67.0,6.3,171.0,Neversoft Entertainment,T
1448,Tom Clancy's Rainbow Six: Vegas 2,PS3,2008.0,Shooter,Ubisoft,0.66,0.44,0.04,0.21,81.0,32.0,7.9,93.0,Ubisoft Montreal,M
3414,Asphalt: Urban GT,DS,2004.0,Racing,Ubisoft,0.31,0.22,0.0,0.06,60.0,38.0,7.5,13.0,Gameloft,E
3226,Wild ARMs 3,PS2,2002.0,Role-Playing,Ubisoft,0.16,0.13,0.29,0.04,78.0,30.0,8.4,38.0,"Media Vision, Contrail",T
4383,Teenage Mutant Ninja Turtles 2: Battle Nexus,PS2,2004.0,Action,Konami Digital Entertainment,0.22,0.17,0.0,0.06,47.0,25.0,7.8,12.0,KCE Studios,T
9229,Blazing Angels 2: Secret Missions of WWII,X360,2007.0,Simulation,Ubisoft,0.11,0.02,0.0,0.01,72.0,24.0,7.8,12.0,Ubisoft Romania,T
3539,RalliSport Challenge,XB,2002.0,Racing,Microsoft Game Studios,0.39,0.16,0.0,0.02,87.0,32.0,8.3,19.0,Digital Illusions,E
1338,Smarty Pants,Wii,2007.0,Misc,Electronic Arts,0.52,0.75,0.0,0.16,65.0,26.0,7.6,10.0,Planet Moon Studios,E
650,ATV Offroad Fury,PS2,2001.0,Racing,Sony Computer Entertainment,2.07,0.26,0.0,0.08,82.0,16.0,8.4,53.0,Rainbow Studios,E
6039,Shrek Super Party,PS2,2002.0,Misc,TDK Mediactive,0.14,0.11,0.0,0.04,30.0,4.0,5.1,17.0,Mass Media,E
11094,Space Invaders Extreme,PSP,2008.0,Shooter,Square Enix,0.06,0.01,0.01,0.01,84.0,29.0,6.8,13.0,Taito Corporation,E
2258,WWE SmackDown vs. Raw 2009,X360,2008.0,Fighting,THQ,0.58,0.26,0.0,0.08,79.0,47.0,7.1,34.0,Yuke's,T
5395,Conan,PS3,2007.0,Action,THQ,0.13,0.15,0.0,0.05,69.0,35.0,7.2,40.0,Nihilistic,M
13310,Saiyuki: Journey West,PS,1999.0,Strategy,Tecmo Koei,0.03,0.02,0.0,0.0,73.0,9.0,7.1,9.0,Koei,E
15498,Lara Croft and the Temple of Osiris,PC,2014.0,Action,Square Enix,0.0,0.02,0.0,0.0,73.0,17.0,5.4,52.0,Nixxes Software,T
4478,SSX Tricky,XB,2001.0,Sports,Electronic Arts,0.32,0.09,0.0,0.02,88.0,22.0,8.5,11.0,EA Sports Big,E
67,Gran Turismo 2,PS,1999.0,Racing,Sony Computer Entertainment,3.88,3.42,1.69,0.5,93.0,23.0,9,135.0,Polyphony Digital,T
1258,Red Faction II,PS2,2002.0,Shooter,THQ,0.49,0.78,0.0,0.23,84.0,30.0,8.3,35.0,Volition Inc.,M
165,Grand Theft Auto V,XOne,2014.0,Action,Take-Two Interactive,2.81,2.19,0.0,0.47,97.0,14.0,7.9,764.0,Rockstar North,M
11251,Age of Mythology,PC,2002.0,Strategy,Microsoft Game Studios,0.02,0.06,0.0,0.01,89.0,31.0,8.9,484.0,Ensemble Studios,T
9141,Metal Slug Anthology,Wii,2006.0,Shooter,Ignition Entertainment,0.12,0.01,0.0,0.01,73.0,38.0,8,22.0,Terminal Reality,T
2850,Super Monkey Ball Jr.,GBA,2002.0,Puzzle,Atari,0.51,0.19,0.0,0.01,82.0,20.0,8.6,11.0,Realism Ltd,E
12774,Pump It Up: Exceed,PS2,2005.0,Misc,Mastiff,0.03,0.02,0.0,0.01,73.0,28.0,8.4,11.0,Andamiro U.S.A. Corp.,T
2735,Tony Hawk's Underground 2,XB,2004.0,Sports,Activision,0.48,0.24,0.0,0.03,83.0,55.0,7.8,12.0,Neversoft Entertainment,T
5669,Kingdom Under Fire: The Crusaders,XB,2004.0,Strategy,Deep Silver,0.24,0.07,0.0,0.01,81.0,50.0,7.9,31.0,Phantagram,M
4988,Rock Band 4,PS4,2015.0,Misc,Harmonix Music Systems,0.26,0.05,0.0,0.07,78.0,51.0,6.3,87.0,Harmonix Music Systems,T
2378,Spec Ops: Ranger Elite,PS,2001.0,Shooter,TalonSoft,0.49,0.33,0.0,0.06,48.0,4.0,6.6,16.0,Runecraft,T
8092,Senran Kagura: Estival Versus,PSV,2015.0,Action,Marvelous Interactive,0.04,0.02,0.09,0.02,71.0,4.0,7.4,34.0,Marvelous Inc.,M
2103,Zoo Tycoon DS,DS,2005.0,Strategy,THQ,0.86,0.03,0.01,0.08,44.0,19.0,6.6,25.0,Altron,E
11141,Red Bull BC One,DS,2008.0,Misc,Playlogic Game Factory,0.08,0.0,0.0,0.01,48.0,15.0,5.3,8.0,Smack Down Productions,E
3759,Conflict: Vietnam,PS2,2004.0,Shooter,SCi,0.26,0.2,0.0,0.07,58.0,24.0,8.1,21.0,Pivotal Games,M
8799,NBA 09: The Inside,PS3,2008.0,Sports,Sony Computer Entertainment,0.14,0.0,0.0,0.01,63.0,17.0,5.1,7.0,SCEA San Diego Studios,E
4500,InuYasha: The Secret of the Cursed Mask,PS2,2004.0,Role-Playing,Namco Bandai Games,0.21,0.17,0.0,0.06,51.0,7.0,8.1,28.0,Kamui,T
1093,NCAA Football 2004,PS2,2003.0,Sports,Electronic Arts,1.35,0.09,0.0,0.23,94.0,15.0,8.8,81.0,EA Sports,E
6718,Grandia,PS,1999.0,Role-Playing,Ubisoft,0.14,0.09,0.0,0.02,89.0,14.0,6.6,77.0,Game Arts,E
160,Assassin's Creed,X360,2007.0,Adventure,Ubisoft,3.28,1.64,0.07,0.56,81.0,77.0,7.7,1074.0,Ubisoft Montreal,M
203,Resident Evil,PS,1996.0,Action,Virgin Interactive,2.05,1.16,1.11,0.73,91.0,8.0,9,266.0,Capcom,M
6483,Naruto: Ultimate Ninja Heroes,PSP,2006.0,Fighting,Namco Bandai Games,0.26,0.0,0.0,0.0,70.0,11.0,6.6,11.0,Bandai,T
9555,Backyard Baseball,GC,2003.0,Sports,Infogrames,0.1,0.03,0.0,0.0,70.0,4.0,9.4,5.0,Humongous Entertainment,E
4933,Ice Age 2: The Meltdown,PS2,2006.0,Platform,Vivendi Games,0.19,0.15,0.0,0.05,68.0,19.0,8,6.0,Eurocom Entertainment Software,E10+
1230,The Simpsons Skateboarding,PS2,2002.0,Sports,Electronic Arts,0.36,0.9,0.0,0.27,38.0,21.0,5,26.0,The Code Monkeys,T
11142,The Weakest Link,PS,2001.0,Misc,Activision,0.05,0.03,0.0,0.01,63.0,7.0,7.2,6.0,"Activision, Traveller's Tales",E
2725,WWE SmackDown vs. Raw 2009,PSP,2008.0,Fighting,THQ,0.41,0.2,0.0,0.14,72.0,9.0,6,9.0,Yuke's,T
4290,The Powerpuff Girls: Relish Rampage,PS2,2002.0,Action,BAM! Entertainment,0.22,0.17,0.0,0.06,46.0,5.0,6.8,5.0,VIS Entertainment,E
383,Guitar Hero: On Tour,DS,2008.0,Misc,Activision,2.1,1.01,0.01,0.35,71.0,70.0,8.8,29.0,Vicarious Visions,E10+
2561,Ben 10: Alien Force,Wii,2008.0,Action,Koch Media,0.52,0.21,0.0,0.07,45.0,6.0,7.8,11.0,Monkey Bar Games,E10+
10832,Playboy: The Mansion,XB,2005.0,Simulation,Ubisoft,0.07,0.02,0.0,0.0,61.0,43.0,4.1,9.0,Cyberlore Studios,M
5455,Ape Escape Academy,PSP,2004.0,Misc,Sony Computer Entertainment,0.13,0.15,0.0,0.05,51.0,48.0,5.8,4.0,Shift,E10+
14082,Homefront: The Revolution,PC,2016.0,Shooter,Deep Silver,0.01,0.02,0.0,0.0,54.0,48.0,3.5,284.0,Deep Silver Dambuster Studios,M
6859,Fantastic 4,GC,2005.0,Action,Activision,0.19,0.05,0.0,0.01,61.0,32.0,4,6.0,7 Studios,T
11644,Silent Hunter III,PC,2005.0,Simulation,Ubisoft,0.0,0.07,0.0,0.01,90.0,23.0,7.9,95.0,Ubisoft,T
10625,The Bard's Tale,XB,2004.0,Role-Playing,Ubisoft,0.08,0.02,0.0,0.0,75.0,50.0,8.8,4.0,InXile Entertainment,T
7404,Pro Evolution Soccer 2012,Wii,2011.0,Action,Konami Digital Entertainment,0.08,0.08,0.03,0.02,79.0,9.0,7,12.0,Konami,E
5944,The Sims 2,PC,2004.0,Simulation,Electronic Arts,0.02,0.24,0.0,0.04,90.0,61.0,8.8,676.0,Maxis,T
53,Super Mario 3D Land,3DS,2011.0,Platform,Nintendo,4.89,3.0,2.14,0.78,90.0,82.0,8.4,921.0,Nintendo,E
3340,Secret Agent Clank,PS2,2009.0,Platform,Sony Computer Entertainment,0.13,0.18,0.0,0.29,61.0,9.0,6.7,14.0,Sanzaru Games,E10+
12752,Tropico 5,X360,2014.0,Simulation,Kalypso Media,0.03,0.02,0.0,0.0,71.0,4.0,7.2,9.0,Haemimont,T
1812,Alien: Isolation,PS4,2014.0,Shooter,Sega,0.34,0.57,0.04,0.17,79.0,50.0,8.1,795.0,Creative Assembly,M
13899,Dreamfall: The Longest Journey,XB,2006.0,Adventure,Empire Interactive,0.03,0.01,0.0,0.0,73.0,42.0,8.8,24.0,Funcom,M
2942,Mortal Kombat: Shaolin Monks,PS2,2005.0,Action,Midway Games,0.58,0.02,0.0,0.09,77.0,41.0,8.6,74.0,Midway Studios - Los Angeles,M
9480,Shrek Super Party,XB,2002.0,Misc,TDK Mediactive,0.1,0.03,0.0,0.0,33.0,9.0,8,11.0,Mass Media,E
4678,Castlevania: The Dracula X Chronicles,PSP,2007.0,Platform,Konami Digital Entertainment,0.22,0.09,0.04,0.07,80.0,43.0,7.8,62.0,Konami,T
3612,Final Fantasy IV: The Complete Collection,PSP,2011.0,Role-Playing,Square Enix,0.13,0.09,0.27,0.06,77.0,41.0,7.5,80.0,Bullets,E10+
8235,NBA Inside Drive 2004,XB,2003.0,Sports,Microsoft Game Studios,0.13,0.04,0.0,0.01,71.0,31.0,8.2,11.0,High Voltage Software,E
7871,Transworld Surf,PS2,2002.0,Sports,Atari,0.09,0.07,0.0,0.02,76.0,15.0,8.5,6.0,Rockstar San Diego,T
10045,Tom Clancy's EndWar,PSP,2008.0,Strategy,Ubisoft,0.1,0.01,0.0,0.01,68.0,7.0,5.9,8.0,"Funatics Software, Funatics",T
3439,Call of Duty: Black Ops,DS,2010.0,Shooter,Activision,0.5,0.04,0.0,0.04,74.0,13.0,6,54.0,n-Space,T
1892,NASCAR Thunder 2004,PS2,2003.0,Racing,Electronic Arts,0.53,0.41,0.0,0.14,88.0,15.0,8.9,77.0,EA Tiburon,E
5167,Castlevania: Order of Ecclesia,DS,2008.0,Platform,Konami Digital Entertainment,0.27,0.02,0.04,0.03,85.0,46.0,8.7,111.0,Konami,T
1505,The Beatles: Rock Band,X360,2009.0,Misc,MTV Games,0.97,0.23,0.0,0.11,89.0,76.0,8.6,127.0,Harmonix Music Systems,T
14010,Ferrari Challenge Trofeo Pirelli,PS3,2008.0,Racing,System 3 Arcade Software,0.0,0.03,0.0,0.01,71.0,37.0,6.2,26.0,Eutechnyx,E
670,Madden NFL 10,PS3,2009.0,Sports,Electronic Arts,2.03,0.13,0.0,0.21,85.0,41.0,6.8,58.0,EA Tiburon,E
9471,Drakengard 2,PS2,2005.0,Role-Playing,Ubisoft,0.06,0.05,0.0,0.02,58.0,34.0,5.5,49.0,Cavia Inc.,M
3306,Final Fantasy IV Advance,GBA,2005.0,Role-Playing,Nintendo,0.27,0.1,0.22,0.01,85.0,30.0,7.3,70.0,TOSE,E10+
11385,Invizimals: The Alliance,PSV,2013.0,Action,Sony Computer Entertainment,0.0,0.06,0.0,0.02,69.0,16.0,6.8,10.0,Novarama,E10+
2890,Dynasty Warriors 6,PS3,2007.0,Action,Tecmo Koei,0.18,0.07,0.41,0.04,59.0,31.0,7.3,49.0,"Koei, Omega Force",T
7739,Conan,X360,2007.0,Action,THQ,0.16,0.02,0.0,0.01,69.0,49.0,7.3,67.0,Nihilistic,M
13055,Bladestorm: Nightmare,XOne,2015.0,Action,Tecmo Koei,0.03,0.02,0.0,0.0,48.0,6.0,7.1,8.0,Omega Force,T
15615,The Testament of Sherlock Holmes,X360,2012.0,Adventure,Focus Home Interactive,0.0,0.02,0.0,0.0,64.0,24.0,7.6,30.0,Frogwares,M
2,Mario Kart Wii,Wii,2008.0,Racing,Nintendo,15.68,12.76,3.79,3.29,82.0,73.0,8.3,709.0,Nintendo,E
6079,Links 2004,XB,2003.0,Sports,Microsoft Game Studios,0.21,0.06,0.0,0.01,80.0,41.0,9,9.0,Indie Built,E
8181,College Hoops 2K8,X360,2007.0,Sports,Take-Two Interactive,0.16,0.0,0.0,0.01,81.0,21.0,6.9,16.0,Visual Concepts,E
14840,Age of Conan: Rise of the Godslayer,PC,2010.0,Role-Playing,Funcom,0.0,0.02,0.0,0.0,83.0,14.0,8.4,52.0,Funcom,M
6476,Star Wars: Bounty Hunter,GC,2002.0,Shooter,LucasArts,0.2,0.05,0.0,0.01,67.0,20.0,7.6,16.0,LucasArts,T
15293,Left 4 Dead,PC,2008.0,Shooter,Electronic Arts,0.0,0.02,0.0,0.0,89.0,58.0,9.2,3717.0,Valve Software,M
8923,Batman Begins,GC,2005.0,Action,Electronic Arts,0.11,0.03,0.0,0.0,66.0,38.0,7.2,10.0,Eurocom Entertainment Software,T
3406,Dead or Alive Xtreme Beach Volleyball,XB,2003.0,Sports,Microsoft Game Studios,0.36,0.08,0.14,0.02,73.0,42.0,7.8,47.0,Team Ninja,M
15633,Starship Troopers,PC,2005.0,Shooter,Empire Interactive,0.0,0.02,0.0,0.0,46.0,18.0,6.1,29.0,Strangelite,M
2581,Star Wars The Clone Wars: Republic Heroes,Wii,2009.0,Action,LucasArts,0.43,0.29,0.0,0.07,48.0,10.0,6.4,5.0,Krome Studios,T
2607,The Sims 2: Castaway,PSP,2007.0,Simulation,Electronic Arts,0.08,0.46,0.0,0.25,64.0,5.0,7.3,18.0,Maxis,E10+
9447,NBA 08,PS3,2007.0,Sports,Sony Computer Entertainment,0.12,0.0,0.0,0.01,63.0,37.0,6,4.0,SCEA San Diego Studios,E
5057,Just Dance 2014,PS3,2013.0,Misc,Ubisoft,0.17,0.14,0.0,0.06,77.0,6.0,7.1,25.0,Ubisoft,E10+
4434,Wario World,GC,2003.0,Platform,Nintendo,0.34,0.09,0.0,0.01,71.0,30.0,7.2,44.0,Treasure,E
6773,Trials Fusion,XOne,2014.0,Racing,Ubisoft,0.12,0.1,0.0,0.02,80.0,28.0,7.1,158.0,RedLynx,E10+
7260,Tropico 3,X360,2009.0,Strategy,Kalypso Media,0.15,0.02,0.03,0.01,75.0,33.0,6.6,22.0,Haemimont,T
9288,BIT.TRIP SAGA,3DS,2011.0,Misc,Rising Star Games,0.09,0.04,0.0,0.01,75.0,21.0,7.8,24.0,Gaijin Games,E
6811,Homefront,PC,2011.0,Shooter,THQ,0.11,0.1,0.0,0.03,70.0,36.0,5.5,531.0,Digital Extremes,M
13811,Worms 4: Mayhem,XB,2005.0,Strategy,Codemasters,0.03,0.01,0.0,0.0,69.0,27.0,9.2,6.0,Team 17,T
10655,Pinball Hall of Fame: The Williams Collection,3DS,2011.0,Misc,Crave Entertainment,0.09,0.0,0.0,0.01,67.0,5.0,7.3,8.0,Crave,E10+
6314,NHL 07,X360,2006.0,Sports,Electronic Arts,0.25,0.0,0.0,0.02,79.0,49.0,5.3,167.0,EA Sports,E10+
3645,Resident Evil: Revelations 2,PS4,2015.0,Action,Capcom,0.13,0.24,0.1,0.07,75.0,30.0,7.7,284.0,Capcom,M
192,Diablo III,PC,2012.0,Role-Playing,Activision,2.44,2.16,0.0,0.54,88.0,86.0,4,9629.0,Blizzard Entertainment,M
5388,Rayman Legends,XOne,2014.0,Platform,Ubisoft,0.13,0.18,0.0,0.03,91.0,6.0,7.9,218.0,Ubisoft Montpellier,E10+
14233,Crimson Tears,PS2,2004.0,Role-Playing,Capcom,0.02,0.01,0.0,0.0,62.0,30.0,7.8,4.0,DreamFactory,T
2687,Bayonetta 2,WiiU,2014.0,Action,Nintendo,0.32,0.28,0.1,0.06,91.0,80.0,8.2,1217.0,PlatinumGames,M
4390,Naruto Shippuden: Ultimate Ninja Storm Generations,X360,2012.0,Fighting,Namco Bandai Games,0.26,0.14,0.01,0.04,74.0,35.0,7.2,47.0,"CyberConnect2, Racjin",T
4927,Condemned 2: Bloodshot,PS3,2008.0,Action,Sega,0.17,0.16,0.0,0.06,82.0,37.0,8.1,89.0,Monolith Productions,M
10799,Ar tonelico: Melody of Elemia,PS2,2006.0,Role-Playing,505 Games,0.0,0.0,0.1,0.0,71.0,30.0,7.7,43.0,Gust,T
238,Madden NFL 2005,PS2,2004.0,Sports,Electronic Arts,4.18,0.26,0.01,0.08,91.0,30.0,7.9,78.0,EA Tiburon,E
11169,Terraria,3DS,2016.0,Action,505 Games,0.0,0.04,0.05,0.0,71.0,6.0,7.1,21.0,Re-Logic,T
6901,Harry Potter and the Order of the Phoenix,PS3,2007.0,Action,Electronic Arts,0.18,0.03,0.0,0.03,67.0,35.0,6.6,25.0,EA Games,E10+
12521,Unreal Tournament III,PC,2007.0,Shooter,Midway Games,0.0,0.05,0.0,0.01,83.0,41.0,8,523.0,Epic Games,M
12378,Tokobot,PSP,2005.0,Platform,Take-Two Interactive,0.06,0.0,0.0,0.0,72.0,30.0,7.3,8.0,Tecmo,E
15604,Vietcong,PC,2003.0,Shooter,Gathering of Developers,0.0,0.02,0.0,0.0,74.0,22.0,8.7,76.0,Pterodon,T
3552,Odin Sphere,PS2,2007.0,Role-Playing,Square Enix,0.23,0.18,0.09,0.06,83.0,49.0,8.6,59.0,Vanilla Ware,T
146,Metal Gear Solid,PS,1998.0,Action,Konami Digital Entertainment,3.18,1.83,0.78,0.24,94.0,20.0,9.4,918.0,KCEJ,M
2294,Marvel: Ultimate Alliance 2,X360,2009.0,Role-Playing,Activision,0.68,0.15,0.0,0.08,73.0,75.0,7.3,82.0,Vicarious Visions,T
14660,007: Quantum of Solace,PC,2008.0,Action,Activision,0.01,0.01,0.0,0.0,70.0,18.0,6.3,55.0,Treyarch,T
7178,Dino Stalker,PS2,2002.0,Shooter,Capcom,0.07,0.06,0.08,0.02,50.0,18.0,6.3,8.0,Capcom,M
9928,Lost Planet 3,X360,2013.0,Shooter,Capcom,0.07,0.03,0.01,0.01,58.0,43.0,5.8,142.0,Spark Unlimited,T
14476,Transformers: Devastation,PC,2015.0,Action,Activision,0.0,0.03,0.0,0.0,74.0,9.0,7.6,56.0,PlatinumGames,T
16314,Banjo-Kazooie,X360,2008.0,Platform,Microsoft Game Studios,0.0,0.01,0.0,0.0,77.0,17.0,8.2,70.0,4J Studios,E
11259,Monster House,GBA,2006.0,Adventure,THQ,0.06,0.02,0.0,0.0,69.0,10.0,9,4.0,Artificial Mind and Movement,E
12307,GRID 2,PC,2013.0,Racing,Codemasters,0.0,0.06,0.0,0.01,80.0,17.0,5.7,571.0,Codemasters,E
7081,Pinball Hall of Fame: The Gottlieb Collection,PSP,2005.0,Misc,Play It,0.2,0.01,0.0,0.02,73.0,27.0,8.1,13.0,Farsight Studios,E
4545,Naruto: Ninja Council 3,DS,2006.0,Action,D3Publisher,0.39,0.0,0.0,0.03,56.0,23.0,6.5,13.0,Aspect,E10+
11510,Harry Potter and the Sorcerer's Stone,GC,2003.0,Action,Electronic Arts,0.06,0.02,0.0,0.0,62.0,11.0,8.3,6.0,Warthog,E
5164,ESPN X Games Skateboarding,PS2,2001.0,Sports,Konami Digital Entertainment,0.18,0.14,0.0,0.05,58.0,15.0,7.8,14.0,KCEO,E
15672,WorldShift,PC,2009.0,Strategy,Playlogic Game Factory,0.02,0.0,0.0,0.0,63.0,9.0,8.1,8.0,Black Sea Studios,T
1647,Max Payne,XB,2001.0,Shooter,Take-Two Interactive,0.98,0.19,0.0,0.05,89.0,24.0,8.3,61.0,neo Software,M
6815,NBA Live 10,PSP,2009.0,Sports,Electronic Arts,0.21,0.0,0.01,0.02,64.0,4.0,4.2,10.0,EA Canada,E
2700,DJ Hero,Wii,2009.0,Misc,Activision,0.45,0.23,0.0,0.07,87.0,22.0,7.6,19.0,Exient Entertainment,T
11134,Sniper Elite,XB,2005.0,Shooter,Ubisoft,0.07,0.02,0.0,0.0,77.0,25.0,8.5,11.0,Rebellion,M
12273,NHL Hitz Pro,XB,2003.0,Sports,Midway Games,0.05,0.01,0.0,0.0,81.0,23.0,8.8,12.0,Next Level Games,E
10500,Universe at War: Earth Assault,X360,2008.0,Action,Sega,0.09,0.01,0.0,0.01,66.0,44.0,8.3,57.0,Petroglyph,T
14013,APB Reloaded,PC,2011.0,Role-Playing,Iceberg Interactive,0.02,0.01,0.0,0.0,56.0,12.0,5.7,269.0,"Reloaded Productions, Reloaded Games Inc.",M
136,Super Mario Sunshine,GC,2002.0,Platform,Nintendo,4.01,1.26,0.87,0.17,92.0,61.0,8.6,439.0,Nintendo,E
2854,MLB 10: The Show,PS3,2010.0,Sports,Sony Computer Entertainment,0.66,0.0,0.0,0.06,91.0,33.0,8.3,107.0,SCEA,E
1200,LEGO Pirates of the Caribbean: The Video Game,Wii,2011.0,Action,Disney Interactive Studios,0.73,0.67,0.0,0.15,73.0,14.0,7,13.0,Traveller's Tales,E10+
8758,Birds of Steel,X360,2012.0,Simulation,Konami Digital Entertainment,0.11,0.03,0.0,0.01,77.0,18.0,8.9,18.0,Gaijin Entertainment,T
13189,The Lost Vikings,GBA,2003.0,Puzzle,Activision,0.04,0.01,0.0,0.0,75.0,16.0,9.1,15.0,Mass Media,E
3927,Dragon Ball Z: Supersonic Warriors,GBA,2004.0,Fighting,Atari,0.36,0.13,0.0,0.01,73.0,26.0,7,21.0,Arc System Works,T
3606,Quantum Break,XOne,2016.0,Action,Microsoft Game Studios,0.3,0.2,0.01,0.05,77.0,106.0,6.8,1659.0,Remedy Entertainment,M
2187,The SpongeBob SquarePants Movie,GC,2004.0,Platform,THQ,0.73,0.19,0.0,0.03,73.0,9.0,7.8,13.0,Heavy Iron Studios,E
5059,Harry Potter and the Prisoner of Azkaban,GC,2004.0,Action,Electronic Arts,0.29,0.08,0.0,0.01,67.0,22.0,7.3,8.0,EA Games,E
802,Final Fantasy III,DS,2006.0,Role-Playing,Square Enix,0.89,0.04,1.07,0.09,77.0,45.0,7.1,136.0,Matrix Software,E10+
2668,Pokemon Dash,DS,2004.0,Racing,Nintendo,0.21,0.14,0.38,0.04,46.0,28.0,5.9,34.0,Ambrella,E
241,Madden NFL 07,PS2,2006.0,Sports,Electronic Arts,3.63,0.24,0.01,0.61,84.0,29.0,8.2,39.0,EA Sports,E
12239,Mayhem 3D,X360,2011.0,Racing,Evolved Games,0.06,0.0,0.0,0.0,47.0,4.0,8.6,9.0,Zoo Games,E10+
644,Tom Clancy's Rainbow Six: Vegas 2,X360,2008.0,Shooter,Ubisoft,1.56,0.6,0.02,0.23,82.0,66.0,7.8,176.0,Ubisoft Montreal,M
5103,Quake 4,X360,2005.0,Shooter,Activision,0.32,0.02,0.0,0.03,75.0,52.0,6.7,80.0,Raven Software,M
1637,Mario Power Tennis,GC,2004.0,Sports,Nintendo,0.58,0.16,0.46,0.03,80.0,43.0,8.5,48.0,Camelot Software Planning,E
8312,MotoGP 10/11,PS3,2011.0,Racing,Capcom,0.04,0.1,0.0,0.03,68.0,32.0,6.1,23.0,Monumental Games,E
3074,Gods Eater Burst,PSP,2010.0,Action,Namco Bandai Games,0.03,0.0,0.62,0.0,71.0,30.0,7.9,35.0,"Shift, Bandai Namco Games",T
3278,Wet,PS3,2009.0,Shooter,Bethesda Softworks,0.22,0.27,0.01,0.11,70.0,61.0,6.4,55.0,Artificial Mind and Movement,M
10327,God Eater 2: Rage Burst,PS4,2015.0,Role-Playing,Namco Bandai Games,0.0,0.01,0.09,0.0,69.0,35.0,8,79.0,Shift,T
8326,Spawn: Armageddon,XB,2003.0,Action,Electronic Arts,0.13,0.04,0.0,0.01,57.0,27.0,9.2,5.0,Point of View,M
6915,Game of Thrones,PS3,2012.0,Role-Playing,Focus Home Interactive,0.1,0.1,0.0,0.03,53.0,14.0,5.5,81.0,"Cyanide, Cyanide Studios",M
62,New Super Mario Bros. 2,3DS,2012.0,Platform,Nintendo,3.66,3.14,2.47,0.63,78.0,70.0,7.2,424.0,Nintendo,E
12522,Disney Sports Skateboarding,GC,2002.0,Sports,Konami Digital Entertainment,0.05,0.01,0.0,0.0,36.0,7.0,4.7,6.0,KCEO,E
10659,Silent Scope Complete,XB,2004.0,Shooter,Konami Digital Entertainment,0.07,0.02,0.0,0.0,69.0,25.0,7.4,5.0,Konami,M
679,Resident Evil - Code: Veronica X,PS2,2001.0,Action,Capcom,1.08,0.7,0.34,0.21,84.0,21.0,8.4,189.0,Capcom,M
12714,Top Gun: Hard Lock,X360,2012.0,Action,505 Games,0.03,0.02,0.0,0.0,54.0,8.0,3.5,16.0,505 Games,T
3641,Hot Shots Golf: World Invitational,PSV,2011.0,Sports,Sony Computer Entertainment,0.15,0.11,0.25,0.05,76.0,55.0,8.1,77.0,Clap Hanz,E
1873,Yakuza 2,PS2,2006.0,Adventure,Sega,0.05,0.04,0.84,0.16,77.0,34.0,8.1,52.0,Amusement Vision,M
4744,Harry Potter and the Deathly Hallows - Part 1,DS,2010.0,Action,Electronic Arts,0.19,0.18,0.0,0.04,56.0,6.0,6,4.0,Full Fat,E10+
2912,Jade Empire,XB,2005.0,Role-Playing,Microsoft Game Studios,0.48,0.19,0.0,0.03,89.0,84.0,8.6,113.0,BioWare,M
4027,Boogie,Wii,2007.0,Misc,Electronic Arts,0.43,0.03,0.0,0.04,57.0,37.0,5.3,54.0,EA Montreal,E10+
7786,Final Fantasy XI,X360,2006.0,Role-Playing,Square Enix,0.17,0.01,0.0,0.01,66.0,25.0,6.5,33.0,Square Enix,T
489,Pac-Man Collection,GBA,2001.0,Puzzle,Atari,2.07,0.77,0.05,0.05,79.0,13.0,7.8,4.0,Mass Media,E
690,Paper Mario: Sticker Star,3DS,2012.0,Role-Playing,Nintendo,1.12,0.41,0.64,0.14,75.0,69.0,5.6,382.0,Intelligent Systems,E
10103,Gun Metal,XB,2002.0,Shooter,Rage Software,0.08,0.02,0.0,0.0,63.0,17.0,7.6,8.0,Rage Software,T
1014,Crackdown,X360,2007.0,Shooter,Microsoft Game Studios,1.0,0.53,0.03,0.18,83.0,75.0,8,340.0,Realtime Worlds,M
5283,WWE Crush Hour,PS2,2003.0,Racing,THQ,0.17,0.13,0.0,0.04,56.0,13.0,5.3,8.0,Pacific Coast Power & Light,T
4370,Celebrity Sports Showdown,Wii,2008.0,Sports,Electronic Arts,0.18,0.22,0.0,0.05,50.0,12.0,4.6,18.0,EA Canada,E
1361,Dragon Quest Monsters: Joker 2,DS,2010.0,Role-Playing,Square Enix,0.09,0.07,1.24,0.02,77.0,33.0,7.3,15.0,TOSE,E
16513,Ride 2,PC,2016.0,Racing,Milestone S.r.l,0.0,0.01,0.0,0.0,78.0,4.0,7.9,14.0,Milestone S.r.l,E
1526,Namco Museum DS,DS,2007.0,Misc,Atari,1.13,0.01,0.06,0.09,67.0,19.0,5.9,8.0,M2,E
1629,Donkey Kong Country 2,GBA,2004.0,Platform,Nintendo,0.79,0.27,0.12,0.04,80.0,22.0,9.1,37.0,Rare Ltd.,E
1551,Kid Icarus: Uprising,3DS,2012.0,Action,Nintendo,0.48,0.35,0.36,0.07,83.0,75.0,8.7,487.0,"Opus, Project Sora",E10+
1184,Conflict: Desert Storm,PS2,2002.0,Shooter,Gotham Games,0.98,0.53,0.0,0.06,55.0,10.0,8.6,45.0,Pivotal Games,T
1337,Kinect Joy Ride,X360,2010.0,Racing,Microsoft Game Studios,0.92,0.39,0.0,0.12,52.0,46.0,5,20.0,BigPark,E
3901,Alice in Wonderland,Wii,2010.0,Adventure,Disney Interactive Studios,0.25,0.21,0.0,0.05,69.0,18.0,7.4,13.0,Etranges Libellules,E10+
8252,The Secret World,PC,2012.0,Role-Playing,Funcom,0.07,0.08,0.0,0.02,74.0,55.0,8.2,1326.0,Funcom,M
2346,FIFA Soccer 09 All-Play,Wii,2008.0,Sports,Electronic Arts,0.28,0.51,0.0,0.09,80.0,18.0,8.4,22.0,EA Canada,E
5485,Classic NES Series: Castlevania,GBA,2004.0,Platform,Nintendo,0.17,0.06,0.09,0.01,74.0,10.0,8.6,12.0,Konami,E
15210,Pro Fishing Challenge,XB,2004.0,Sports,Atlus,0.02,0.0,0.0,0.0,62.0,11.0,9.1,9.0,Opus,E
5694,F1 Race Stars,PS3,2012.0,Racing,Codemasters,0.06,0.19,0.0,0.06,61.0,27.0,5.6,34.0,Codemasters,E
5119,Tomb Raider: Legend,X360,2006.0,Action,Eidos Interactive,0.27,0.07,0.01,0.03,80.0,54.0,7.3,84.0,Crystal Dynamics,T
1134,Max Payne 3,X360,2012.0,Shooter,Take-Two Interactive,0.86,0.62,0.01,0.13,86.0,80.0,7.8,869.0,Rockstar Studios,M
8342,Professor Heinz Wolff's Gravity,Wii,2008.0,Puzzle,Deep Silver,0.04,0.12,0.0,0.02,63.0,12.0,7.7,7.0,Deep Silver,E
11866,Emergency 2012,PC,2010.0,Simulation,Deep Silver,0.02,0.04,0.0,0.01,61.0,9.0,6.2,12.0,ValuSoft,T
10278,Frogger: Helmet Chaos,PSP,2005.0,Platform,Konami Digital Entertainment,0.1,0.0,0.0,0.01,66.0,18.0,6.4,5.0,Konami Computer Entertainment Hawaii,E
10451,Banjo-Pilot,GBA,2005.0,Racing,THQ,0.07,0.03,0.0,0.0,68.0,22.0,5.9,9.0,Rare Ltd.,E
4017,F1 2012,X360,2012.0,Racing,Codemasters,0.1,0.34,0.0,0.05,84.0,42.0,6.9,56.0,Codemasters,E
10409,SimCity 2000,GBA,2003.0,Simulation,Zoo Digital Publishing,0.08,0.03,0.0,0.0,62.0,9.0,7.8,11.0,Full-Fat,E
12035,Rayman 3: Hoodlum Havoc,GC,2003.0,Platform,Ubisoft,0.05,0.01,0.0,0.0,77.0,24.0,8.3,21.0,Ubisoft Shanghai,E
2424,Lemmings,PSP,2006.0,Puzzle,Sony Computer Entertainment,0.12,0.51,0.0,0.23,76.0,46.0,7.9,14.0,Team 17,E
859,Kingdom Hearts 358/2 Days,DS,2009.0,Role-Playing,Square Enix,1.06,0.26,0.53,0.13,75.0,53.0,7.8,162.0,h.a.n.d. Inc.,E10+
2962,The Sims: Medieval,PC,2011.0,Simulation,Electronic Arts,0.28,0.32,0.0,0.09,77.0,56.0,6.1,173.0,The Sims Studio,T
8089,Cabela's Big Game Hunter 2005 Adventures,XB,2004.0,Sports,Activision,0.13,0.04,0.0,0.01,65.0,5.0,8.3,6.0,FUN Labs,T
1364,Medal of Honor: Warfighter,PS3,2012.0,Action,Electronic Arts,0.48,0.62,0.06,0.26,55.0,22.0,6,250.0,Danger Close,M
1779,Tenchu: Wrath of Heaven,PS2,2003.0,Action,Activision,0.44,0.34,0.25,0.11,79.0,33.0,8.4,38.0,K2 LLC,M
2101,Mario Party Advance,GBA,2005.0,Misc,Nintendo,0.5,0.19,0.28,0.02,54.0,27.0,5.4,34.0,Hudson,E
369,FIFA Soccer 11,X360,2010.0,Sports,Electronic Arts,0.71,2.39,0.02,0.4,88.0,66.0,7.5,155.0,EA Sports,E
4937,Advance Wars: Dual Strike,DS,2005.0,Strategy,Nintendo,0.3,0.02,0.04,0.03,90.0,49.0,9,163.0,Intelligent Systems,E
5285,Homefront: The Revolution,PS4,2016.0,Shooter,Deep Silver,0.06,0.21,0.03,0.05,48.0,43.0,3.8,212.0,Deep Silver Dambuster Studios,M
8367,SSX On Tour,GC,2005.0,Sports,Electronic Arts,0.13,0.03,0.0,0.0,80.0,27.0,7.5,14.0,EA Canada,E
13886,Twin Strike: Operation Thunder,Wii,2008.0,Shooter,Zoo Games,0.04,0.0,0.0,0.0,50.0,7.0,8.3,6.0,Naps Team,E10+
11336,Blacksite: Area 51,PS3,2007.0,Shooter,Midway Games,0.07,0.01,0.0,0.01,56.0,23.0,6.3,18.0,Midway Studios - Austin,T
7817,Frequency,PS2,2001.0,Misc,Sony Computer Entertainment,0.09,0.07,0.0,0.02,83.0,26.0,9,29.0,Harmonix Music Systems,E
7331,Robotech: The Macross Saga,GBA,2002.0,Shooter,TDK Mediactive,0.15,0.06,0.0,0.0,61.0,8.0,6.5,4.0,Lucky Chicken,E
816,UFC 2009 Undisputed,X360,2009.0,Fighting,THQ,1.48,0.39,0.0,0.19,83.0,68.0,7.9,51.0,Yuke's,T
6124,DeathSmiles,X360,2009.0,Shooter,Rising Star Games,0.15,0.06,0.05,0.02,76.0,29.0,8.4,47.0,Cave,T
4120,Fortune Street,Wii,2011.0,Misc,Nintendo,0.25,0.03,0.17,0.02,68.0,42.0,7.5,24.0,Marvelous AQL,E
15213,Phoenix Wright: Ace Attorney Trilogy,3DS,2014.0,Adventure,Capcom,0.0,0.0,0.02,0.0,81.0,34.0,9,76.0,NATSUME ATARI Inc.,T
11107,Freestyle Metal X,PS2,2003.0,Racing,Midway Games,0.04,0.03,0.0,0.01,67.0,25.0,8.3,17.0,Deibus Studios,T
8751,Dynasty Warriors 8,X360,2013.0,Action,Tecmo Koei,0.09,0.05,0.0,0.01,65.0,21.0,7.5,35.0,Omega Force,T
6409,My Japanese Coach,DS,2008.0,Misc,Ubisoft,0.24,0.0,0.0,0.02,59.0,4.0,6.7,6.0,"Ubisoft, Sensory Sweep",E
13269,Ms Saga: A New Dawn,PS2,2005.0,Role-Playing,Namco Bandai Games,0.02,0.02,0.0,0.01,65.0,27.0,8.6,15.0,Bandai,E10+
2642,Lips,X360,2008.0,Misc,Microsoft Game Studios,0.12,0.56,0.0,0.1,71.0,43.0,7.4,34.0,iNiS,T
9280,Persona 4: Arena Ultimax,PS3,2014.0,Fighting,Atlus,0.0,0.0,0.13,0.0,84.0,38.0,8.1,85.0,Arc System Works,T
2305,Hot Shots Tennis,PS2,2006.0,Sports,Sony Computer Entertainment,0.17,0.13,0.55,0.05,70.0,44.0,8.1,8.0,Clap Hanz,E
14316,MotoGP,PSP,2006.0,Racing,Sony Computer Entertainment,0.03,0.0,0.0,0.0,69.0,18.0,7.1,7.0,Namco Bandai Games,E
14377,Song of the Deep,PC,2016.0,Action,Insomniac Games,0.03,0.0,0.0,0.0,73.0,12.0,6.3,15.0,Insomniac Games,E
16377,Dokuro,PSV,2012.0,Action,GungHo,0.0,0.0,0.01,0.0,76.0,26.0,8,18.0,Game Arts,E10+
10606,Resident Evil: Revelations 2,PSV,2015.0,Action,Capcom,0.0,0.03,0.07,0.01,65.0,12.0,7.8,63.0,Frima Studio,M
2600,Pro Evolution Soccer 2016,PS4,2015.0,Sports,Konami Digital Entertainment,0.13,0.42,0.13,0.1,87.0,54.0,7.1,680.0,Konami,E
1518,Pokemon Ranger: Guardian Signs,DS,2010.0,Role-Playing,Nintendo,0.5,0.16,0.58,0.05,68.0,25.0,8.2,25.0,Creatures Inc.,E
12038,The Guy Game,XB,2004.0,Misc,Gathering of Developers,0.05,0.02,0.0,0.0,47.0,20.0,5.4,7.0,Top Heavy Studios,M
7162,Hamtaro: Ham-Ham Games,GBA,2004.0,Sports,Nintendo,0.16,0.06,0.0,0.0,77.0,20.0,7.8,6.0,Alphadream Corporation,E
7737,UFC Personal Trainer: The Ultimate Fitness System,PS3,2011.0,Sports,THQ,0.08,0.08,0.0,0.03,65.0,8.0,2.4,5.0,THQ,E
517,Metroid Prime,GC,2002.0,Shooter,Nintendo,1.96,0.67,0.1,0.09,97.0,70.0,9.3,747.0,Retro Studios,T
10561,Surf's Up,X360,2007.0,Sports,Ubisoft,0.09,0.0,0.0,0.01,61.0,15.0,6.1,9.0,Ubisoft,E10+
2761,Midnight Club 3: DUB Edition,XB,2005.0,Racing,Take-Two Interactive,0.61,0.1,0.0,0.03,84.0,53.0,7.4,40.0,Rockstar San Diego,E10+
4855,Suzuki TT Superbikes,PS2,2005.0,Racing,Jester Interactive,0.33,0.01,0.0,0.05,71.0,7.0,8.5,8.0,Jester Interactive,E
8319,Let's TAP,Wii,2008.0,Misc,Sega,0.08,0.06,0.01,0.02,70.0,47.0,6.6,11.0,Prope,E
2438,Dragon Ball Z: Burst Limit,PS3,2008.0,Fighting,Atari,0.22,0.33,0.18,0.12,71.0,32.0,7.2,51.0,"Dimps Corporation, Namco Bandai Games",T
3765,Blitz: The League,XB,2004.0,Sports,Midway Games,0.4,0.11,0.0,0.02,78.0,30.0,7.7,14.0,Midway,M
6432,Panzer Dragoon Orta,XB,2002.0,Shooter,Sega,0.16,0.05,0.04,0.01,90.0,41.0,8.5,64.0,Smilebit,T
6340,Transformers: Cybertron Adventures,Wii,2010.0,Action,Activision,0.14,0.1,0.0,0.02,41.0,15.0,6.5,8.0,Next Level Games,T
4821,FIFA Soccer 13,PC,2012.0,Action,Electronic Arts,0.02,0.31,0.0,0.07,86.0,7.0,6.6,286.0,Electronic Arts,E
3560,NHL Hitz 20-02,PS2,2001.0,Sports,Midway Games,0.28,0.22,0.0,0.07,78.0,18.0,7.6,8.0,Black Box,E
3951,The Mummy Returns,PS2,2001.0,Action,Universal Interactive,0.25,0.19,0.0,0.06,44.0,13.0,7,11.0,Blitz Games,T
49,Super Mario Galaxy,Wii,2007.0,Platform,Nintendo,6.06,3.35,1.2,0.74,97.0,73.0,8.9,2147.0,Nintendo,E
3104,Tiger Woods PGA Tour 09,X360,2008.0,Sports,Electronic Arts,0.35,0.23,0.0,0.07,84.0,41.0,7.8,29.0,EA Tiburon,E
887,Call of Duty: World at War,Wii,2008.0,Shooter,Activision,1.17,0.58,0.0,0.18,83.0,19.0,7.6,78.0,Exakt,M
6043,"Sakura Wars: So Long, My Love",PS2,2005.0,Role-Playing,Sega,0.07,0.05,0.15,0.02,81.0,15.0,7.3,26.0,RED Entertainment,T
16230,Monster Rancher Advance 2,GBA,2002.0,Simulation,Tecmo Koei,0.01,0.0,0.0,0.0,79.0,5.0,9.4,9.0,"Tecmo, Graphic Research",E
8708,Driven,PS2,2001.0,Racing,BAM! Entertainment,0.08,0.06,0.0,0.02,38.0,10.0,3.4,5.0,Bam Entertainment,T
3168,Evolve,XOne,2015.0,Shooter,Take-Two Interactive,0.37,0.2,0.0,0.06,74.0,31.0,5.1,336.0,Turtle Rock Studios,M
2949,Mario Pinball Land,GBA,2004.0,Misc,Nintendo,0.5,0.18,0.0,0.01,62.0,35.0,4.9,11.0,Fuse Games Limited,E
139,Driver,PS,1999.0,Action,GT Interactive,3.11,2.8,0.02,0.33,87.0,22.0,8.1,78.0,Reflections Interactive,T
10570,Conflict: Global Terror,XB,2005.0,Shooter,SCi,0.08,0.02,0.0,0.0,62.0,24.0,7.9,8.0,Pivotal Games,M
3197,The Walking Dead: Survival Instinct,X360,2013.0,Shooter,Activision,0.46,0.11,0.0,0.05,32.0,30.0,4,410.0,Terminal Reality,M
5131,DiRT Rally,PS4,2016.0,Racing,Codemasters,0.04,0.27,0.0,0.05,85.0,46.0,8.1,196.0,Codemasters,E
4559,Dog's Life,PS2,2003.0,Adventure,Sony Computer Entertainment,0.21,0.16,0.0,0.05,64.0,19.0,3.1,157.0,Frontier Developments,T
11442,Tornado Outbreak,X360,2009.0,Action,Konami Digital Entertainment,0.07,0.0,0.0,0.01,62.0,12.0,8,6.0,Loose Cannon Studios,E10+
11254,Astro Boy,PS2,2004.0,Action,Sega,0.04,0.03,0.0,0.01,54.0,29.0,6.9,7.0,Sonic Team,E
12783,Harry Potter and the Sorcerer's Stone,PC,2001.0,Action,Electronic Arts,0.01,0.04,0.0,0.01,65.0,11.0,7.8,76.0,KnowWonder,E
3277,Samurai Warriors 2,PS2,2006.0,Action,Tecmo Koei,0.02,0.02,0.57,0.01,58.0,26.0,8.8,13.0,Omega Force,T
10758,Blue Dragon: Awakened Shadow,DS,2009.0,Role-Playing,Namco Bandai Games,0.06,0.0,0.03,0.0,63.0,27.0,6.6,10.0,Tri-Crescendo,E10+
4068,Steel Diver,3DS,2011.0,Action,Nintendo,0.31,0.09,0.05,0.03,58.0,55.0,6.3,29.0,Nintendo,E10+
4408,Viking: Battle for Asgard,X360,2008.0,Action,Sega,0.16,0.23,0.0,0.05,68.0,67.0,8,88.0,Creative Assembly,M
12122,Fighter Maker 2,PS2,2002.0,Fighting,Enterbrain,0.03,0.03,0.0,0.01,58.0,11.0,7.8,5.0,Enterbrain,T
451,Dragon Ball Z: Budokai,PS2,2002.0,Fighting,Atari,2.17,0.28,0.55,0.08,67.0,28.0,7.9,71.0,Dimps Corporation,T
7262,Deadly Creatures,Wii,2009.0,Action,THQ,0.08,0.12,0.0,0.02,72.0,45.0,8.8,36.0,Rainbow Studios,T
7256,NBA 06,PSP,2005.0,Sports,Sony Computer Entertainment,0.2,0.0,0.0,0.02,72.0,19.0,5.4,8.0,SCEA Sports Studio,E
2763,Tom Clancy's Rainbow Six: Vegas,PSP,2007.0,Shooter,Ubisoft,0.42,0.19,0.0,0.13,60.0,20.0,7.1,31.0,Ubisoft Montreal,T
999,Tom Clancy's Ghost Recon,XB,2002.0,Shooter,Ubisoft,1.23,0.46,0.0,0.07,84.0,29.0,6.1,27.0,Red Storm Entertainment,M
389,Grand Theft Auto 2,PS,1998.0,Action,Take-Two Interactive,1.13,2.07,0.0,0.22,70.0,15.0,8,67.0,DMA Design,T
1476,Corvette,PS2,2004.0,Racing,TDK Mediactive,0.65,0.51,0.0,0.17,57.0,15.0,6.5,21.0,Steel Monkeys,E
2240,Disney Magical World,3DS,2013.0,Adventure,Nintendo,0.17,0.2,0.53,0.03,71.0,27.0,7.5,21.0,h.a.n.d. Inc.,E
16190,Darksiders: Warmastered Edition,XOne,2016.0,Action,Nordic Games,0.01,0.0,0.0,0.0,80.0,13.0,7.9,14.0,Nordic Games Publishing,M
7032,Epic Mickey 2: The Power of Two,WiiU,2012.0,Action,Disney Interactive Studios,0.13,0.07,0.01,0.02,57.0,14.0,5.6,46.0,Junction Point,E
4997,Bratz: Rock Angelz,PS2,2005.0,Misc,THQ,0.19,0.15,0.0,0.05,60.0,7.0,5.1,7.0,Blitz Games,E
2972,NBA Street Vol. 2,XB,2003.0,Sports,Electronic Arts,0.62,0.04,0.0,0.02,89.0,22.0,8.8,24.0,Electronic Arts,E
11578,From Russia With Love,PSP,2006.0,Action,Electronic Arts,0.07,0.0,0.0,0.01,61.0,33.0,6.9,12.0,Rebellion,T
4173,NBA Ballers: Phenom,PS2,2006.0,Sports,Midway Games,0.23,0.18,0.0,0.06,69.0,19.0,8.5,8.0,Midway,E
2535,Valkyrie Profile,PS,1999.0,Role-Playing,Enix Corporation,0.07,0.05,0.63,0.05,81.0,8.0,8.8,37.0,Tri-Ace,T
1907,Star Wars: The Force Unleashed,PSP,2008.0,Action,LucasArts,0.43,0.4,0.0,0.24,70.0,10.0,8.1,49.0,Krome Studios,T
6033,The BIGS 2,Wii,2009.0,Sports,Take-Two Interactive,0.26,0.01,0.0,0.02,68.0,5.0,8.5,6.0,Blue Castle Games,E10+
7619,Marvel: Ultimate Alliance 2,DS,2009.0,Role-Playing,Activision,0.16,0.03,0.0,0.02,65.0,7.0,6.7,9.0,n-Space,E10+
1567,Battle Arena Toshinden,PS,1994.0,Fighting,Sony Computer Entertainment,0.39,0.26,0.53,0.08,69.0,4.0,6.3,4.0,Tamsoft,T
3171,X-Men Legends II: Rise of Apocalypse,PS2,2005.0,Role-Playing,Activision,0.53,0.02,0.0,0.09,82.0,44.0,7.3,41.0,Raven Software,T
2230,Operation Flashpoint: Dragon Rising,X360,2009.0,Shooter,Codemasters,0.36,0.45,0.02,0.1,77.0,47.0,7.8,112.0,Codemasters,M
14623,SimCity,PC,1988.0,Simulation,Maxis,0.0,0.02,0.0,0.01,64.0,75.0,2.2,4572.0,Maxis,E10+
3408,Silent Hill: Shattered Memories,PS2,2010.0,Action,Konami Digital Entertainment,0.13,0.22,0.01,0.23,77.0,8.0,6.8,82.0,Climax Group,M
680,NBA 2K16,XOne,2015.0,Sports,Take-Two Interactive,1.95,0.15,0.0,0.24,86.0,14.0,6.2,115.0,Visual Concepts,E10+
3664,Lips: Number One Hits,X360,2009.0,Misc,Microsoft Game Studios,0.15,0.34,0.0,0.06,70.0,22.0,7.6,7.0,iNiS,T
508,The Elder Scrolls III: Morrowind,XB,2002.0,Role-Playing,Ubisoft,2.09,0.63,0.03,0.11,87.0,34.0,8.7,111.0,Bethesda Softworks,T
166,Mario Kart: Super Circuit,GBA,2001.0,Racing,Nintendo,2.62,1.64,0.99,0.23,93.0,24.0,8.3,108.0,Intelligent Systems,E
9198,7 Days to Die,PS4,2016.0,Action,Telltale Games,0.04,0.08,0.0,0.02,45.0,16.0,5.9,140.0,The Fun Pimps Entertainment LLC,M
7365,Journey,PS3,2012.0,Adventure,Sony Computer Entertainment Europe,0.04,0.13,0.0,0.04,92.0,78.0,8.8,1381.0,ThatGameCompany,E
1914,LEGO Star Wars II: The Original Trilogy,DS,2006.0,Action,LucasArts,0.96,0.03,0.0,0.08,47.0,9.0,5,38.0,Amaze Entertainment,E
7263,Naruto Shippuden: Ultimate Ninja Storm Revolution,X360,2014.0,Fighting,Namco Bandai Games,0.14,0.06,0.0,0.02,62.0,11.0,7.3,44.0,CyberConnect2,T
3854,Gun,XB,2005.0,Shooter,Activision,0.38,0.12,0.0,0.02,79.0,55.0,7.8,29.0,Neversoft Entertainment,M
7361,Quake III: Revolution,PS2,2001.0,Shooter,Electronic Arts,0.1,0.08,0.0,0.03,84.0,18.0,7.2,11.0,Bullfrog Productions,M
1104,NBA Live 2003,PS2,2002.0,Sports,Electronic Arts,1.25,0.15,0.03,0.22,83.0,22.0,8.3,28.0,EA Canada,E
9944,Buffy the Vampire Slayer: Chaos Bleeds,XB,2003.0,Action,Vivendi Games,0.09,0.03,0.0,0.0,73.0,26.0,8.4,14.0,Eurocom Entertainment Software,T
152,Dragon Quest IX: Sentinels of the Starry Skies,DS,2009.0,Role-Playing,Nintendo,0.63,0.67,4.35,0.15,87.0,65.0,8.8,197.0,Level 5,E10+
5679,"Monsters, Inc.",PS2,2002.0,Adventure,Sony Computer Entertainment,0.15,0.12,0.0,0.04,52.0,15.0,7.2,10.0,Artificial Mind and Movement,E
16631,Karnaaj Rally,GBA,2003.0,Racing,Jaleco,0.01,0.0,0.0,0.0,81.0,9.0,9.5,4.0,"Infinite Dreams, Paragon 5",E
3551,True Crime: Streets of LA,GC,2003.0,Action,Activision,0.44,0.11,0.0,0.02,77.0,29.0,7.3,29.0,Exakt,M
3722,Greg Hastings' Tournament Paintball,XB,2004.0,Shooter,Activision,0.46,0.06,0.0,0.02,74.0,11.0,9.2,42.0,WXP,T
4538,Disney Sing It,X360,2008.0,Misc,Disney Interactive Studios,0.39,0.01,0.0,0.03,53.0,10.0,5.2,6.0,Zoe Mode,E
8463,Taz Wanted,PS2,2002.0,Platform,Atari,0.08,0.06,0.0,0.02,65.0,7.0,8.7,9.0,Blitz Games,E
1991,Dance Dance Revolution SuperNOVA,PS2,2006.0,Simulation,Konami Digital Entertainment,0.87,0.03,0.0,0.14,73.0,25.0,8.7,6.0,Konami,E10+
5141,Wanted: Weapons of Fate,X360,2009.0,Shooter,Warner Bros. Interactive Entertainment,0.17,0.15,0.0,0.04,62.0,61.0,7.5,26.0,GRIN,M
10743,Thor: God of Thunder,3DS,2011.0,Action,Sega,0.06,0.03,0.0,0.01,55.0,10.0,4.2,5.0,Red Fly Studio,T
11814,Blood Drive,PS3,2010.0,Racing,Activision,0.07,0.0,0.0,0.01,47.0,11.0,7,5.0,Sidhe Interactive,M
3450,Guitar Hero: Smash Hits,Wii,2009.0,Misc,Activision,0.31,0.21,0.0,0.06,74.0,17.0,7.7,6.0,Beenox,T
205,Tony Hawk's Pro Skater,PS,1999.0,Sports,Activision,3.42,1.38,0.02,0.2,92.0,18.0,9.2,69.0,Neversoft Entertainment,T
2749,Burnout,PS2,2001.0,Racing,Acclaim Entertainment,0.36,0.28,0.0,0.1,79.0,25.0,7.7,33.0,Criterion Games,E
13103,Phantom Crash,XB,2002.0,Simulation,Phantagram,0.03,0.01,0.01,0.0,74.0,23.0,8.3,14.0,Genki,T
3240,Viewtiful Joe,GC,2003.0,Action,Capcom,0.38,0.1,0.12,0.02,93.0,52.0,8.3,115.0,Clover Studio,T
10990,GripShift,PSP,2005.0,Racing,Ubisoft,0.08,0.0,0.0,0.01,70.0,37.0,8.7,22.0,Sidhe Interactive,E
13589,Shantae and the Pirate's Curse,3DS,2015.0,Platform,Rising Star Games,0.01,0.0,0.03,0.0,82.0,18.0,8.5,86.0,WayForward,E10+
3109,Drakengard,PS2,2003.0,Role-Playing,Square Enix,0.19,0.15,0.26,0.05,63.0,55.0,9.1,88.0,Cavia Inc.,M
5934,Sorcery,PS3,2012.0,Action,Sony Computer Entertainment,0.14,0.11,0.0,0.05,70.0,52.0,7.3,57.0,The Workshop,E10+
5634,Ultimate Fighting Championship: Throwdown,PS2,2002.0,Fighting,Ubisoft,0.16,0.12,0.0,0.04,68.0,19.0,8,8.0,Opus,T
3156,Real Heroes: Firefighter,Wii,2009.0,Action,Rondomedia,0.56,0.04,0.0,0.05,67.0,18.0,8.2,10.0,Epicenter Studios,E10+
6534,King of Fighters: Maximum Impact,PS2,2004.0,Fighting,Ignition Entertainment,0.13,0.1,0.0,0.03,64.0,45.0,6.9,12.0,SNK Playmore,T
3832,NBA Live 08,X360,2007.0,Sports,Electronic Arts,0.47,0.0,0.0,0.04,73.0,37.0,5.3,19.0,EA Canada,E
7997,Buffy the Vampire Slayer: Chaos Bleeds,PS2,2003.0,Action,Vivendi Games,0.09,0.07,0.0,0.02,72.0,27.0,8.9,47.0,Eurocom Entertainment Software,T
580,Skate 3,X360,2010.0,Sports,Electronic Arts,1.47,0.93,0.0,0.24,80.0,65.0,8,127.0,EA Black Box,T
6771,Racquet Sports,Wii,2010.0,Sports,Ubisoft,0.13,0.09,0.0,0.02,51.0,8.0,8.6,15.0,Asobo Studio,E
289,Battlefield 1,PS4,2016.0,Shooter,Electronic Arts,1.1,2.15,0.21,0.61,88.0,31.0,8.4,809.0,EA DICE,M
3075,Fist of the North Star: Ken's Rage,PS3,2010.0,Action,Ubisoft Annecy,0.06,0.03,0.55,0.01,60.0,30.0,6.9,29.0,"Koei, Omega Force",M
12372,Arc the Lad: End of Darkness,PS2,2004.0,Role-Playing,Sony Computer Entertainment,0.03,0.02,0.0,0.01,59.0,24.0,4.2,10.0,Cattle Call,T
270,Fallout 4,XOne,2015.0,Role-Playing,Bethesda Softworks,2.51,1.32,0.01,0.38,88.0,39.0,6.2,1749.0,Bethesda Game Studios,M
4570,Colony Wars,PS,1997.0,Simulation,Psygnosis,0.24,0.16,0.0,0.03,91.0,12.0,7.8,12.0,Psygnosis,E
14511,Worms: WMD,PS4,2016.0,Action,Sold Out,0.01,0.02,0.0,0.0,78.0,23.0,7.6,19.0,Team 17,E10+
6696,The Outfit,X360,2006.0,Action,THQ,0.21,0.02,0.0,0.02,70.0,52.0,7.5,48.0,Relic,M
3180,Tony Hawk's Pro Skater 2x,XB,2001.0,Sports,Activision,0.41,0.19,0.0,0.03,78.0,24.0,8.8,5.0,Treyarch,T
1422,Titanfall,X360,2014.0,Shooter,Electronic Arts,0.87,0.34,0.02,0.13,83.0,21.0,5.9,371.0,Bluepoint Games,M
9065,Terminator 3: Rise of the Machines,XB,2003.0,Action,Atari,0.11,0.03,0.0,0.01,35.0,24.0,2,10.0,Black Ops Entertainment,T
11030,Michael Jackson: The Experience,PSV,2011.0,Misc,Ubisoft,0.04,0.03,0.0,0.02,57.0,27.0,5.8,19.0,Ubisoft,E10+
13520,Disney's Donald Duck: Goin' Quackers,GC,2002.0,Platform,Ubisoft,0.03,0.01,0.0,0.0,61.0,7.0,3,4.0,Ubisoft Montreal,E
4557,Medal of Honor: Rising Sun,GC,2003.0,Shooter,Electronic Arts,0.33,0.09,0.0,0.01,68.0,24.0,6.4,13.0,EA LA,T
15655,NHL 09,PC,2008.0,Sports,Electronic Arts,0.0,0.02,0.0,0.0,62.0,6.0,4.1,30.0,EA Canada,E10+
1132,Ape Escape,PS,1999.0,Platform,Sony Computer Entertainment,0.71,0.48,0.32,0.11,90.0,19.0,8.8,53.0,SCEI,E
7423,G.I. Joe: The Rise of Cobra,PS3,2009.0,Action,Electronic Arts,0.11,0.07,0.0,0.03,43.0,32.0,4.8,13.0,Double Helix Games,T
13303,2002 FIFA World Cup,GC,2002.0,Sports,Electronic Arts,0.04,0.01,0.0,0.0,78.0,9.0,7.7,6.0,EA Sports,E
10152,JASF: Jane's Advanced Strike Fighters,PS3,2011.0,Simulation,Deep Silver,0.07,0.03,0.0,0.01,41.0,7.0,3.1,7.0,Trickstar Games,T
9408,WWE Survivor Series,GBA,2004.0,Fighting,THQ,0.09,0.04,0.0,0.0,55.0,12.0,8.2,5.0,Natsume,T
8345,FaceBreaker,PS3,2008.0,Fighting,Electronic Arts,0.13,0.02,0.0,0.02,53.0,37.0,3.8,20.0,EA Canada,T
2161,Sonic Unleashed,X360,2008.0,Platform,Sega,0.54,0.32,0.0,0.09,60.0,50.0,7.8,238.0,Sonic Team,E10+
3008,Star Wars: Republic Commando,XB,2005.0,Shooter,Activision,0.48,0.17,0.0,0.02,78.0,54.0,8.9,89.0,LucasArts,T
1105,LEGO Batman 2: DC Super Heroes,X360,2012.0,Action,Warner Bros. Interactive Entertainment,0.9,0.61,0.0,0.15,79.0,59.0,7.2,114.0,TT Games,E10+
692,Batman: Arkham Origins,PS3,2013.0,Action,Warner Bros. Interactive Entertainment,1.07,0.8,0.04,0.38,76.0,46.0,7.7,668.0,WB Games Montreal,T
4956,Harry Potter: Quidditch World Cup,GBA,2003.0,Sports,Electronic Arts,0.28,0.1,0.0,0.01,53.0,6.0,8.3,9.0,Magic Pockets,E
4369,Mario Golf: Advance Tour,GBA,2004.0,Sports,Nintendo,0.32,0.12,0.0,0.01,84.0,38.0,8.6,14.0,Camelot Software Planning,E
3929,Silent Hill 4: The Room,PS2,2004.0,Action,Konami Digital Entertainment,0.25,0.19,0.0,0.06,76.0,54.0,7.8,191.0,KCET,M
3696,Rayman Origins,PSV,2012.0,Platform,Ubisoft,0.12,0.33,0.0,0.09,88.0,54.0,8.4,298.0,UBlart Montpellier,E10+
7778,Conflict: Denied Ops,X360,2008.0,Shooter,Eidos Interactive,0.08,0.09,0.0,0.02,52.0,35.0,4.9,22.0,Pivotal Games,M
628,NBA 2K13,PS3,2012.0,Sports,Take-Two Interactive,1.73,0.43,0.05,0.27,90.0,26.0,8,99.0,Visual Concepts,E
2451,Darksiders II,PS3,2012.0,Action,THQ,0.35,0.35,0.01,0.14,84.0,39.0,7.1,422.0,Vigil Games,M
3824,GT Pro Series,Wii,2006.0,Racing,Ubisoft,0.46,0.01,0.02,0.04,41.0,15.0,4,21.0,MTO,E
6689,Spider-Man: Web of Shadows,Wii,2008.0,Action,Activision,0.22,0.01,0.0,0.02,63.0,20.0,6.9,13.0,"Treyarch, Shaba Games",T
3318,MySims Racing,DS,2009.0,Racing,Electronic Arts,0.25,0.29,0.0,0.07,67.0,11.0,7.3,4.0,EA Games,E
12423,Bomberman Land,PSP,2007.0,Misc,Hudson Entertainment,0.06,0.0,0.0,0.0,55.0,14.0,7.8,4.0,Racjin,E
7432,Spider-Man: Web of Shadows,PS2,2008.0,Action,Activision,0.1,0.08,0.0,0.03,69.0,4.0,4.1,16.0,"Treyarch, Shaba Games",E10+
2787,Pirates of the Caribbean: At World's End,PS3,2007.0,Action,Disney Interactive Studios,0.17,0.41,0.0,0.15,55.0,24.0,6.9,19.0,Eurocom Entertainment Software,T
1196,Pokemon Mystery Dungeon: Explorers of Sky,DS,2009.0,Role-Playing,Nintendo,0.57,0.43,0.44,0.12,54.0,26.0,9,133.0,ChunSoft,E
1676,F1 2011,PS3,2011.0,Racing,Codemasters,0.12,0.74,0.11,0.24,82.0,36.0,7.1,55.0,Codemasters,E
7618,Tekken 3D: Prime Edition,3DS,2012.0,Fighting,Nintendo,0.06,0.07,0.05,0.01,64.0,42.0,5.9,39.0,Arika,T
14615,Street Jam Basketball,GBA,2004.0,Sports,Zoo Digital Publishing,0.02,0.01,0.0,0.0,35.0,7.0,8,7.0,Prograph,E
2369,Sonic Chronicles: The Dark Brotherhood,DS,2008.0,Role-Playing,Sega,0.5,0.29,0.01,0.08,74.0,55.0,7.3,81.0,BioWare,E
4967,Farming Simulator 2013,X360,2013.0,Simulation,Focus Home Interactive,0.22,0.13,0.0,0.04,33.0,12.0,6.2,30.0,Giants Software,E
8148,EyeToy: Groove,PS2,2003.0,Misc,Sony Computer Entertainment,0.09,0.07,0.0,0.02,73.0,34.0,8,5.0,SCEE,E
3326,Shadow The Hedgehog,PS2,2005.0,Platform,Sega,0.5,0.02,0.0,0.08,45.0,28.0,6,137.0,Sonic Team,E10+
12705,Ivy the Kiwi?,Wii,2010.0,Puzzle,Rising Star Games,0.04,0.02,0.0,0.0,74.0,30.0,7.2,12.0,Prope,E
3583,Bolt,Wii,2008.0,Adventure,Disney Interactive Studios,0.19,0.31,0.0,0.06,50.0,4.0,5.8,5.0,Avalanche Software,E10+
6217,Indiana Jones and the Staff of Kings,PS2,2009.0,Action,Activision,0.11,0.01,0.0,0.16,55.0,4.0,7.5,13.0,LucasArts,T
2468,NCAA Football 14,PS3,2013.0,Sports,Electronic Arts,0.75,0.0,0.0,0.09,77.0,9.0,6.2,40.0,EA Tiburon,E
5973,Need for Speed: Most Wanted,PC,2005.0,Racing,Electronic Arts,0.02,0.23,0.0,0.04,82.0,19.0,8.5,525.0,Black Box,T
11863,Divinity II: Ego Draconis,PC,2009.0,Role-Playing,DTP Entertainment,0.01,0.05,0.0,0.01,72.0,43.0,7.7,125.0,Larian Studios,M
3667,Turok: Evolution,XB,2002.0,Shooter,Acclaim Entertainment,0.39,0.14,0.0,0.02,68.0,25.0,6.7,9.0,Acclaim,M
5158,GoldenEye: Rogue Agent,GC,2004.0,Shooter,Electronic Arts,0.28,0.07,0.0,0.01,60.0,35.0,6.7,14.0,EA LA,T
6976,Jeremy McGrath Supercross World,PS2,2001.0,Racing,Acclaim Entertainment,0.11,0.09,0.0,0.03,35.0,9.0,3.4,16.0,Acclaim,T
3423,Iron Man,Wii,2008.0,Action,Sega,0.3,0.22,0.0,0.06,44.0,14.0,7,8.0,Artificial Mind and Movement,T
8199,NBA Live 16,PS4,2015.0,Sports,Electronic Arts,0.1,0.04,0.0,0.03,59.0,27.0,6.1,70.0,EA Sports,E
2409,Crysis 3,PS3,2013.0,Shooter,Electronic Arts,0.26,0.42,0.03,0.16,77.0,23.0,6.3,288.0,Crytek,M
3212,Crysis 3,PC,2013.0,Shooter,Electronic Arts,0.17,0.39,0.0,0.07,76.0,47.0,6.5,1223.0,Crytek,M
5366,Battalion Wars 2,Wii,2007.0,Strategy,Nintendo,0.22,0.02,0.08,0.02,75.0,38.0,7.6,45.0,Kuju Entertainment,T
2895,SSX,X360,2012.0,Sports,Electronic Arts,0.38,0.26,0.0,0.06,82.0,65.0,6.4,186.0,EA Canada,E
3642,Tony Hawk's Pro Skater 3,XB,2002.0,Sports,Activision,0.34,0.18,0.0,0.02,93.0,22.0,8.4,17.0,Neversoft Entertainment,T
2743,Coded Arms,PSP,2005.0,Shooter,Konami Digital Entertainment,0.28,0.29,0.0,0.17,59.0,42.0,6.5,61.0,Konami,T
12545,Flipnic: Ultimate Pinball,PS2,2003.0,Misc,Ubisoft,0.03,0.02,0.0,0.01,64.0,28.0,8.1,12.0,SCEI,E
10572,Monster Rancher EVO,PS2,2005.0,Role-Playing,Tecmo Koei,0.02,0.02,0.05,0.01,58.0,16.0,6.8,8.0,Tecmo,E10+
14276,Yumi's Odd Odyssey,3DS,2013.0,Platform,Agatsuma Entertainment,0.0,0.0,0.03,0.0,74.0,13.0,7.7,23.0,Studio Saizensen,E
8811,Prince of Persia: The Forgotten Sands,DS,2010.0,Action,Ubisoft,0.14,0.01,0.0,0.01,57.0,7.0,6.3,6.0,Ubisoft Casablanca,E10+
492,Kirby Super Star Ultra,DS,2008.0,Platform,Nintendo,1.55,0.04,1.19,0.15,76.0,40.0,8.8,76.0,HAL Labs,E
13691,Need for Speed: ProStreet,PC,2007.0,Racing,Electronic Arts,0.0,0.04,0.0,0.01,70.0,18.0,5.9,163.0,EA Games,E10+
1116,MySims,Wii,2007.0,Simulation,Electronic Arts,0.9,0.54,0.04,0.17,68.0,38.0,7.2,56.0,EA Redwood Shores,E
1757,Sonic Rush Adventure,DS,2007.0,Platform,Sega,0.53,0.48,0.01,0.12,78.0,32.0,8.2,66.0,Dimps Corporation,E
7557,Harvest Moon: More Friends of Mineral Town,GBA,2003.0,Simulation,Ubisoft,0.14,0.05,0.0,0.0,82.0,8.0,9.2,40.0,TOSE,E
13710,The Sims Deluxe,PC,2002.0,Simulation,Electronic Arts,0.01,0.02,0.0,0.01,92.0,6.0,8.2,77.0,Maxis,T
5241,ESPN: Sports Connection,WiiU,2012.0,Sports,Ubisoft,0.2,0.12,0.0,0.03,31.0,13.0,2.7,18.0,Ubisoft,E
2783,Marvel: Ultimate Alliance 2,PS3,2009.0,Role-Playing,Activision,0.49,0.15,0.0,0.09,74.0,48.0,7.3,51.0,Vicarious Visions,T
12001,Silent Hill: Origins,PS2,2008.0,Action,Konami Digital Entertainment,0.03,0.03,0.0,0.01,70.0,21.0,7.4,59.0,Climax Group,M
13676,Resident Evil 6,PC,2012.0,Shooter,Capcom,0.0,0.04,0.0,0.0,69.0,18.0,5.9,868.0,"Capcom, QLOC",M
2295,Burnout Revenge,PS2,2005.0,Racing,Electronic Arts,0.75,0.03,0.0,0.12,90.0,52.0,8.8,114.0,Criterion Games,E10+
5939,Shaun White Snowboarding: World Stage,Wii,2009.0,Sports,Ubisoft,0.24,0.03,0.0,0.02,72.0,33.0,8.7,30.0,Ubisoft,E
3313,Dragon Ball Z: Buu's Fury,GBA,2004.0,Action,Atari,0.44,0.16,0.0,0.01,62.0,19.0,8.9,39.0,Webfoot Technologies,E
8350,Gallop Racer 2001,PS2,2001.0,Sports,Tecmo Koei,0.05,0.04,0.06,0.01,71.0,11.0,9.1,56.0,Tecmo,E
3483,Skate it,Wii,2008.0,Sports,Electronic Arts,0.5,0.03,0.0,0.04,70.0,37.0,8.4,25.0,Electronic Arts,E
5102,Guitar Hero On Tour: Modern Hits,DS,2009.0,Misc,Activision,0.13,0.2,0.0,0.04,70.0,30.0,6.3,7.0,Activision,E10+
16115,Republique,PS4,2016.0,Action,Nippon Ichi Software,0.0,0.01,0.01,0.0,72.0,35.0,5.8,29.0,"Camouflaj, LLC",M
10601,Mana Khemia: Student Alliance,PSP,2008.0,Role-Playing,Nippon Ichi Software,0.06,0.0,0.03,0.01,41.0,19.0,5.3,37.0,Gust,E10+
7659,Taiko Drum Master,PS2,2004.0,Misc,Namco Bandai Games,0.1,0.08,0.0,0.03,77.0,35.0,8.1,8.0,Namco,E
15779,Combat Flight Simulator 3: Battle for Europe,PC,2002.0,Simulation,Microsoft Game Studios,0.01,0.01,0.0,0.0,69.0,16.0,6.5,22.0,Microsoft Game Studios,E
6683,Need for Speed Rivals,PC,2013.0,Racing,Electronic Arts,0.04,0.19,0.0,0.02,76.0,16.0,3.3,546.0,Ghost Games,E10+
11594,Evolution Worlds,GC,2002.0,Role-Playing,Ubisoft,0.06,0.02,0.0,0.0,63.0,20.0,8,10.0,Sting,E
9171,Ecco the Dolphin: Defender of the Future,PS2,2002.0,Adventure,Sony Computer Entertainment,0.07,0.05,0.0,0.02,71.0,17.0,8.5,11.0,Appaloosa Interactive,E
10847,Glory Days 2,DS,2007.0,Strategy,Ghostlight,0.08,0.0,0.0,0.01,73.0,28.0,7.3,6.0,odenis studio,E10+
10039,FIFA Street 2,GC,2006.0,Sports,Electronic Arts,0.09,0.02,0.0,0.0,63.0,16.0,5.7,7.0,EA Canada,E
14091,Just Dance 2017,XOne,2016.0,Misc,Ubisoft,0.03,0.0,0.0,0.0,75.0,5.0,8,6.0,Ubisoft Paris,E10+
13139,Rave Master,GC,2002.0,Fighting,Konami Digital Entertainment,0.0,0.0,0.05,0.0,60.0,15.0,6.3,4.0,Konami,T
1102,NBA Ballers,PS2,2004.0,Sports,Midway Games,0.81,0.63,0.0,0.21,83.0,44.0,9.2,19.0,Midway,E
3276,NFL Fever 2003,XB,2002.0,Sports,Microsoft Game Studios,0.46,0.13,0.0,0.02,72.0,25.0,8.6,12.0,Microsoft Game Studios,E
13297,LEGO Indiana Jones 2: The Adventure Continues,PC,2009.0,Action,Activision,0.02,0.03,0.0,0.01,66.0,13.0,8,19.0,Traveller's Tales,E10+
8386,Disney Golf,PS2,2002.0,Sports,Electronic Arts,0.07,0.06,0.02,0.02,72.0,10.0,8.3,7.0,T&E Soft,E
11767,In The Groove,PS2,2005.0,Misc,RedOctane,0.04,0.03,0.0,0.01,72.0,14.0,9,13.0,Roxor Games,E
2207,MLB 06: The Show,PS2,2006.0,Sports,Sony Computer Entertainment,0.78,0.03,0.0,0.13,83.0,30.0,8.9,31.0,SCEA San Diego Studios,E
4552,Atelier Totori: The Adventurer of Arland,PS3,2010.0,Role-Playing,Nippon Ichi Software,0.12,0.06,0.21,0.03,74.0,19.0,6.7,109.0,Gust,T
3718,Final Fantasy Explorers,3DS,2014.0,Role-Playing,Square Enix,0.16,0.07,0.28,0.02,69.0,57.0,7,87.0,Racjin,E10+
972,Madden NFL 07,X360,2006.0,Sports,Electronic Arts,1.66,0.0,0.01,0.13,80.0,54.0,6,148.0,EA Tiburon,E
4579,2010 FIFA World Cup South Africa,Wii,2010.0,Sports,Electronic Arts,0.23,0.15,0.01,0.04,70.0,19.0,6.7,11.0,Electronic Arts,E
6155,Syphon Filter: Dark Mirror,PS2,2007.0,Shooter,Sony Computer Entertainment,0.14,0.11,0.0,0.04,70.0,24.0,7.8,12.0,Sony Bend,T
2803,Oddworld: Munch's Oddysee,XB,2001.0,Platform,Atari,0.54,0.16,0.0,0.03,80.0,30.0,8.7,32.0,Oddworld Inhabitants,T
2566,Killzone: Mercenary,PSV,2013.0,Shooter,Sony Computer Entertainment Europe,0.2,0.39,0.04,0.17,78.0,86.0,8.9,513.0,Guerilla Cambridge,M
4025,Sonic Lost World,3DS,2013.0,Platform,Sega,0.24,0.14,0.07,0.03,59.0,34.0,6.5,144.0,Dimps Corporation,E10+
6198,Bionic Commando,X360,2009.0,Platform,Capcom,0.12,0.12,0.01,0.03,70.0,65.0,7.3,87.0,GRIN,M
9889,Jeremy McGrath Supercross World,GC,2002.0,Racing,Acclaim Entertainment,0.09,0.02,0.0,0.0,36.0,14.0,5.6,5.0,Acclaim,E
2792,Tiger Woods PGA Tour 08,PS3,2007.0,Sports,Electronic Arts,0.22,0.37,0.0,0.14,79.0,30.0,6.6,7.0,EA Salt Lake,E
3866,The Sims 2: Open for Business,PC,2006.0,Simulation,Electronic Arts,0.46,0.05,0.0,0.0,78.0,29.0,8.6,35.0,Maxis,T
14860,Baldur's Gate: Dark Alliance,GBA,2004.0,Role-Playing,"Destination Software, Inc",0.02,0.01,0.0,0.0,76.0,17.0,6.5,11.0,Magic Pockets,T
12096,Crazy Taxi 2,DC,2001.0,Racing,Sega,0.0,0.0,0.07,0.0,82.0,18.0,8.1,29.0,Hitmaker,T
1401,Mortal Kombat X,XOne,2015.0,Fighting,Warner Bros. Interactive Entertainment,1.03,0.21,0.0,0.14,86.0,21.0,7.3,279.0,"Warner Bros. Interactive Entertainment, NetherRealm Studios",M
8931,Crash: Twinsanity,XB,2004.0,Platform,Vivendi Games,0.11,0.03,0.0,0.01,66.0,30.0,8.7,29.0,Traveller's Tales,E
7703,Big Mutha Truckers 2,PS2,2005.0,Racing,Xplosiv,0.1,0.07,0.0,0.03,51.0,26.0,2.1,9.0,Eutechnyx,M
4979,NCAA Football 08,PS3,2007.0,Sports,Electronic Arts,0.35,0.0,0.0,0.03,77.0,13.0,7.9,28.0,EA Sports,E
2661,Star Wars Episode II: Attack of the Clones,GBA,2002.0,Action,THQ,0.55,0.2,0.0,0.01,38.0,14.0,5,6.0,David A. Palmer Productions,E
2158,World Championship Poker,PS2,2004.0,Misc,Play It,0.8,0.03,0.0,0.13,60.0,8.0,7.7,11.0,Coresoft,E
8088,"The Chronicles of Narnia: The Lion, The Witch and The Wardrobe",DS,2005.0,Action,Disney Interactive Studios,0.15,0.01,0.0,0.01,65.0,20.0,7.5,4.0,Amaze Entertainment,E10+
10197,Bionicle Heroes,GC,2006.0,Shooter,Eidos Interactive,0.08,0.02,0.0,0.0,51.0,4.0,5.2,5.0,Traveller's Tales,E10+
11788,Agatha Christie: And Then There Were None,Wii,2008.0,Adventure,The Adventure Company,0.06,0.01,0.0,0.01,50.0,23.0,6.2,12.0,AWE Games,T
2100,Fallout 3,PC,2008.0,Role-Playing,Bethesda Softworks,0.02,0.88,0.0,0.08,91.0,48.0,7.9,3450.0,Bethesda Game Studios,M
15117,Here They Lie,PS4,2016.0,Adventure,Sony Computer Entertainment,0.0,0.02,0.0,0.0,62.0,31.0,6.5,36.0,The Tangentlemen,M
6708,Bolt,X360,2008.0,Adventure,Disney Interactive Studios,0.18,0.05,0.0,0.02,57.0,18.0,7.1,7.0,Avalanche Software,E10+
1673,The Sims 2: Castaway,Wii,2007.0,Simulation,Electronic Arts,0.44,0.63,0.0,0.14,73.0,19.0,8.2,10.0,Maxis,T
10293,Hellboy: The Science of Evil,X360,2008.0,Action,Konami Digital Entertainment,0.1,0.0,0.0,0.01,44.0,31.0,5.7,9.0,Krome Studios,T
4213,Two Worlds II,PS3,2011.0,Role-Playing,Unknown,0.26,0.1,0.06,0.05,70.0,28.0,7,65.0,Reality Pump,M
1548,The LEGO Movie Videogame,X360,2014.0,Action,Warner Bros. Interactive Entertainment,0.69,0.47,0.0,0.11,69.0,8.0,7.2,26.0,TT Games,E10+
11796,Rayman 3: Hoodlum Havoc,XB,2003.0,Platform,Ubisoft,0.06,0.02,0.0,0.0,75.0,13.0,7.9,8.0,Ubisoft,E
3220,XCOM: Enemy Unknown,X360,2012.0,Strategy,Take-Two Interactive,0.36,0.21,0.0,0.05,90.0,35.0,8.3,366.0,Firaxis Games,M
7170,Spider-Man: Edge of Time,PS3,2011.0,Action,Activision,0.13,0.07,0.0,0.03,58.0,43.0,7.2,29.0,Beenox,T
7430,Unreal II: The Awakening,XB,2004.0,Shooter,Atari,0.17,0.04,0.0,0.01,64.0,27.0,5.3,20.0,Tantalus Interactive,M
3976,Sega Bass Fishing,Wii,2008.0,Sports,Sega,0.45,0.01,0.0,0.04,59.0,29.0,6.3,9.0,Cavia Inc.,E
8353,MotoGP 09/10,X360,2010.0,Racing,Capcom,0.07,0.09,0.0,0.02,69.0,41.0,5.7,41.0,Monumental Games,E
1772,Call of Duty 4: Modern Warfare,PC,2007.0,Shooter,Activision,0.0,1.12,0.0,0.03,92.0,40.0,8.5,2360.0,Infinity Ward,M
9388,Chessmaster,XB,2004.0,Misc,Ubisoft,0.1,0.03,0.0,0.0,79.0,12.0,9,6.0,Ubisoft,E
10860,Dungeons,PC,2011.0,Strategy,Kalypso Media,0.07,0.02,0.0,0.01,65.0,35.0,4.6,106.0,Realmforge Studios,M
2016,MySims Agents,Wii,2009.0,Adventure,Electronic Arts,0.61,0.32,0.0,0.1,78.0,28.0,8.6,28.0,Electronic Arts,E
2005,LEGO Pirates of the Caribbean: The Video Game,X360,2011.0,Action,Disney Interactive Studios,0.54,0.39,0.0,0.09,73.0,54.0,7,31.0,Traveller's Tales,E10+
3237,Donkey Kong Barrel Blast,Wii,2007.0,Racing,Nintendo,0.19,0.26,0.11,0.06,46.0,34.0,6.8,26.0,Paon Corporation,E
4424,G-Force,Wii,2009.0,Action,Disney Interactive Studios,0.19,0.2,0.0,0.05,69.0,6.0,8,6.0,Eurocom Entertainment Software,E10+
10270,Blazblue: Continuum Shift Extend,PSV,2011.0,Fighting,PQube,0.03,0.05,0.02,0.02,83.0,28.0,7.5,97.0,Arc System Works,T
2257,Wii Play: Motion,Wii,2011.0,Misc,Nintendo,0.23,0.42,0.18,0.09,60.0,34.0,6.1,16.0,Nintendo,E10+
5574,NBA Street V3,XB,2005.0,Sports,Electronic Arts,0.28,0.03,0.0,0.01,89.0,41.0,8.9,10.0,EA Canada,E
9083,PANGYA: Fantasy Golf,PSP,2009.0,Sports,Takara Tomy,0.09,0.0,0.04,0.01,77.0,16.0,7,13.0,Ntreev Soft,E10+
6093,Dragon Ball GT: Transformation,GBA,2005.0,Action,Atari,0.2,0.08,0.0,0.01,69.0,12.0,8.2,26.0,Webfoot Technologies,E10+
1519,LEGO Batman: The Videogame,PS3,2008.0,Action,Warner Bros. Interactive Entertainment,0.72,0.39,0.0,0.19,75.0,24.0,7.7,33.0,Traveller's Tales,E10+
9215,Super Puzzle Fighter II Turbo,PS,1996.0,Puzzle,Virgin Interactive,0.08,0.05,0.0,0.01,83.0,9.0,7.4,5.0,Capcom,E
2587,DmC: Devil May Cry,PS3,2013.0,Action,Capcom,0.24,0.26,0.19,0.1,85.0,40.0,5.3,1471.0,Ninja Theory,M
5621,Frogger's Adventures: The Rescue,PS2,2003.0,Platform,Konami Digital Entertainment,0.16,0.12,0.0,0.04,59.0,12.0,8.5,6.0,Konami,E
14110,Railroad Tycoon 3,PC,2003.0,Strategy,Gathering of Developers,0.0,0.03,0.0,0.0,80.0,19.0,7.7,57.0,PopTop Software,E
5842,Burnout,GC,2002.0,Racing,Acclaim Entertainment,0.23,0.06,0.0,0.01,78.0,18.0,7.9,18.0,Criterion Games,E
5832,Monsters vs. Aliens,PS3,2009.0,Action,Activision,0.21,0.05,0.0,0.04,66.0,18.0,4.5,4.0,Beenox,E10+
4888,NBA Jam,X360,2010.0,Sports,Electronic Arts,0.27,0.09,0.0,0.03,75.0,30.0,7,24.0,EA Canada,E
522,Medal of Honor,PS3,2010.0,Shooter,Electronic Arts,1.28,1.04,0.07,0.42,75.0,56.0,7.5,286.0,"EA DICE, Danger Close",M
3607,Archer Maclean's Mercury,PSP,2005.0,Puzzle,Ignition Entertainment,0.17,0.24,0.0,0.14,75.0,39.0,6.6,21.0,Awesome Studios,E
234,Guitar Hero III: Legends of Rock,Wii,2007.0,Misc,Activision,3.04,1.11,0.0,0.43,86.0,36.0,8.4,87.0,Vicarious Visions,T
13625,Praetorians,PC,2003.0,Strategy,Eidos Interactive,0.0,0.04,0.0,0.0,78.0,23.0,8.2,38.0,Pyro Studios,T
1948,Overwatch,XOne,2016.0,Shooter,Activision,0.63,0.33,0.0,0.1,91.0,18.0,5.6,668.0,Blizzard Entertainment,T
13445,March of the Penguins,DS,2006.0,Adventure,Zoo Digital Publishing,0.04,0.0,0.0,0.0,34.0,8.0,1.7,6.0,SkyRiver Studios,E
2224,Teenage Mutant Ninja Turtles,GBA,2003.0,Action,Unknown,0.67,0.25,0.0,0.02,71.0,16.0,8.8,8.0,Konami,E
15507,Fist of the North Star: Ken's Rage 2,WiiU,2013.0,Fighting,Tecmo Koei,0.0,0.0,0.02,0.0,40.0,4.0,5.8,18.0,Koei,M
9010,Fatal Frame,PS2,2001.0,Action,Wanadoo,0.07,0.06,0.0,0.02,74.0,22.0,8.9,72.0,Tecmo,T
5793,Pro Evolution Soccer 2013,X360,2012.0,Sports,Konami Digital Entertainment,0.08,0.2,0.0,0.03,82.0,33.0,6.9,77.0,Konami,E
15076,Capcom Digital Collection,X360,2012.0,Action,Capcom,0.02,0.01,0.0,0.0,65.0,11.0,5.3,4.0,Capcom,T
5738,WipEout Pulse,PSP,2007.0,Racing,Sony Computer Entertainment,0.13,0.12,0.0,0.06,82.0,40.0,8.6,31.0,Studio Liverpool,E10+
15632,Urban Chaos: Riot Response,XB,2006.0,Shooter,Eidos Interactive,0.01,0.0,0.0,0.0,72.0,34.0,8.6,9.0,Rocksteady Studios,M
9080,NFL Head Coach 09,PS3,2008.0,Sports,Electronic Arts,0.13,0.0,0.0,0.01,64.0,12.0,7.1,12.0,EA Tiburon,E
12736,Constantine,XB,2005.0,Action,SCi,0.04,0.01,0.0,0.0,60.0,31.0,7.1,17.0,Bits Studios,M
3167,Dead or Alive 5,PS3,2012.0,Fighting,Tecmo Koei,0.23,0.14,0.2,0.07,74.0,34.0,7.7,109.0,Team Ninja,M
7161,NCAA Football 2005,GC,2004.0,Sports,Electronic Arts,0.17,0.04,0.0,0.01,88.0,18.0,9,5.0,EA Sports,E
9456,Legendary,PS3,2008.0,Shooter,Atari,0.08,0.03,0.0,0.02,50.0,31.0,7.1,31.0,Spark Unlimited,M
15873,Army Men: Major Malfunction,XB,2006.0,Shooter,Global Star,0.01,0.0,0.0,0.0,36.0,6.0,4,5.0,Team 17,T
6919,X-Men: Destiny,X360,2011.0,Action,Activision,0.18,0.04,0.0,0.02,47.0,51.0,5,72.0,Silicon Knights,T
5590,Overlord II,X360,2009.0,Action,Codemasters,0.15,0.14,0.0,0.03,75.0,60.0,7.2,46.0,Triumph Studios,T
1228,Resident Evil: The Umbrella Chronicles,Wii,2007.0,Action,Capcom,0.67,0.43,0.29,0.14,75.0,47.0,7.6,122.0,Cavia Inc.,M
159,Assassin's Creed II,PS3,2009.0,Action,Ubisoft,2.54,1.93,0.21,0.86,91.0,70.0,8.6,1202.0,Ubisoft Montreal,M
16210,Impossible Creatures,PC,2002.0,Strategy,Microsoft Game Studios,0.0,0.01,0.0,0.0,72.0,30.0,8,39.0,Relic,T
7480,Tony Hawk's Pro Skater 5,PS4,2015.0,Sports,Activision,0.09,0.08,0.0,0.03,32.0,43.0,1.5,427.0,Robomodo,T
1556,NBA 2K9,X360,2008.0,Sports,Take-Two Interactive,1.0,0.16,0.0,0.11,84.0,32.0,7.2,44.0,Visual Concepts,E
436,FIFA Soccer 08,PS2,2007.0,Sports,Electronic Arts,0.68,0.0,0.0,2.46,83.0,12.0,6.5,36.0,EA Canada,E
12070,Football Manager 2010,PC,2009.0,Sports,Sega,0.0,0.06,0.0,0.01,87.0,33.0,9,262.0,Sports Interactive,E
9242,Brothers: A Tale of Two Sons,PS4,2015.0,Adventure,505 Games,0.03,0.08,0.0,0.02,81.0,10.0,8.6,73.0,Starbreeze,T
5686,Dynasty Warriors 4 Empires,PS2,2004.0,Action,Tecmo Koei,0.0,0.0,0.32,0.0,71.0,29.0,8.8,19.0,Omega Force,T
3965,Unit 13,PSV,2012.0,Shooter,Sony Computer Entertainment,0.25,0.13,0.04,0.07,71.0,60.0,7.5,169.0,Zipper Interactive,T
4727,NiGHTS: Journey of Dreams,Wii,2007.0,Platform,Sega,0.32,0.02,0.04,0.03,69.0,47.0,8.5,55.0,"Sega, Sonic Team",E
1238,Fight Night Round 4,PS3,2009.0,Fighting,Electronic Arts,0.92,0.4,0.0,0.2,88.0,46.0,7.6,95.0,EA Canada,T
10534,Blitz: The League II,X360,2008.0,Sports,Midway Games,0.08,0.01,0.0,0.01,68.0,34.0,7.2,13.0,Midway,M
15776,NBA 07,PS2,2006.0,Sports,Sony Computer Entertainment,0.01,0.01,0.0,0.0,63.0,24.0,6.8,5.0,SCEA,E
1497,LEGO Harry Potter: Years 1-4,PS3,2010.0,Action,Warner Bros. Interactive Entertainment,0.55,0.55,0.0,0.21,79.0,42.0,8,52.0,Traveller's Tales,E10+
7547,Need for Speed Carbon: Own the City,DS,2006.0,Racing,Electronic Arts,0.17,0.01,0.0,0.02,70.0,6.0,7.5,15.0,Exient Entertainment,E
5185,Bionic Commando,PS3,2009.0,Platform,Capcom,0.12,0.17,0.01,0.06,71.0,48.0,7.4,62.0,GRIN,M
2130,Skylanders: Spyro's Adventure,X360,2011.0,Action,Activision,0.53,0.34,0.0,0.1,78.0,35.0,5.2,53.0,Toys for Bob,E10+
3655,Shrek 2,XB,2004.0,Platform,Activision,0.4,0.13,0.0,0.02,72.0,31.0,8.4,5.0,"Luxoflux, Inc.",E
3426,Deus Ex: Human Revolution,PC,2011.0,Shooter,Square Enix,0.25,0.25,0.0,0.08,90.0,52.0,8.5,3069.0,Nixxes Software,M
1381,Ridge Racer,PSP,2004.0,Racing,Sony Computer Entertainment,0.36,0.44,0.32,0.27,88.0,58.0,8.2,65.0,Namco,E
7427,World Series of Poker,PSP,2005.0,Misc,Activision,0.19,0.0,0.0,0.02,37.0,6.0,6.4,20.0,Activision,E10+
5037,Virtua Tennis 2009,PS3,2009.0,Sports,Sega,0.09,0.22,0.0,0.06,70.0,34.0,6.3,21.0,Sumo Digital,E
11798,Superman Returns,DS,2006.0,Action,Electronic Arts,0.07,0.0,0.0,0.01,33.0,8.0,4.9,13.0,EA Tiburon,E
3175,LEGO Star Wars II: The Original Trilogy,X360,2006.0,Action,LucasArts,0.55,0.03,0.0,0.05,81.0,50.0,8,45.0,Traveller's Tales,E10+
11390,Shin Megami Tensei: Digital Devil Saga 2,PS2,2005.0,Role-Playing,Ghostlight,0.04,0.03,0.0,0.01,82.0,38.0,7.9,38.0,Atlus Co.,M
2235,Brothers in Arms: Hell's Highway,PS3,2008.0,Shooter,Ubisoft,0.44,0.34,0.0,0.15,76.0,48.0,8,70.0,Gearbox Software,M
12701,Urban Chaos: Riot Response,PS2,2006.0,Shooter,Eidos Interactive,0.03,0.02,0.0,0.01,73.0,35.0,7.8,24.0,Rocksteady Studios,M
15544,Digimon Rumble Arena 2,XB,2004.0,Fighting,Atari,0.01,0.0,0.0,0.0,65.0,8.0,8.8,4.0,Black Ship Games,T
24,Grand Theft Auto: Vice City,PS2,2002.0,Action,Take-Two Interactive,8.41,5.49,0.47,1.78,95.0,62.0,8.7,730.0,Rockstar North,M
3363,LEGO The Hobbit,PS4,2014.0,Action,Warner Bros. Interactive Entertainment,0.13,0.38,0.0,0.09,72.0,47.0,6.6,88.0,TT Games,E10+
1088,Tony Hawk's Pro Skater 3,PS,2001.0,Sports,Activision,1.09,0.49,0.02,0.07,87.0,10.0,8.3,36.0,Shaba Games,E
10886,Family Party: 30 Great Games,Wii,2008.0,Misc,D3Publisher,0.08,0.01,0.0,0.01,42.0,10.0,1,7.0,Tamsoft,E10+
8733,XGIII: Extreme G Racing,GC,2001.0,Racing,Acclaim Entertainment,0.12,0.03,0.0,0.0,83.0,21.0,7.8,14.0,Acclaim,E
11590,Tomb Raider: Underworld,PC,2008.0,Action,Eidos Interactive,0.0,0.06,0.0,0.01,80.0,20.0,7.7,272.0,Nixxes Software,T
2841,X-Men: Mutant Academy 2,PS,2001.0,Fighting,Activision,0.4,0.27,0.0,0.05,72.0,12.0,8.4,18.0,Paradox Development,T
12306,Bionicle,XB,2003.0,Action,Electronic Arts,0.05,0.01,0.0,0.0,49.0,5.0,1.5,4.0,Argonaut Games,E
7470,Tiger Woods PGA Tour,PSP,2005.0,Sports,Electronic Arts,0.19,0.0,0.0,0.02,78.0,25.0,7.4,14.0,EA Canada,E
4152,Unreal Tournament III,X360,2008.0,Shooter,Midway Games,0.25,0.17,0.01,0.05,82.0,47.0,7.6,95.0,Epic Games,M
695,LEGO Star Wars: The Complete Saga,PS3,2007.0,Action,LucasArts,1.02,0.9,0.0,0.36,80.0,18.0,6.7,87.0,Traveller's Tales,E10+
15737,RoboCop,XB,2003.0,Shooter,Titus,0.01,0.0,0.0,0.0,30.0,9.0,3.6,12.0,Titus Software,M
1227,Call of Duty: Black Ops II,PC,2012.0,Shooter,Activision,0.64,0.69,0.0,0.19,74.0,11.0,4.2,1635.0,Treyarch,M
1999,The Simpsons Game,X360,2007.0,Action,Electronic Arts,0.54,0.39,0.0,0.11,71.0,52.0,7.7,71.0,"Electronic Arts, EA Redwood Shores",T
276,Gran Turismo 5 Prologue,PS3,2007.0,Racing,Sony Computer Entertainment,1.28,1.82,0.57,0.52,80.0,67.0,7.1,120.0,Polyphony Digital,E
3637,Batman: Vengeance,PS2,2001.0,Adventure,Ubisoft,0.27,0.21,0.0,0.07,68.0,19.0,6.7,12.0,Ubisoft,T
16477,Myst,PSP,2006.0,Adventure,Midway Games,0.0,0.01,0.0,0.0,69.0,4.0,4.8,5.0,Hoplite Research,E
4117,NHL 16,XOne,2015.0,Sports,Electronic Arts,0.38,0.05,0.0,0.05,80.0,18.0,6,81.0,"EA Sports, EA Canada",E10+
1137,Kinectimals,X360,2010.0,Simulation,Microsoft Game Studios,1.02,0.46,0.0,0.13,74.0,50.0,3.1,69.0,Frontier Developments,E
2767,Red Faction: Guerrilla,PS3,2009.0,Shooter,THQ,0.33,0.27,0.02,0.12,85.0,56.0,8.1,136.0,Volition Inc.,M
14008,Caesar IV,PC,2006.0,Strategy,Vivendi Games,0.0,0.03,0.0,0.01,74.0,32.0,7.6,43.0,Tilted Mill,E10+
9134,Spyro: A Hero's Tail,XB,2004.0,Platform,Vivendi Games,0.11,0.03,0.0,0.01,64.0,17.0,9.1,10.0,Eurocom Entertainment Software,E
16467,TrackMania Turbo,PC,2016.0,Action,Ubisoft,0.0,0.01,0.0,0.0,79.0,13.0,6.8,42.0,Nadeo,E
2384,Kingdoms of Amalur: Reckoning,X360,2012.0,Role-Playing,Electronic Arts,0.55,0.24,0.01,0.07,80.0,71.0,7.7,446.0,Big Huge Games,M
3119,Tiger Woods PGA Tour 10,X360,2009.0,Sports,Electronic Arts,0.39,0.2,0.0,0.06,80.0,51.0,6.9,20.0,EA Tiburon,E
15822,Digimon Rumble Arena,PS,2001.0,Fighting,Namco Bandai Games,0.01,0.01,0.0,0.0,64.0,5.0,8.8,71.0,Bandai,E
2819,Harvest Moon DS: Island of Happiness,DS,2007.0,Simulation,Rising Star Games,0.43,0.01,0.25,0.04,65.0,15.0,7,22.0,TOSE,E
12853,Izuna 2: The Unemployed Ninja Returns,DS,2007.0,Role-Playing,Success,0.05,0.0,0.0,0.0,65.0,18.0,7.9,13.0,Ninja Studio,T
15582,Mighty No. 9,XOne,2016.0,Platform,Deep Silver,0.02,0.0,0.0,0.0,55.0,13.0,4.2,94.0,Inti Creates,E10+
12369,Mirror's Edge Catalyst,PC,2016.0,Platform,Electronic Arts,0.01,0.05,0.0,0.0,74.0,24.0,4.4,606.0,EA DICE,T
3802,The Lord of the Rings: The Two Towers,GC,2002.0,Action,Electronic Arts,0.41,0.11,0.0,0.01,82.0,13.0,8.7,23.0,Stormfront Studios,T
3825,Tiger Woods PGA Tour 11,X360,2010.0,Sports,Electronic Arts,0.28,0.19,0.0,0.05,79.0,51.0,7.8,19.0,EA Sports,E
14828,Warship Gunner 2,PS2,2006.0,Simulation,Tecmo Koei,0.01,0.01,0.0,0.0,62.0,13.0,8.5,11.0,Micro Cabin,T
6963,Harry Potter and the Goblet of Fire,DS,2005.0,Action,Electronic Arts,0.2,0.01,0.0,0.02,68.0,15.0,6,6.0,Magic Pockets,E
10859,Speed Kings,PS2,2003.0,Racing,Acclaim Entertainment,0.05,0.04,0.0,0.01,61.0,13.0,7.8,6.0,Climax Group,E
557,Call of Duty 3,X360,2006.0,Shooter,Activision,1.49,0.92,0.02,0.27,82.0,71.0,6.5,233.0,Treyarch,T
6538,Battleborn,PS4,2016.0,Shooter,Take-Two Interactive,0.12,0.08,0.02,0.04,68.0,55.0,6.8,402.0,Gearbox Software,T
10485,G1 Jockey 3,PS2,2002.0,Sports,THQ,0.02,0.01,0.07,0.0,71.0,12.0,9,10.0,Koei/Inis,E
3211,NHL 2001,PS,2000.0,Sports,Electronic Arts,0.35,0.24,0.0,0.04,88.0,10.0,7.7,7.0,Page 44 Studios,E
3630,Guitar Hero Live,XOne,2015.0,Misc,Activision,0.3,0.2,0.0,0.05,81.0,21.0,5.1,69.0,FreeStyleGames,T
3162,Dragon Ball: Raging Blast 2,X360,2010.0,Fighting,Namco Bandai Games,0.49,0.09,0.01,0.05,57.0,33.0,7.4,30.0,Spike,T
15349,The Lord of the Rings: The Battle for Middle-Earth II,PC,2006.0,Strategy,Electronic Arts,0.01,0.01,0.0,0.0,84.0,36.0,7.5,366.0,EA LA,T
10101,Murakumo: Renegade Mech Pursuit,XB,2002.0,Shooter,From Software,0.04,0.01,0.06,0.0,48.0,18.0,7.5,4.0,From Software,T
13227,Furu Furu Park,Wii,2007.0,Misc,Taito,0.05,0.0,0.0,0.0,43.0,16.0,4.8,5.0,"Taito Corporation, 505 Games",E10+
8848,Fantastic Four: Rise of the Silver Surfer,PS3,2007.0,Action,Take-Two Interactive,0.12,0.02,0.0,0.02,47.0,26.0,6.2,10.0,Visual Concepts,T
2567,Pro Evolution Soccer 2010,PSP,2009.0,Sports,Konami Digital Entertainment,0.09,0.33,0.2,0.18,72.0,9.0,4.6,5.0,Konami,E
9190,Virtua Tennis 4,Wii,2011.0,Sports,Sega,0.05,0.08,0.0,0.01,65.0,15.0,7.5,4.0,Sega,E
12452,From The Abyss,DS,2008.0,Role-Playing,Nobilis,0.06,0.0,0.0,0.0,59.0,9.0,8,5.0,Sonic Powered,E
2834,Tiger Woods PGA Tour 07,PS2,2006.0,Sports,Electronic Arts,0.6,0.02,0.0,0.1,79.0,33.0,6,8.0,EA Redwood Shores,E
11927,Monster Racers,DS,2009.0,Racing,Tecmo Koei,0.05,0.0,0.02,0.0,70.0,5.0,9,5.0,Koei,E
9429,MLB Power Pros 2008,Wii,2008.0,Sports,Konami Digital Entertainment,0.11,0.0,0.01,0.01,79.0,16.0,8.7,21.0,Konami,E
2151,The Witcher 2: Assassins of Kings,PC,2011.0,Action,Namco Bandai Games,0.25,0.56,0.0,0.14,88.0,76.0,8.5,4378.0,CD Projekt Red Studio,M
13359,Virtua Tennis 3,PSP,2007.0,Sports,Sega,0.02,0.02,0.0,0.01,79.0,17.0,7.7,13.0,Sumo Digital,E
3835,Sesame Street: Once Upon A Monster,X360,2011.0,Misc,Warner Bros. Interactive Entertainment,0.39,0.09,0.0,0.04,79.0,26.0,6.9,22.0,Double Fine Productions,E
3170,Lost Planet: Extreme Condition,PS3,2008.0,Shooter,Capcom,0.31,0.17,0.07,0.08,67.0,34.0,7,36.0,Capcom,T
1627,Hyrule Warriors,WiiU,2014.0,Action,Nintendo,0.58,0.42,0.13,0.1,76.0,81.0,8.3,662.0,Omega Force,T
358,Star Wars: Battlefront II,PS2,2005.0,Shooter,LucasArts,2.18,1.02,0.03,0.37,84.0,30.0,9,268.0,Pandemic Studios,T
138,World of Warcraft,PC,2004.0,Role-Playing,Activision,0.08,6.21,0.0,0.0,93.0,57.0,7.3,2182.0,Blizzard Entertainment,T
8491,Kya: Dark Lineage,PS2,2003.0,Adventure,Atari,0.08,0.06,0.0,0.02,69.0,25.0,8.9,28.0,Eden Studios,T
1439,Gears of War 4,XOne,2016.0,Shooter,Microsoft Game Studios,0.78,0.44,0.0,0.12,84.0,96.0,6.2,815.0,The Coalition,M
9569,Dokapon Kingdom,Wii,2008.0,Role-Playing,Sting,0.12,0.0,0.0,0.01,73.0,11.0,8.3,17.0,Sting,E10+
946,Phineas and Ferb,DS,2009.0,Action,Disney Interactive Studios,1.32,0.37,0.0,0.15,80.0,4.0,4.5,8.0,Altron,E
5498,Clock Tower 3,PS2,2002.0,Adventure,Capcom,0.1,0.08,0.12,0.03,69.0,28.0,7.6,38.0,SunSoft,M
1932,Naruto: Ultimate Ninja Storm,PS3,2008.0,Fighting,Namco Bandai Games,0.49,0.34,0.09,0.15,75.0,32.0,8.6,95.0,CyberConnect2,T
2352,NCAA Football 13,PS3,2012.0,Action,Electronic Arts,0.82,0.0,0.0,0.07,79.0,9.0,4.1,34.0,EA Tiburon,E
3236,LEGO Pirates of the Caribbean: The Video Game,3DS,2011.0,Action,Disney Interactive Studios,0.29,0.27,0.0,0.06,71.0,16.0,7.3,20.0,Traveller's Tales,E10+
3807,Star Fox Command,DS,2006.0,Shooter,Nintendo,0.38,0.01,0.1,0.04,76.0,56.0,7.3,56.0,Q-Games,E10+
15778,Rogue Trooper,XB,2006.0,Shooter,Eidos Interactive,0.01,0.0,0.0,0.0,71.0,37.0,8.5,11.0,Rebellion,T
15270,Grey's Anatomy: The Video Game,PC,2009.0,Adventure,Ubisoft,0.0,0.02,0.0,0.0,36.0,4.0,3.9,20.0,Longtail Studios,T
4154,Victorious Boxers: Ippo's Road to Glory,PS2,2000.0,Fighting,Empire Interactive,0.05,0.04,0.38,0.01,75.0,15.0,8,10.0,New,T
8988,Grabbed by the Ghoulies,XB,2003.0,Action,Microsoft Game Studios,0.11,0.03,0.0,0.01,66.0,42.0,7.3,28.0,Rare Ltd.,E
2416,Guitar Hero Live,PS4,2015.0,Misc,Activision,0.34,0.38,0.0,0.14,80.0,69.0,6.2,160.0,FreeStyleGames,T
785,NBA 2K14,PS3,2013.0,Sports,Take-Two Interactive,1.44,0.31,0.04,0.32,84.0,26.0,4.9,142.0,Visual Concepts,E
6789,Ys: Memories of Celceta,PSV,2012.0,Action,Nihon Falcom Corporation,0.1,0.01,0.1,0.04,82.0,56.0,8.8,237.0,Falcom,T
8036,Atelier Shallie: Alchemists of the Dusk Sea,PS3,2014.0,Role-Playing,Tecmo Koei,0.06,0.02,0.08,0.02,76.0,26.0,7.7,44.0,Gust,E10+
8315,Mercury Meltdown Revolution,Wii,2007.0,Action,Ignition Entertainment,0.16,0.0,0.0,0.01,77.0,41.0,7.4,16.0,Ignition Entertainment,E
2172,Kessen,PS2,2000.0,Strategy,Electronic Arts,0.27,0.21,0.41,0.07,75.0,20.0,8.4,12.0,Koei,T
4009,Picross 3D,DS,2009.0,Puzzle,Nintendo,0.28,0.03,0.16,0.02,83.0,35.0,8.4,33.0,HAL Labs,E
4340,Pirates of the Caribbean: At World's End,Wii,2007.0,Action,Disney Interactive Studios,0.39,0.02,0.01,0.04,53.0,17.0,7.2,17.0,Eurocom Entertainment Software,T
6268,GRID 2,X360,2013.0,Racing,Codemasters,0.08,0.16,0.0,0.03,78.0,51.0,5.8,156.0,Codemasters,E
7597,Monster Jam,X360,2007.0,Racing,Activision,0.18,0.0,0.0,0.02,43.0,9.0,6.4,5.0,Torus Games,E
6218,Angry Birds Star Wars,X360,2013.0,Strategy,Activision,0.16,0.1,0.0,0.02,59.0,3.0,5.6,25.0,Exient Entertainment,E
442,Sonic Rush,DS,2005.0,Platform,Sega,1.21,1.56,0.06,0.29,82.0,43.0,8.5,101.0,"Dimps Corporation, Sonic Team",E
3415,Mega Man Anniversary Collection,PS2,2004.0,Platform,Capcom,0.29,0.22,0.0,0.08,81.0,26.0,9,20.0,Atomic Planet Entertainment,E
15000,ZooCube,GC,2002.0,Puzzle,Acclaim Entertainment,0.02,0.0,0.0,0.0,67.0,15.0,6.1,7.0,PuzzleKings,E
5744,Fuel,X360,2009.0,Racing,Codemasters,0.09,0.18,0.0,0.04,66.0,45.0,7,45.0,Asobo Studio,E
1054,NCAA Football 07,PS2,2006.0,Sports,Electronic Arts,1.41,0.05,0.0,0.23,87.0,18.0,8.6,23.0,EA Sports,E
3699,Enslaved: Odyssey to the West,X360,2010.0,Action,Namco Bandai Games,0.3,0.19,0.0,0.05,82.0,72.0,7.8,295.0,Ninja Theory,T
11951,Operation Darkness,X360,2007.0,Role-Playing,Success,0.07,0.0,0.0,0.01,46.0,22.0,7,21.0,Success,M
1829,Worldwide Soccer Manager 2008,PC,2007.0,Sports,Russel,0.0,1.12,0.0,0.0,86.0,15.0,8,19.0,Sports Interactive,E
16355,Deus Ex,PC,2000.0,Role-Playing,Eidos Interactive,0.0,0.01,0.0,0.0,90.0,28.0,9.3,1069.0,Ion Storm,M
15591,Elven Legacy,PC,2009.0,Strategy,Paradox Interactive,0.02,0.0,0.0,0.0,71.0,27.0,7.1,38.0,1C:Ino-Co,T
14901,The Peanuts Movie: Snoopy's Grand Adventure,PS4,2015.0,Action,Activision,0.0,0.02,0.0,0.0,59.0,4.0,6.6,19.0,"Activision, Behaviour Interactive",E
913,Monopoly,Wii,2008.0,Misc,Electronic Arts,0.86,0.83,0.0,0.2,70.0,11.0,7.8,17.0,Electronic Arts,E
2606,FIFA Soccer 2004,XB,2003.0,Sports,Electronic Arts,0.24,0.49,0.0,0.05,82.0,20.0,8.2,23.0,EA Canada,E
6,New Super Mario Bros.,DS,2006.0,Platform,Nintendo,11.28,9.14,6.5,2.88,89.0,65.0,8.5,431.0,Nintendo,E
6583,Secret Weapons Over Normandy,XB,2003.0,Simulation,LucasArts,0.19,0.05,0.0,0.01,77.0,31.0,8.8,4.0,Totally Games,T
3361,Okami,Wii,2008.0,Action,Capcom,0.43,0.09,0.04,0.05,90.0,44.0,8.9,236.0,Ready at Dawn,T
10135,Pimp My Ride,Wii,2008.0,Racing,Activision,0.1,0.0,0.0,0.01,26.0,4.0,3.8,8.0,Eutechnyx,T
1635,Tales of Xillia,PS3,2011.0,Role-Playing,Namco Bandai Games,0.29,0.18,0.67,0.09,78.0,65.0,8.2,468.0,Bandai Namco Games,T
3134,The LEGO Movie Videogame,WiiU,2014.0,Action,Warner Bros. Interactive Entertainment,0.33,0.23,0.03,0.05,68.0,5.0,7.7,25.0,TT Games,E10+
6990,DiRT Showdown,X360,2012.0,Racing,Codemasters,0.08,0.13,0.0,0.02,75.0,53.0,6.4,53.0,Codemasters,E10+
3243,Guitar Hero: Metallica,PS3,2009.0,Misc,Activision,0.28,0.24,0.0,0.1,86.0,44.0,8,48.0,Neversoft Entertainment,T
2242,NCAA Football 11,X360,2010.0,Sports,Electronic Arts,0.86,0.0,0.0,0.06,86.0,29.0,7.1,70.0,EA Tiburon,E
1474,Metroid Prime 2: Echoes,GC,2004.0,Shooter,Nintendo,0.87,0.35,0.07,0.04,92.0,60.0,8.8,279.0,Retro Studios,T
3259,DJ Hero 2,Wii,2010.0,Misc,Activision,0.48,0.09,0.0,0.04,88.0,20.0,7.5,17.0,FreeStyleGames,T
11897,TMNT: Mutant Melee,GC,2005.0,Fighting,Konami Digital Entertainment,0.06,0.01,0.0,0.0,44.0,16.0,2.8,4.0,Konami Computer Entertainment Hawaii,T
4020,Tony Hawk's Project 8,X360,2006.0,Sports,Activision,0.44,0.02,0.0,0.04,81.0,65.0,7.6,38.0,Neversoft Entertainment,T
1819,Supercar Street Challenge,PS2,2001.0,Racing,Activision,0.55,0.43,0.0,0.14,57.0,15.0,7.6,9.0,Exakt,E
13431,Company of Heroes,PC,2006.0,Strategy,THQ,0.0,0.04,0.0,0.01,93.0,55.0,8.8,1128.0,Relic,M
13988,Castlevania: Lords of Shadow 2,PC,2014.0,Action,Konami Digital Entertainment,0.01,0.03,0.0,0.0,58.0,16.0,7.7,498.0,Mercury Steam,M
7064,Alundra,PS,1997.0,Role-Playing,Psygnosis,0.13,0.09,0.0,0.01,86.0,9.0,9,41.0,Matrix Software,T
4318,Burnout Dominator,PSP,2007.0,Racing,Electronic Arts,0.02,0.38,0.01,0.05,76.0,23.0,8.2,27.0,Criterion Games,E10+
9428,Dengeki Bunko Fighting Climax,PSV,2014.0,Fighting,Sega,0.04,0.0,0.08,0.01,75.0,7.0,8.5,28.0,Sega,T
2282,SSX,PS3,2012.0,Sports,Electronic Arts,0.35,0.41,0.02,0.14,81.0,38.0,6.8,110.0,EA Canada,E
14923,Air Conflicts: Secret Wars,PC,2011.0,Simulation,bitComposer Games,0.0,0.02,0.0,0.01,65.0,5.0,6.4,24.0,Games Farm,T
12285,RPG Maker 3,PS2,2004.0,Role-Playing,Enterbrain,0.03,0.02,0.0,0.01,69.0,16.0,7.9,14.0,Runtime,E10+
4008,Ridge Racer 3D,3DS,2011.0,Racing,Namco Bandai Games,0.19,0.15,0.12,0.03,75.0,59.0,7.2,56.0,Namco Bandai Games,E
386,Borderlands,X360,2009.0,Shooter,Take-Two Interactive,2.4,0.71,0.03,0.29,84.0,83.0,8.2,715.0,Gearbox Software,M
11777,Magic Pengel: The Quest for Color,PS2,2002.0,Role-Playing,Taito,0.04,0.03,0.0,0.01,74.0,24.0,7.5,12.0,Taito Corporation,E
7718,The King of Fighters XI,PS2,2006.0,Fighting,Ignition Entertainment,0.07,0.06,0.04,0.02,75.0,30.0,8.5,15.0,SNK Playmore,T
2497,Sid Meier's Civilization Revolution,X360,2008.0,Strategy,Take-Two Interactive,0.58,0.17,0.0,0.07,84.0,55.0,7.8,171.0,Firaxis Games,E10+
3868,Harry Potter and the Prisoner of Azkaban,GBA,2004.0,Action,Electronic Arts,0.37,0.14,0.0,0.01,69.0,11.0,8.1,12.0,Griptonite Games,E
12198,Dragon Ball Z: Battle of Z,X360,2014.0,Fighting,Namco Bandai Games,0.01,0.05,0.0,0.0,53.0,17.0,5.1,44.0,Artdink,T
7922,Conflict: Denied Ops,PS3,2008.0,Shooter,Eidos Interactive,0.05,0.1,0.0,0.03,51.0,28.0,3.1,25.0,Pivotal Games,M
10651,nail'd,X360,2010.0,Racing,Deep Silver,0.08,0.02,0.0,0.01,64.0,49.0,7.1,16.0,Techland,E10+
1774,Tak and the Power of Juju,PS2,2003.0,Platform,THQ,0.56,0.44,0.0,0.15,68.0,28.0,9,28.0,Avalanche Software,E
13484,Bad Boys: Miami Takedown,GC,2004.0,Shooter,Empire Interactive,0.03,0.01,0.0,0.0,35.0,11.0,2,9.0,Blitz Games,M
989,LEGO Star Wars III: The Clone Wars,Wii,2011.0,Action,LucasArts,1.01,0.6,0.0,0.15,76.0,7.0,7.7,10.0,Traveller's Tales,E10+
14282,EverBlue 2,PS2,2002.0,Adventure,Capcom,0.02,0.01,0.0,0.0,59.0,21.0,7.5,4.0,Arika,E
6574,Formula One 2001,PS2,2001.0,Racing,Sony Computer Entertainment,0.13,0.1,0.0,0.03,73.0,18.0,6,5.0,Studio Liverpool,E
6246,Ice Age: Dawn of the Dinosaurs,Wii,2009.0,Action,Activision,0.11,0.14,0.0,0.03,75.0,12.0,8.3,6.0,Activision,E10+
6048,Angry Birds Star Wars,PS3,2013.0,Strategy,Activision,0.1,0.14,0.0,0.05,49.0,6.0,3.6,23.0,Exient Entertainment,E
3311,Harry Potter and the Goblet of Fire,GBA,2005.0,Action,Electronic Arts,0.44,0.16,0.0,0.01,71.0,9.0,6,8.0,Magic Pockets,E
11196,Jimmy Neutron: Boy Genius,GC,2002.0,Platform,THQ,0.07,0.02,0.0,0.0,42.0,4.0,5.1,7.0,Big Sky Software,E
12871,Rebelstar: Tactical Command,GBA,2005.0,Strategy,Atari,0.04,0.01,0.0,0.0,78.0,29.0,9.1,10.0,Codo Games,E10+
11595,Far Cry Vengeance,Wii,2006.0,Shooter,Ubisoft,0.06,0.01,0.0,0.01,38.0,23.0,5.3,53.0,Ubisoft Montreal,M
11883,Alvin and the Chipmunks,PS2,2007.0,Misc,Brash Entertainment,0.04,0.03,0.0,0.01,33.0,5.0,4.5,6.0,Sensory Sweep,E
10366,Mace Griffin: Bounty Hunter,XB,2003.0,Shooter,Electronic Arts,0.08,0.02,0.0,0.0,64.0,27.0,8.2,11.0,Warthog,M
1356,Dead Space 2,PS3,2011.0,Shooter,Electronic Arts,0.73,0.48,0.0,0.21,89.0,78.0,8.4,535.0,Visceral Games,M
5002,Metal Gear Solid: Snake Eater 3D,3DS,2012.0,Action,Konami Digital Entertainment,0.15,0.11,0.1,0.02,78.0,46.0,7.8,167.0,Kojima Productions,M
5823,Ultimate Spider-Man,GBA,2005.0,Action,Activision,0.22,0.08,0.0,0.01,62.0,4.0,7.3,12.0,Vicarious Visions,E10+
16263,htoL#NiQ: The Firefly Diary,PSV,2014.0,Platform,Nippon Ichi Software,0.0,0.0,0.01,0.0,58.0,16.0,7.7,23.0,Nippon Ichi Software,T
3112,Champions: Return to Arms,PS2,2005.0,Role-Playing,Sony Online Entertainment,0.32,0.25,0.0,0.08,77.0,48.0,8.8,43.0,Snowblind Studios,T
855,TouchMaster,DS,2007.0,Puzzle,Midway Games,0.48,1.27,0.0,0.24,71.0,19.0,5.7,9.0,Midway Studios - San Diego,E10+
10621,Resident Evil: Revelations 2,XOne,2015.0,Action,Capcom,0.07,0.02,0.0,0.01,75.0,22.0,7.5,106.0,Capcom,M
5482,MLB 09: The Show,PS2,2009.0,Sports,Sony Computer Entertainment,0.16,0.13,0.0,0.04,79.0,7.0,7.5,12.0,SCEA San Diego Studios,E
4697,Green Day: Rock Band,PS3,2010.0,Misc,MTV Games,0.19,0.15,0.0,0.06,76.0,41.0,6.3,24.0,"Harmonix Music Systems, Demiurge Studios",T
4987,Viking: Battle for Asgard,PS3,2008.0,Action,Sega,0.14,0.17,0.0,0.07,65.0,38.0,7.4,32.0,Creative Assembly,M
4650,The Suffering,PS2,2004.0,Action,Midway Games,0.2,0.16,0.0,0.05,77.0,47.0,8.9,40.0,Surreal Software,M
1159,ESPN NBA 2K5,PS2,2004.0,Sports,Global Star,1.26,0.12,0.0,0.21,83.0,24.0,7.5,36.0,Visual Concepts,E
1325,NBA 2K14,PS4,2013.0,Sports,Take-Two Interactive,0.89,0.31,0.01,0.23,85.0,20.0,6.5,368.0,Visual Concepts,E
6796,Samurai Warriors 4,PS4,2014.0,Action,Tecmo Koei,0.08,0.07,0.06,0.03,76.0,31.0,8.1,74.0,Omega Force,T
5808,TRON: Evolution,X360,2010.0,Action,Disney Interactive Studios,0.24,0.05,0.0,0.02,58.0,51.0,6,41.0,Propaganda Games,T
6892,Rocket League,XOne,2016.0,Sports,505 Games,0.05,0.17,0.0,0.02,87.0,22.0,8.3,194.0,Psyonix,E
1455,Tom Clancy's Rainbow Six: Siege,XOne,2015.0,Shooter,Ubisoft,0.77,0.45,0.0,0.12,74.0,24.0,6.9,252.0,Ubisoft Montreal,M
10332,BlazBlue: Continuum Shift II,3DS,2011.0,Fighting,PQube,0.05,0.01,0.04,0.01,64.0,14.0,6.1,19.0,Arc System Works,T
7616,The Legend of Heroes: Trails of Cold Steel,PS3,2013.0,Role-Playing,Nippon Ichi Software,0.05,0.02,0.12,0.01,86.0,12.0,7.7,128.0,Falcom,T
4378,Major League Baseball 2K6,PS2,2006.0,Sports,Spike,0.37,0.01,0.0,0.06,70.0,19.0,5.2,27.0,Kush Games,E
3736,The Hobbit,PS2,2003.0,Platform,Vivendi Games,0.26,0.2,0.0,0.07,59.0,17.0,8.6,14.0,Inevitable Entertainment,E
7429,Deus Ex: The Conspiracy,PS2,2002.0,Action,Eidos Interactive,0.1,0.08,0.0,0.03,81.0,25.0,8.9,49.0,Ion Storm,M
4005,Alice: Madness Returns,X360,2011.0,Adventure,Electronic Arts,0.27,0.14,0.04,0.04,70.0,67.0,8.1,157.0,Spicy Horse,M
2394,Tony Hawk's Project 8,PS2,2006.0,Sports,Activision,0.72,0.03,0.0,0.12,69.0,17.0,7.3,19.0,Shaba Games,T
1185,Mario Party 7,GC,2005.0,Misc,Nintendo,0.95,0.11,0.46,0.04,64.0,25.0,7.9,53.0,Hudson,E
2007,Super Princess Peach,DS,2005.0,Platform,Nintendo,0.7,0.05,0.21,0.07,75.0,48.0,7.6,33.0,TOSE,E
193,Medal of Honor: Rising Sun,PS2,2003.0,Shooter,Electronic Arts,1.98,2.23,0.13,0.8,68.0,30.0,7.6,100.0,EA LA,T
8770,Darksiders II,WiiU,2012.0,Action,THQ,0.07,0.07,0.0,0.01,85.0,36.0,8.2,153.0,Vigil Games,M
5525,Danganronpa: Trigger Happy Havoc,PSV,2013.0,Misc,Nippon Ichi Software,0.09,0.05,0.15,0.04,80.0,55.0,8.1,235.0,Spike Chunsoft,M
1478,Skylanders SWAP Force,X360,2013.0,Platform,Activision,0.86,0.34,0.0,0.12,83.0,37.0,5.7,45.0,Vicarious Visions,E10+
1846,Pikmin 3,WiiU,2013.0,Strategy,Nintendo,0.44,0.32,0.29,0.07,87.0,79.0,8.7,664.0,Nintendo,E10+
12419,Showtime Championship Boxing,Wii,2007.0,Fighting,Zoo Digital Publishing,0.06,0.0,0.0,0.0,35.0,7.0,4.7,10.0,Nikitova Games,E10+
12466,LEGO Batman: The Videogame,PC,2008.0,Action,Warner Bros. Interactive Entertainment,0.02,0.03,0.0,0.01,80.0,15.0,7.8,61.0,Traveller's Tales,E10+
3740,The Incredible Hulk: Ultimate Destruction,PS2,2005.0,Action,Vivendi Games,0.26,0.2,0.0,0.07,83.0,41.0,8.7,38.0,Radical Entertainment,T
15224,RedCard 20-03,GC,2002.0,Sports,Midway Games,0.02,0.0,0.0,0.0,71.0,11.0,7.4,5.0,Point of View,E
16320,Spider-Man: Friend or Foe,PC,2007.0,Action,Activision,0.01,0.0,0.0,0.0,57.0,9.0,5.3,11.0,Beenox,E10+
10265,Real World Golf,PS2,2005.0,Sports,Valcon Games,0.05,0.04,0.0,0.01,73.0,11.0,6.3,4.0,"Aqua Pacific, In2Games",E
6317,WWE Road to WrestleMania X8,GBA,2002.0,Fighting,THQ,0.19,0.07,0.0,0.0,73.0,10.0,7.5,6.0,Natsume,E
6581,Polarium,DS,2004.0,Puzzle,Nintendo,0.13,0.01,0.11,0.01,73.0,34.0,8.4,17.0,Mitchell,E
1447,Devil May Cry 4,X360,2008.0,Action,Capcom,0.79,0.34,0.08,0.13,84.0,61.0,8,248.0,Capcom,M
7468,NHL 2003,XB,2002.0,Sports,Electronic Arts,0.15,0.04,0.0,0.01,80.0,12.0,7.9,12.0,EA Sports,E
727,Borderlands 2,PS3,2012.0,Shooter,Take-Two Interactive,1.05,0.72,0.1,0.35,91.0,25.0,8.2,858.0,Gearbox Software,M
4577,Zone of the Enders HD Collection,PS3,2012.0,Simulation,Konami Digital Entertainment,0.21,0.07,0.09,0.05,73.0,27.0,8,42.0,High Voltage Software,M
13819,Imperial Glory,PC,2005.0,Strategy,Eidos Interactive,0.0,0.04,0.0,0.0,69.0,28.0,8.4,73.0,Pyro Studios,T
7156,Risen 2: Dark Waters,PC,2012.0,Role-Playing,Deep Silver,0.0,0.19,0.0,0.03,69.0,51.0,5.6,751.0,Piranha Bytes,M
7851,WWE All Stars,Wii,2011.0,Fighting,THQ,0.1,0.07,0.0,0.02,68.0,11.0,7,8.0,THQ,T
10178,Gabrielle's Ghostly Groove 3D,3DS,2011.0,Adventure,Funbox Media,0.08,0.02,0.0,0.01,62.0,9.0,7.4,9.0,Santa Entertainment,E
12132,Anubis II,Wii,2007.0,Platform,Metro 3D,0.06,0.0,0.0,0.0,19.0,5.0,2.7,28.0,Data Design Interactive,E
9491,NightCaster,XB,2002.0,Action,Microsoft Game Studios,0.1,0.03,0.0,0.0,61.0,27.0,5.7,7.0,Jaleco Entertainment,T
1348,Mass Effect 3,PS3,2012.0,Role-Playing,Electronic Arts,0.63,0.56,0.03,0.2,93.0,30.0,5.5,1849.0,BioWare,M
660,Guitar Hero,PS2,2005.0,Misc,RedOctane,1.67,0.61,0.03,0.07,91.0,65.0,8.7,173.0,Harmonix Music Systems,T
5154,NCAA Football 07,PSP,2006.0,Sports,Electronic Arts,0.34,0.0,0.0,0.03,75.0,16.0,7.9,11.0,EA Sports,E
9885,NBA 2K2,GC,2002.0,Sports,Sega,0.09,0.02,0.0,0.0,90.0,13.0,8,4.0,Visual Concepts,E
13186,Star Wars: Republic Commando,PC,2005.0,Shooter,LucasArts,0.0,0.04,0.0,0.01,78.0,34.0,8.7,279.0,LucasArts,T
3198,The Sims 3: Generations,PC,2011.0,Simulation,Electronic Arts,0.4,0.23,0.0,0.0,70.0,22.0,3.6,81.0,The Sims Studio,T
5717,Monster Lab,Wii,2008.0,Role-Playing,Eidos Interactive,0.27,0.02,0.0,0.02,73.0,11.0,8.4,14.0,Backbone Entertainment,E10+
14472,Alter Ego,PC,1985.0,Simulation,Activision,0.0,0.03,0.0,0.01,59.0,9.0,5.8,19.0,"Viva Media, Viva Media, LLC",T
40,Mario Kart 7,3DS,2011.0,Racing,Nintendo,5.03,4.02,2.69,0.91,85.0,73.0,8.2,632.0,"Retro Studios, Entertainment Analysis & Development Division",E
10461,Metal Arms: Glitch in the System,GC,2003.0,Shooter,Vivendi Games,0.08,0.02,0.0,0.0,83.0,30.0,9.3,19.0,Swingin' Ape,T
6816,Burnout 2: Point of Impact,XB,2003.0,Racing,Acclaim Entertainment,0.18,0.05,0.0,0.01,88.0,23.0,5.1,23.0,Criterion Games,E
10559,NHL 2004,GC,2003.0,Sports,Electronic Arts,0.08,0.02,0.0,0.0,85.0,18.0,8.4,7.0,EA Sports,E
13978,Meteos: Disney Magic,DS,2007.0,Puzzle,Disney Interactive Studios,0.01,0.02,0.0,0.0,74.0,36.0,6.6,5.0,Q Entertainment,E
2723,PokePark 2: Wonders Beyond,Wii,2011.0,Action,Nintendo,0.26,0.19,0.27,0.04,60.0,18.0,7,27.0,Creatures Inc.,E
4493,Deadpool,X360,2013.0,Action,Activision,0.26,0.13,0.0,0.04,62.0,49.0,7.4,368.0,High Moon Studios,M
11981,Romance of the Three Kingdoms IX,PS2,2003.0,Strategy,Tecmo Koei,0.03,0.03,0.0,0.01,74.0,17.0,8.9,10.0,Koei,E
5075,Disney Sing It,PS3,2008.0,Misc,Disney Interactive Studios,0.28,0.06,0.0,0.04,54.0,11.0,3.5,6.0,Zoe Mode,E
7880,The Legend of Spyro: A New Beginning,GC,2006.0,Platform,Vivendi Games,0.15,0.04,0.0,0.01,67.0,13.0,7.3,11.0,Krome Studios,E10+
9641,Armed and Dangerous,XB,2003.0,Shooter,LucasArts,0.09,0.03,0.0,0.0,79.0,41.0,7.2,15.0,Planet Moon Studios,T
4088,You're in the Movies,X360,2008.0,Misc,Microsoft Game Studios,0.27,0.17,0.0,0.05,55.0,21.0,5.5,20.0,Zoe Mode,E
1967,SOCOM: U.S. Navy SEALs Fireteam Bravo 2,PSP,2006.0,Shooter,Sony Computer Entertainment,0.81,0.11,0.0,0.13,81.0,31.0,9,36.0,Zipper Interactive,T
16267,Worms: WMD,XOne,2016.0,Action,Sold Out,0.01,0.0,0.0,0.0,75.0,24.0,8.1,7.0,Team 17,E10+
11810,The Hustle: Detroit Streets,PSP,2005.0,Sports,Deep Silver,0.07,0.0,0.0,0.01,51.0,11.0,5.3,4.0,Blade Interactive,T
9031,Mega Man Powered Up,PSP,2006.0,Platform,Capcom,0.12,0.01,0.0,0.02,82.0,28.0,7.5,36.0,Capcom,E
141,Kinect Sports,X360,2010.0,Sports,Microsoft Game Studios,3.92,1.73,0.03,0.51,73.0,51.0,7.4,95.0,Rare Ltd.,E10+
1377,Dead Space,X360,2008.0,Action,Electronic Arts,0.89,0.39,0.0,0.13,89.0,79.0,8.7,768.0,EA Redwood Shores,M
3674,Red Dead Revolver,XB,2004.0,Shooter,Take-Two Interactive,0.4,0.12,0.0,0.02,74.0,61.0,8.5,26.0,Rockstar San Diego,M
9658,Crush3D,3DS,2012.0,Platform,Sega,0.07,0.04,0.0,0.01,71.0,32.0,7.4,16.0,Zoe Mode,E10+
16634,Sébastien Loeb Rally Evo,XOne,2016.0,Racing,Milestone S.r.l,0.0,0.01,0.0,0.0,63.0,8.0,8.2,22.0,Milestone S.r.l,E
4741,Disney's Tarzan Untamed,PS2,2001.0,Platform,Ubisoft,0.2,0.16,0.0,0.05,59.0,7.0,7.1,7.0,Ubisoft,E
1138,Kirby Air Ride,GC,2003.0,Racing,Nintendo,1.01,0.11,0.45,0.04,61.0,28.0,7.9,69.0,HAL Labs,E
7374,HBO Boxing,PS,2000.0,Fighting,Acclaim Entertainment,0.12,0.08,0.0,0.01,26.0,7.0,4,5.0,Osiris Studios,E
459,Borderlands 2,X360,2012.0,Shooter,Take-Two Interactive,1.89,0.88,0.04,0.25,89.0,59.0,8.2,892.0,Gearbox Software,M
6115,Marvel Nemesis: Rise of the Imperfects,XB,2005.0,Fighting,Electronic Arts,0.21,0.06,0.0,0.01,58.0,34.0,7.5,20.0,"EA Canada, Nihilistic",T
11565,The First Templar,PC,2011.0,Action,Kalypso Media,0.06,0.01,0.0,0.01,57.0,19.0,5.8,60.0,Haemimont,T
11892,Dark Souls III,PC,2016.0,Role-Playing,Namco Bandai Games,0.0,0.07,0.0,0.0,89.0,56.0,8.6,1848.0,From Software,M
9528,Puzzle de Harvest Moon,DS,2007.0,Puzzle,Natsume,0.12,0.0,0.0,0.01,41.0,5.0,6.3,4.0,Platinum Egg,E
5925,1701 A.D.,PC,2006.0,Simulation,Deep Silver,0.0,0.25,0.0,0.04,79.0,30.0,8.3,38.0,Related Designs,E10+
6040,MLB Power Pros,Wii,2007.0,Sports,Konami Digital Entertainment,0.23,0.0,0.04,0.02,83.0,12.0,8.4,45.0,Konami,E
10430,The Book of Unwritten Tales,PC,2009.0,Adventure,HMH Interactive,0.0,0.08,0.0,0.02,82.0,32.0,8.2,144.0,KING Art,T
3830,Metal Gear Solid 2: Substance,PS2,2002.0,Action,Konami Digital Entertainment,0.18,0.14,0.16,0.05,87.0,17.0,9,126.0,KCEJ,M
15522,Pump It Up: Exceed,XB,2005.0,Misc,Mastiff,0.01,0.0,0.0,0.0,74.0,9.0,7.5,4.0,Andamiro U.S.A. Corp.,T
6344,NHL 2K11,Wii,2010.0,Sports,Take-Two Interactive,0.23,0.02,0.0,0.02,62.0,12.0,5.8,4.0,Visual Concepts,E10+
1958,Mercenaries 2: World in Flames,X360,2008.0,Shooter,Electronic Arts,0.65,0.3,0.01,0.1,72.0,69.0,7.2,152.0,Pandemic Studios,T
155,LEGO Star Wars: The Complete Saga,Wii,2007.0,Action,LucasArts,3.57,1.55,0.0,0.51,80.0,17.0,8.9,62.0,Traveller's Tales,E10+
13644,Brothers: A Tale of Two Sons,XOne,2015.0,Adventure,505 Games,0.03,0.01,0.0,0.0,81.0,6.0,8.9,26.0,Starbreeze,T
6049,Metal Gear Solid V: Ground Zeroes,XOne,2014.0,Action,Konami Digital Entertainment,0.15,0.11,0.0,0.02,76.0,13.0,5.4,348.0,Kojima Productions,M
7950,Ty the Tasmanian Tiger 3: Night of the Quinkan,PS2,2005.0,Action,Activision,0.09,0.07,0.0,0.02,68.0,13.0,8.1,15.0,Krome Studios,E10+
6416,ESPN NBA Basketball,XB,2003.0,Sports,Sega,0.2,0.06,0.0,0.01,87.0,18.0,8.2,25.0,Visual Concepts,E
2326,FIFA Street,X360,2012.0,Sports,Electronic Arts,0.17,0.62,0.0,0.1,77.0,47.0,6.7,58.0,EA Sports,E
7096,Lumines: Electronic Symphony,PSV,2012.0,Misc,Ubisoft,0.09,0.09,0.01,0.04,83.0,65.0,7.8,85.0,Q Entertainment,E
14725,Turn It Around,DS,2006.0,Action,505 Games,0.03,0.0,0.0,0.0,39.0,11.0,4.5,4.0,"Taito Corporation, 505 Games",E
14635,Culdcept,PS2,2002.0,Strategy,Sega,0.01,0.01,0.0,0.0,78.0,26.0,8.9,9.0,NEC Interchannel,T
6450,MLB SlugFest 2006,PS2,2006.0,Sports,Midway Games,0.13,0.1,0.0,0.03,56.0,11.0,7.5,10.0,Blue Shift,E10+
16076,Evil Genius,PC,2004.0,Strategy,Vivendi Games,0.0,0.01,0.0,0.0,75.0,51.0,8.3,106.0,Elixir Studios,T
1715,Tony Hawk's Pro Skater 2,GBA,2001.0,Sports,Activision,0.85,0.31,0.0,0.02,95.0,16.0,7.5,22.0,Vicarious Visions,E
9433,Rumble Roses XX,X360,2006.0,Fighting,Konami Digital Entertainment,0.07,0.01,0.04,0.01,62.0,54.0,6.6,28.0,Konami,M
3831,Tales of Symphonia: Dawn of the New World,Wii,2008.0,Role-Playing,Namco Bandai Games,0.21,0.04,0.24,0.02,68.0,46.0,7.1,93.0,Bandai Namco Games,T
16013,Kao the Kangaroo Round 2,PS2,2005.0,Platform,JoWood Productions,0.01,0.01,0.0,0.0,58.0,12.0,8.7,7.0,Tate Interactive,E
587,Harry Potter and the Chamber of Secrets,PS2,2002.0,Action,Electronic Arts,0.9,1.22,0.04,0.44,71.0,16.0,7.6,49.0,Electronic Arts,E
10964,Football Manager 2017,PC,2016.0,Simulation,Sega,0.0,0.09,0.0,0.01,81.0,41.0,4.3,57.0,Sports Interactive,E
2990,.hack//Mutation Part 2,PS2,2002.0,Role-Playing,Atari,0.23,0.18,0.2,0.06,76.0,24.0,8.9,81.0,CyberConnect2,T
6788,Skylanders: SuperChargers,XOne,2015.0,Action,Activision,0.17,0.05,0.0,0.02,76.0,15.0,5.5,17.0,Vicarious Visions,E10+
10131,BlazBlue: Calamity Trigger Portable,PSP,2010.0,Fighting,PQube,0.07,0.01,0.03,0.01,82.0,14.0,7.8,18.0,Arc System Works,T
3864,Tony Hawk's Pro Skater 3,GBA,2002.0,Sports,Activision,0.37,0.14,0.0,0.01,90.0,20.0,8,6.0,Vicarious Visions,E
10592,Scribblenauts Unmasked: A DC Comics Adventure,3DS,2013.0,Puzzle,Warner Bros. Interactive Entertainment,0.09,0.0,0.0,0.01,68.0,7.0,6.2,20.0,5TH Cell,E10+
16569,Egg Mania: Eggstreme Madness,GC,2002.0,Puzzle,Kemco,0.01,0.0,0.0,0.0,64.0,7.0,8,4.0,Kemco,E
3711,Tiger Woods PGA Tour 11,Wii,2010.0,Sports,Electronic Arts,0.23,0.25,0.0,0.06,84.0,29.0,8.3,23.0,EA Sports,E
8438,MLB 11: The Show,PSP,2011.0,Sports,Sony Computer Entertainment,0.15,0.0,0.0,0.02,77.0,9.0,6,5.0,SCEA San Diego Studios,E
9786,Breakdown,XB,2004.0,Adventure,Electronic Arts,0.09,0.03,0.0,0.0,71.0,62.0,8.2,17.0,Namco,M
1529,Dying Light,XOne,2015.0,Action,Warner Bros. Interactive Entertainment,0.86,0.3,0.01,0.12,74.0,26.0,7.8,387.0,Techland,M
14058,Napoleon Dynamite: The Game,PSP,2007.0,Puzzle,Crave Entertainment,0.03,0.0,0.0,0.0,37.0,14.0,4.6,7.0,7 Studios,E10+
4364,Wolfenstein: The New Order,PC,2014.0,Shooter,Bethesda Softworks,0.13,0.29,0.0,0.03,81.0,23.0,8.2,1647.0,MachineGames,M
669,Zumba Fitness,X360,2010.0,Sports,505 Games,1.74,0.45,0.0,0.18,42.0,10.0,5.5,16.0,"Pipeworks Software, Inc.",E
5248,Wipeout 2048,PSV,2012.0,Racing,Sony Computer Entertainment,0.13,0.17,0.0,0.05,79.0,63.0,8.2,191.0,Studio Liverpool,E10+
7183,Mega Man Zero 3,GBA,2004.0,Platform,Capcom,0.16,0.06,0.0,0.0,77.0,21.0,9,22.0,Inti,E
2591,Need for Speed Rivals,X360,2013.0,Racing,Electronic Arts,0.37,0.35,0.01,0.07,76.0,12.0,5.4,107.0,Ghost Games,E10+
5906,Full Spectrum Warrior,PS2,2005.0,Strategy,THQ,0.15,0.11,0.0,0.04,74.0,24.0,8,13.0,Pandemic Studios,M
11205,Spider-Man: Edge of Time,Wii,2011.0,Action,Activision,0.06,0.02,0.0,0.01,62.0,9.0,5.2,6.0,Beenox,T
2307,Madden NFL 25,PS4,2013.0,Sports,Electronic Arts,0.63,0.13,0.0,0.15,74.0,13.0,5.2,118.0,EA Sports,E
8804,Marvel Super Hero Squad: The Infinity Gauntlet,X360,2010.0,Action,THQ,0.12,0.02,0.0,0.01,55.0,10.0,6.3,6.0,THQ,E10+
3690,Tiger Woods PGA Tour 08,X360,2007.0,Sports,Electronic Arts,0.49,0.02,0.0,0.04,80.0,45.0,7.8,26.0,EA Salt Lake,E
612,NBA 2K14,X360,2013.0,Sports,Take-Two Interactive,2.1,0.19,0.0,0.23,87.0,23.0,4.9,150.0,Visual Concepts,E
7167,NASCAR 2011: The Game,Wii,2011.0,Racing,Activision,0.21,0.0,0.0,0.01,42.0,5.0,3.1,9.0,Eutechnyx,E
13526,Fantastic Four: Rise of the Silver Surfer,DS,2007.0,Action,Take-Two Interactive,0.04,0.0,0.0,0.0,35.0,8.0,4.8,13.0,7 Studios,E10+
10459,Pro Evolution Soccer 2014,PC,2013.0,Action,Konami Digital Entertainment,0.0,0.1,0.0,0.01,74.0,9.0,4.4,239.0,Konami,E
1898,Virtua Fighter 5,PS3,2007.0,Fighting,Sega,0.29,0.51,0.08,0.2,85.0,47.0,7.4,67.0,Sega AM2,T
258,Kingdom Hearts II,PS2,2005.0,Role-Playing,Square Enix,2.2,0.58,1.38,0.17,87.0,64.0,9,766.0,Square Enix,E10+
2822,Monopoly Streets,Wii,2010.0,Misc,Electronic Arts,0.23,0.42,0.0,0.08,65.0,9.0,5.2,5.0,Electronic Arts,E
3525,Wreckless: ThE YaKuza MisSiOns,XB,2002.0,Racing,Activision,0.42,0.11,0.02,0.02,74.0,36.0,5.2,13.0,Bunkasha Publishing,T
6971,Test Drive: Eve of Destruction,PS2,2004.0,Racing,Atari,0.11,0.09,0.0,0.03,73.0,34.0,9.1,23.0,Monster Games Inc.,T
5223,TMNT,Wii,2007.0,Action,Ubisoft,0.3,0.03,0.0,0.03,60.0,17.0,5.9,11.0,Ubisoft Montreal,E10+
6063,Warriors Orochi 2,PSP,2008.0,Action,Tecmo Koei,0.06,0.0,0.22,0.01,56.0,14.0,7.5,4.0,Omega Force,T
5000,Battlefield 1,PC,2016.0,Shooter,Electronic Arts,0.11,0.24,0.0,0.03,88.0,54.0,7.6,1137.0,EA DICE,M
6710,Spider-Man: Edge of Time,X360,2011.0,Action,Activision,0.18,0.05,0.0,0.02,57.0,50.0,6.8,33.0,Beenox,T
8676,Time Hollow,DS,2008.0,Adventure,Konami Digital Entertainment,0.03,0.01,0.11,0.0,64.0,24.0,7.8,21.0,Tenky,T
2555,Yakuza,PS2,2005.0,Action,Sega,0.03,0.02,0.74,0.01,75.0,58.0,8.2,73.0,Amusement Vision,M
7,Wii Play,Wii,2006.0,Misc,Nintendo,13.96,9.18,2.93,2.84,58.0,41.0,6.6,129.0,Nintendo,E
6411,Need for Speed: Most Wanted,DS,2005.0,Racing,Electronic Arts,0.24,0.01,0.0,0.02,45.0,4.0,6.1,22.0,EA Canada,E
12594,Commandos: Strike Force,PS2,2006.0,Shooter,Eidos Interactive,0.03,0.02,0.0,0.01,58.0,26.0,8.5,11.0,Pyro Studios,T
2274,Tokyo Xtreme Racer 3,PS2,2003.0,Racing,Genki,0.35,0.27,0.21,0.09,63.0,15.0,8.9,23.0,Genki,E
5879,Final Fantasy XI: Wings of the Goddess,X360,2007.0,Role-Playing,Square Enix,0.26,0.0,0.02,0.02,63.0,4.0,5.8,5.0,Square Enix,T
3867,Rune Factory 2: A Fantasy Harvest Moon,DS,2008.0,Role-Playing,Rising Star Games,0.32,0.03,0.15,0.03,77.0,14.0,7.9,30.0,Neverland,E
10867,Bladestorm: The Hundred Years' War,X360,2007.0,Action,Tecmo Koei,0.08,0.01,0.0,0.01,63.0,26.0,6.8,16.0,Omega Force,T
10983,Romance of the Three Kingdoms X,PS2,2005.0,Strategy,Tecmo Koei,0.04,0.03,0.0,0.01,71.0,13.0,8.5,10.0,Koei,T
9283,Valhalla Knights: Eldar Saga,Wii,2009.0,Role-Playing,Rising Star Games,0.1,0.01,0.01,0.01,35.0,17.0,6.7,19.0,"K2, Kurogane",T
2324,SOCOM 4: U.S. Navy SEALs,PS3,2011.0,Shooter,Sony Computer Entertainment,0.66,0.11,0.04,0.08,67.0,64.0,6.3,121.0,Zipper Interactive,M
10482,Syberia,XB,2003.0,Action,Microids,0.08,0.02,0.0,0.0,72.0,17.0,7,5.0,Microids,T
610,Crazy Taxi,PS2,2001.0,Racing,Acclaim Entertainment,1.13,1.12,0.06,0.22,80.0,15.0,7.9,46.0,Acclaim Studios Cheltenham,T
5413,Herbie: Fully Loaded,GBA,2005.0,Racing,Disney Interactive Studios,0.24,0.09,0.0,0.01,47.0,9.0,6.8,4.0,Buena Vista Interactive,E
8174,Sonic Riders: Zero Gravity,PS2,2008.0,Racing,Sega,0.09,0.07,0.0,0.02,56.0,16.0,8.3,27.0,Sonic Team,E
97,Super Mario Galaxy 2,Wii,2010.0,Platform,Nintendo,3.56,2.35,0.98,0.62,97.0,87.0,9.1,1854.0,Nintendo EAD Tokyo,E
6985,Star Wars Jedi Knight II: Jedi Outcast,GC,2002.0,Shooter,Activision,0.18,0.05,0.0,0.01,75.0,17.0,7.8,19.0,Vicarious Visions,T
3137,Drawn to Life: The Next Chapter,DS,2009.0,Puzzle,THQ,0.44,0.14,0.0,0.06,72.0,21.0,7.7,22.0,5TH Cell,E
1537,Champions of Norrath,PS2,2004.0,Role-Playing,Sony Online Entertainment,0.63,0.49,0.0,0.16,85.0,51.0,8.4,57.0,Snowblind Studios,T
3648,NBA 2K8,PS3,2007.0,Sports,Take-Two Interactive,0.5,0.01,0.0,0.05,81.0,18.0,6.8,19.0,Visual Concepts,E
15238,Kung Fu Panda,PC,2008.0,Action,Activision,0.0,0.02,0.0,0.0,71.0,11.0,7.8,12.0,Beenox,E10+
13444,Wrath Unleashed,XB,2004.0,Strategy,LucasArts,0.03,0.01,0.0,0.0,69.0,32.0,7,4.0,Double Helix Games,T
13253,Stunt GP,PS2,2001.0,Racing,Titus,0.02,0.02,0.0,0.01,49.0,8.0,8.1,9.0,Team 17,E
4624,Mega Man X6,PS,2001.0,Action,Capcom,0.14,0.1,0.16,0.03,65.0,14.0,6.8,44.0,Capcom,E
11861,Wrath Unleashed,PS2,2004.0,Strategy,LucasArts,0.04,0.03,0.0,0.01,64.0,25.0,6,6.0,Double Helix Games,T
6566,All-Star Baseball 2003,XB,2002.0,Sports,Acclaim Entertainment,0.19,0.06,0.0,0.01,79.0,15.0,8.1,7.0,Acclaim,E
2090,Ace Combat X: Skies of Deception,PSP,2006.0,Simulation,Namco Bandai Games,0.37,0.3,0.12,0.19,75.0,26.0,8.3,30.0,Project Aces,T
7097,Tony Hawk's Proving Ground,DS,2007.0,Sports,Activision,0.2,0.01,0.0,0.02,79.0,21.0,6.7,6.0,Vicarious Visions,E10+
6171,Dead to Rights: Retribution,PS3,2010.0,Shooter,Namco Bandai Games,0.1,0.12,0.02,0.05,60.0,44.0,5.9,27.0,Volatile Games,M
7521,Phantasy Star Online,DC,2000.0,Role-Playing,Sega,0.0,0.0,0.2,0.0,89.0,21.0,9.1,33.0,Sonic Team,T
3062,Napoleon: Total War,PC,2010.0,Strategy,Sega,0.02,0.53,0.0,0.12,81.0,56.0,7.9,515.0,Creative Assembly,T
597,Madden NFL 08,PS2,2007.0,Sports,Electronic Arts,2.14,0.08,0.0,0.35,78.0,11.0,7.8,17.0,EA Tiburon,E
6633,LEGO Star Wars III: The Clone Wars,PC,2011.0,Action,LucasArts,0.1,0.13,0.0,0.03,76.0,14.0,7.5,44.0,Traveller's Tales,E10+
7875,Evolve,PC,2015.0,Shooter,Take-Two Interactive,0.08,0.1,0.0,0.02,77.0,39.0,4.3,969.0,Turtle Rock Studios,M
13777,Psycho-Pass: Mandatory Happiness,PS4,2016.0,Adventure,Nippon Ichi Software,0.03,0.0,0.0,0.01,72.0,26.0,8.3,19.0,5pb,T
7345,NHL 2K6,XB,2005.0,Sports,Take-Two Interactive,0.16,0.05,0.0,0.01,83.0,32.0,7.5,26.0,2K Sports,E10+
6304,RalliSport Challenge 2,XB,2004.0,Racing,Microsoft Game Studios,0.18,0.08,0.0,0.01,87.0,69.0,9.1,33.0,Digital Illusions,E
14398,Jikandia: The Timeless Land,PSP,2010.0,Role-Playing,Idea Factory,0.03,0.0,0.0,0.0,60.0,5.0,7.2,5.0,Opus Studio,T
1938,Freekstyle,PS2,2002.0,Racing,Electronic Arts,0.52,0.41,0.0,0.14,81.0,25.0,7.3,14.0,Page 44 Studios,E
1753,FIFA 14,XOne,2013.0,Sports,Electronic Arts,0.41,0.66,0.0,0.09,88.0,22.0,5.8,328.0,EA Canada,E
11844,Big Mutha Truckers 2,XB,2005.0,Racing,Empire Interactive,0.05,0.02,0.0,0.0,50.0,31.0,3.4,5.0,Eutechnyx,M
4260,Star Wars: Demolition,PS,2000.0,Racing,Activision,0.25,0.17,0.0,0.03,63.0,11.0,6.5,6.0,"Luxoflux, Inc.",T
13488,Fantastic Four: Rise of the Silver Surfer,Wii,2007.0,Action,Take-Two Interactive,0.04,0.01,0.0,0.0,39.0,16.0,5.9,15.0,7 Studios,T
874,Resident Evil 6,X360,2012.0,Shooter,Capcom,1.12,0.6,0.07,0.16,67.0,71.0,5,1407.0,Capcom,M
5347,Dynasty Warriors 5 Empires,PS2,2006.0,Action,Tecmo Koei,0.11,0.09,0.12,0.03,62.0,23.0,9.1,24.0,Omega Force,T
581,ESPN NFL 2K5,PS2,2004.0,Sports,Sega,2.15,0.12,0.0,0.36,90.0,37.0,8.2,84.0,Visual Concepts,E
204,Grand Theft Auto: Vice City Stories,PSP,2006.0,Action,Take-Two Interactive,1.7,1.99,0.16,1.18,86.0,50.0,8,150.0,Rockstar Leeds,M
7896,Street Fighter X Tekken,PSV,2012.0,Fighting,Capcom,0.1,0.04,0.01,0.03,79.0,25.0,7.5,66.0,Capcom,T
2014,Tomb Raider,PC,1996.0,Action,Eidos Interactive,0.96,0.07,0.0,0.0,86.0,18.0,8.5,3552.0,"Crystal Dynamics, Nixxes Software",M
905,Need for Speed: Shift,X360,2009.0,Racing,Electronic Arts,0.73,0.96,0.01,0.22,83.0,75.0,6.5,134.0,Slightly Mad Studios,E
631,NBA 2K15,PS4,2014.0,Sports,Take-Two Interactive,1.47,0.54,0.01,0.43,83.0,50.0,7,291.0,Visual Concepts,E
1974,NBA 2K3,PS2,2002.0,Sports,Sega,0.51,0.4,0.0,0.13,89.0,21.0,8,22.0,Visual Concepts,E
162,Super Mario Advance,GBA,2001.0,Platform,Nintendo,3.14,1.24,0.91,0.2,84.0,19.0,7.8,41.0,Nintendo,E
4998,FlatOut,PS2,2004.0,Racing,Empire Interactive,0.19,0.15,0.0,0.05,70.0,30.0,8.5,16.0,Bugbear,T
9557,Naruto Shippuden: Kizuna Drive,PSP,2010.0,Action,Namco Bandai Games,0.04,0.02,0.05,0.01,57.0,22.0,5,6.0,Premium Agency,T
15025,Serious Sam Advance,GBA,2004.0,Shooter,Global Star,0.02,0.01,0.0,0.0,51.0,9.0,7.2,10.0,Climax Group,M
9067,NCAA College Basketball 2K3,XB,2002.0,Sports,Sega,0.11,0.03,0.0,0.01,84.0,12.0,8.4,5.0,Kush Games,E
12835,Rocket League,PC,2016.0,Sports,505 Games,0.01,0.04,0.0,0.0,86.0,20.0,8.2,580.0,Psyonix,E
4283,LEGO The Hobbit,X360,2014.0,Action,Warner Bros. Interactive Entertainment,0.2,0.21,0.0,0.04,70.0,4.0,8.7,11.0,TT Games,E10+
13628,Smash Court Tennis 3,PSP,2007.0,Sports,Namco Bandai Games,0.01,0.01,0.01,0.01,68.0,30.0,6.3,4.0,"Namco Bandai Games America, Namco Bandai Games",E
3384,Tony Hawk: RIDE,PS3,2009.0,Sports,Activision,0.38,0.14,0.0,0.07,44.0,29.0,2.1,31.0,Robomodo,E10+
12928,Murdered: Soul Suspect,PC,2014.0,Action,Square Enix,0.0,0.05,0.0,0.0,59.0,22.0,7.4,379.0,Airtight Games,M
7462,NCAA March Madness 07,X360,2007.0,Sports,Electronic Arts,0.19,0.0,0.0,0.02,67.0,33.0,7.1,15.0,EA Canada,E
3331,Fight Night Round 2,XB,2005.0,Fighting,Electronic Arts,0.42,0.16,0.0,0.02,88.0,48.0,8.8,27.0,EA Sports,T
16317,Prototype: Biohazard Bundle,XOne,2016.0,Action,Activision,0.01,0.0,0.0,0.0,56.0,4.0,3.1,14.0,Radical Entertainment,M
5017,Mercenaries 2: World in Flames,PS2,2008.0,Shooter,Electronic Arts,0.21,0.0,0.0,0.17,49.0,10.0,7.4,31.0,Artificial Mind and Movement,T
1449,Metroid: Other M,Wii,2010.0,Action,Nintendo,0.85,0.27,0.13,0.1,79.0,71.0,6.5,482.0,Team Ninja,T
2610,Invizimals,PSP,2009.0,Strategy,Sony Computer Entertainment,0.17,0.5,0.0,0.11,69.0,32.0,7.3,19.0,Novarama,E10+
8186,Dynasty Warriors: Gundam 3,X360,2010.0,Action,Tecmo Koei,0.11,0.03,0.02,0.01,65.0,27.0,7.8,20.0,Koei Tecmo Games,T
3920,Dragon Ball: Raging Blast,X360,2009.0,Fighting,Namco Bandai Games,0.36,0.08,0.02,0.04,56.0,29.0,7.5,33.0,Spike,T
10077,18 Wheeler: American Pro Trucker,GC,2002.0,Racing,Acclaim Entertainment,0.09,0.02,0.0,0.0,52.0,17.0,6.8,8.0,Acclaim Studios Cheltenham,E
11888,Romance of the Three Kingdoms XI,PS2,2007.0,Strategy,Tecmo Koei,0.0,0.0,0.07,0.0,69.0,10.0,8.4,8.0,Koei,E10+
2171,Tom Clancy's Ghost Recon: Future Soldier,PS3,2012.0,Shooter,Ubisoft,0.41,0.32,0.09,0.12,79.0,18.0,6.9,156.0,Ubisoft Paris,M
15747,NHL 2K3,GC,2002.0,Sports,Sega,0.01,0.0,0.0,0.0,89.0,11.0,7,6.0,Treyarch,E
8590,The Crew,PC,2014.0,Racing,Ubisoft,0.0,0.15,0.0,0.01,71.0,12.0,6.4,463.0,"Ubisoft Reflections, Ivory Tower",T
1283,Drawn To Life: SpongeBob SquarePants Edition,DS,2008.0,Adventure,THQ,0.99,0.35,0.0,0.13,68.0,12.0,5.5,4.0,Altron,E
10028,A Witch's Tale,DS,2009.0,Role-Playing,Nippon Ichi Software,0.08,0.0,0.03,0.01,50.0,17.0,6.2,9.0,"Nippon Ichi Software, Hit Maker",E10+
2810,Full Spectrum Warrior,XB,2004.0,Strategy,THQ,0.54,0.16,0.0,0.03,84.0,67.0,8.7,27.0,Pandemic Studios,M
1651,Cars,PS2,2006.0,Racing,THQ,1.01,0.04,0.0,0.16,71.0,30.0,8.4,12.0,Rainbow Studios,E
830,Need For Speed: Undercover,PS3,2008.0,Racing,Electronic Arts,0.63,1.0,0.05,0.38,59.0,40.0,5.9,71.0,EA Vancouver,T
1169,Dance Dance Revolution: Hottest Party 2,Wii,2008.0,Simulation,Konami Digital Entertainment,0.94,0.48,0.01,0.15,69.0,8.0,6.8,6.0,Konami,E10+
9398,NHL 2003,GC,2002.0,Sports,Electronic Arts,0.1,0.03,0.0,0.0,79.0,13.0,6.3,4.0,EA Sports,E
14982,Legend of Kay Anniversary,PS4,2015.0,Action,Nordic Games,0.0,0.02,0.0,0.0,62.0,22.0,6.4,11.0,"Neon Studios, Kaiko",E10+
867,Hot Shots Golf: Open Tee,PSP,2004.0,Sports,Sony Computer Entertainment,0.5,0.5,0.63,0.33,81.0,57.0,8.7,34.0,Clap Hanz,E10+
11166,Knights in the Nightmare,PSP,2010.0,Role-Playing,Atlus,0.06,0.0,0.02,0.01,75.0,10.0,7.7,7.0,Sting,T
5093,High Heat Major League Baseball 2003,PS2,2002.0,Sports,3DO,0.18,0.14,0.0,0.05,84.0,23.0,7.9,7.0,3DO,E
5433,The Eye of Judgment,PS3,2007.0,Misc,Sony Computer Entertainment,0.28,0.0,0.02,0.03,75.0,43.0,8.2,51.0,SCEJ,T
541,Killzone 3,PS3,2011.0,Shooter,Sony Computer Entertainment,1.45,0.86,0.09,0.38,84.0,85.0,7.9,942.0,Guerrilla,M
15169,SimCity Societies,PC,2007.0,Simulation,Electronic Arts,0.0,0.02,0.0,0.0,63.0,27.0,4.3,95.0,Tilted Mill,E10+
6354,R.U.S.E.,PC,2010.0,Strategy,Ubisoft,0.04,0.19,0.0,0.04,76.0,33.0,8.1,176.0,Eugen Systems,T
12347,Fist of the North Star: Ken's Rage 2,X360,2012.0,Fighting,Tecmo Koei,0.03,0.01,0.02,0.0,55.0,18.0,7.1,20.0,Koei,M
11451,Titanfall 2,PC,2016.0,Shooter,Electronic Arts,0.03,0.04,0.0,0.01,85.0,27.0,8,488.0,Respawn Entertainment,M
13770,Metal Gear Solid: Digital Graphic Novel,PSP,2006.0,Misc,Konami Digital Entertainment,0.02,0.0,0.02,0.0,78.0,22.0,7.2,21.0,Kojima Productions,M
10775,Tornado Outbreak,Wii,2009.0,Action,Konami Digital Entertainment,0.09,0.0,0.0,0.01,71.0,7.0,8.2,5.0,Loose Cannon Studios,E10+
3959,Activision Anthology,PS2,2002.0,Misc,Activision,0.25,0.19,0.0,0.06,75.0,13.0,7.7,6.0,Contraband Entertainment,E
13366,Hoshigami: Ruining Blue Earth,PS,2001.0,Role-Playing,Max Five,0.03,0.02,0.0,0.0,62.0,9.0,8.7,26.0,Max Five,E
14193,Hotel Giant 2,PC,2008.0,Strategy,JoWood Productions,0.0,0.03,0.0,0.0,58.0,7.0,2.5,19.0,Enlight Software,E
12813,NBA Live 07,XB,2006.0,Sports,Electronic Arts,0.04,0.01,0.0,0.0,69.0,14.0,6.8,13.0,EA Sports,E
2563,DiRT 2,X360,2009.0,Racing,Codemasters,0.32,0.39,0.0,0.09,87.0,65.0,8.2,110.0,Codemasters,T
10822,Skylanders Imaginators,XOne,2016.0,Platform,Activision,0.05,0.04,0.0,0.01,78.0,14.0,6,8.0,Toys for Bob,E10+
15282,Knight's Apprentice: Memorick's Adventures,XB,2004.0,Action,Microids,0.02,0.0,0.0,0.0,53.0,11.0,4.5,8.0,Microids,T
1080,The Sims: Superstar,PC,2003.0,Simulation,Electronic Arts,1.67,0.0,0.0,0.0,79.0,20.0,8.2,25.0,Maxis,T
5891,Pride FC: Fighting Championships,PS2,2003.0,Fighting,THQ,0.15,0.11,0.0,0.04,73.0,19.0,8.6,7.0,Anchor,M
2023,Shrek 2,GC,2004.0,Platform,Activision,0.73,0.26,0.01,0.03,70.0,25.0,6.4,14.0,"Luxoflux, Inc.",E
7909,Risen,X360,2009.0,Role-Playing,Deep Silver,0.07,0.11,0.0,0.01,60.0,37.0,6.4,77.0,Piranha Bytes,M
1013,FIFA Soccer 08,PS3,2007.0,Sports,Electronic Arts,0.35,1.06,0.02,0.31,81.0,28.0,7.1,47.0,EA Canada,E
14367,RACE On,PC,2009.0,Racing,bitComposer Games,0.0,0.03,0.0,0.01,73.0,14.0,8.2,20.0,SimBin,E
697,Pro Evolution Soccer 2010,PS3,2009.0,Sports,Konami Digital Entertainment,0.3,1.27,0.46,0.26,78.0,42.0,6.7,76.0,Konami,E
1124,Prince of Persia: Warrior Within,PS2,2004.0,Action,Ubisoft,0.54,0.88,0.0,0.22,83.0,51.0,8.5,120.0,Ubisoft Montreal,M
7378,Darkwatch,XB,2005.0,Shooter,Ubisoft,0.16,0.05,0.0,0.01,75.0,43.0,8.1,21.0,High Moon Studios,M
14046,OutRun 2006: Coast 2 Coast,PSP,2006.0,Racing,Sega,0.03,0.01,0.0,0.0,82.0,31.0,8.1,14.0,Sumo Digital,E
5110,Rage,PC,2011.0,Shooter,Bethesda Softworks,0.14,0.18,0.0,0.06,79.0,32.0,5.2,1618.0,id Software,M
7544,The Con,PSP,2005.0,Fighting,Sony Computer Entertainment,0.18,0.0,0.0,0.02,63.0,37.0,7.3,16.0,"SCEA, Think and Feel",T
1037,NBA 2K15,XOne,2014.0,Sports,Take-Two Interactive,1.37,0.18,0.0,0.18,82.0,9.0,6.3,101.0,Visual Concepts,E
14675,Gekido Advance: Kintaro's Revenge,GBA,2002.0,Action,Zoo Digital Publishing,0.02,0.01,0.0,0.0,70.0,7.0,7,4.0,Naps Team,T
2649,Marvel Nemesis: Rise of the Imperfects,PS2,2005.0,Fighting,Electronic Arts,0.64,0.02,0.0,0.1,53.0,30.0,6.3,46.0,"EA Canada, Nihilistic",T
2979,Naruto: Clash of Ninja,GC,2003.0,Fighting,Tomy Corporation,0.53,0.14,0.0,0.02,72.0,21.0,8.1,20.0,Tomy Corporation,T
2547,Guitar Hero: Warriors of Rock,PS3,2010.0,Misc,Activision,0.33,0.34,0.0,0.13,74.0,46.0,7.1,30.0,Neversoft Entertainment,T
5132,NFL Street 2 Unleashed,PSP,2005.0,Sports,Electronic Arts,0.34,0.0,0.0,0.03,73.0,23.0,7.4,14.0,EA Tiburon,E
2159,My Weight Loss Coach,DS,2008.0,Sports,Ubisoft,0.3,0.54,0.0,0.11,63.0,4.0,7.6,7.0,Ubisoft Montreal,E
11329,Bomberman Jetters,GC,2002.0,Puzzle,Hudson Soft,0.06,0.02,0.0,0.0,70.0,21.0,7.9,10.0,Hudson,E
3967,Theatrhythm: Final Fantasy,3DS,2012.0,Misc,Square Enix,0.22,0.07,0.18,0.02,78.0,60.0,7.8,113.0,Indies Zero,E10+
1428,WWE '13,PS3,2012.0,Action,THQ,0.51,0.6,0.0,0.25,76.0,24.0,8.1,99.0,THQ,T
2520,Devil May Cry HD Collection,PS3,2012.0,Action,Capcom,0.42,0.19,0.11,0.09,74.0,27.0,8.8,158.0,"Capcom, Pipeworks Software, Inc.",M
8033,Fear Effect 2: Retro Helix,PS,2001.0,Action,Eidos Interactive,0.1,0.07,0.0,0.01,84.0,15.0,8.9,17.0,Kronos Digital Entertainment,M
6019,X-Men Legends II: Rise of Apocalypse,PSP,2005.0,Role-Playing,Activision,0.25,0.01,0.0,0.02,84.0,30.0,8.2,43.0,Vicarious Visions,T
448,The Legend of Zelda: A Link Between Worlds,3DS,2013.0,Action,Nintendo,1.4,1.01,0.46,0.23,91.0,81.0,8.9,1057.0,Nintendo,E
5995,The Chronicles of Riddick: Assault on Dark Athena,X360,2009.0,Shooter,Atari,0.16,0.1,0.0,0.03,82.0,67.0,8.2,73.0,Starbreeze,M
13755,Barnyard,Wii,2006.0,Action,THQ,0.04,0.0,0.0,0.0,65.0,15.0,5.7,7.0,Blue Tongue Entertainment,E10+
3727,Two Worlds II,X360,2011.0,Role-Playing,Unknown,0.4,0.07,0.03,0.03,67.0,50.0,6.6,140.0,Reality Pump,M
7353,Tony Hawk's American Sk8land,DS,2005.0,Sports,Activision,0.19,0.0,0.0,0.02,84.0,31.0,8.7,55.0,Vicarious Visions,E
6279,Dead Rising 2: Off the Record,X360,2011.0,Action,Capcom,0.17,0.08,0.0,0.02,72.0,48.0,7.5,60.0,Capcom Vancouver,M
5926,Lego Star Wars: The Force Awakens,XOne,2016.0,Action,Warner Bros. Interactive Entertainment,0.14,0.13,0.0,0.02,76.0,11.0,7,18.0,TT Games,E10+
1653,Call of Duty: Finest Hour,XB,2004.0,Shooter,Activision,0.78,0.4,0.0,0.04,73.0,55.0,7.8,22.0,Spark Unlimited,T
10935,Ninja Gaiden Black,XB,2005.0,Action,Microsoft Game Studios,0.07,0.02,0.0,0.0,94.0,32.0,8.7,121.0,Team Ninja,M
1376,LEGO Star Wars II: The Original Trilogy,PSP,2006.0,Action,LucasArts,0.58,0.5,0.0,0.32,83.0,11.0,8.6,26.0,Traveller's Tales,E10+
1724,PokéPark Wii: Pikachu's Adventure,Wii,2009.0,Adventure,Nintendo,0.53,0.16,0.42,0.06,62.0,22.0,7.2,36.0,Creatures Inc.,E
10660,King's Field: The Ancient City,PS2,2001.0,Role-Playing,Metro 3D,0.05,0.04,0.0,0.01,60.0,14.0,8.5,13.0,From Software,T
3754,Legacy of Kain: Defiance,PS2,2003.0,Action,Eidos Interactive,0.26,0.2,0.0,0.07,75.0,34.0,9.3,49.0,Crystal Dynamics,M
8652,Shaun White Skateboarding,X360,2010.0,Sports,Ubisoft,0.1,0.05,0.0,0.01,61.0,34.0,5.3,7.0,Ubisoft Montreal,T
4183,FlingSmash,Wii,2010.0,Action,Nintendo,0.37,0.01,0.07,0.02,48.0,26.0,6.8,13.0,Artoon,E
4082,Rock Band Unplugged,PSP,2009.0,Misc,MTV Games,0.24,0.14,0.0,0.1,79.0,50.0,8.6,31.0,"Harmonix Music Systems, Backbone Entertainment",T
9678,Impossible Mission,DS,2007.0,Platform,System 3 Arcade Software,0.11,0.0,0.0,0.01,61.0,8.0,4.8,6.0,System 3,E
11870,Overlord: Minions,DS,2009.0,Puzzle,Codemasters,0.07,0.0,0.0,0.01,58.0,22.0,5.5,4.0,Climax Group,E10+
6579,Madden NFL 2005,DS,2004.0,Sports,Electronic Arts,0.24,0.0,0.0,0.02,68.0,25.0,7.7,7.0,Exient Entertainment,E
4558,The Sims,XB,2003.0,Simulation,Electronic Arts,0.31,0.1,0.0,0.01,84.0,17.0,6.9,20.0,Edge of Reality,T
12500,Call of Cthulhu: Dark Corners of the Earth,XB,2005.0,Adventure,Take-Two Interactive,0.05,0.01,0.0,0.0,77.0,51.0,8.1,37.0,Headfirst Productions,M
3537,Just Dance 2016,WiiU,2015.0,Misc,Ubisoft,0.27,0.25,0.0,0.05,73.0,7.0,6.9,11.0,Ubisoft,E10+
9560,Steel Battalion: Heavy Armor,X360,2012.0,Misc,Capcom,0.08,0.02,0.02,0.01,38.0,58.0,2.4,92.0,From Software,M
6381,The BIGS,X360,2007.0,Sports,Take-Two Interactive,0.18,0.08,0.0,0.0,79.0,23.0,8.4,21.0,Blue Castle Games,E
7527,Thrillville,PSP,2006.0,Strategy,Atari,0.18,0.0,0.0,0.02,72.0,13.0,2.8,39.0,Frontier Developments,E10+
7165,Soul Sacrifice Delta,PSV,2014.0,Action,Sony Computer Entertainment,0.0,0.08,0.12,0.02,82.0,24.0,8.4,125.0,SCE Japan Studio,M
11182,Ty the Tasmanian Tiger 3: Night of the Quinkan,GC,2005.0,Action,Activision,0.07,0.02,0.0,0.0,68.0,11.0,8,9.0,Krome Studios,E10+
16112,Valentino Rossi: The Game,PC,2016.0,Racing,Namco Bandai Games,0.0,0.01,0.0,0.0,72.0,4.0,6.2,14.0,"Milestone, Milestone S.r.l",E
4875,Fishing Resort,Wii,2011.0,Sports,Namco Bandai Games,0.14,0.0,0.25,0.01,69.0,9.0,7,8.0,Prope,E
5341,Tiger Woods PGA Tour 12: The Masters,Wii,2011.0,Sports,Electronic Arts,0.2,0.11,0.0,0.03,85.0,14.0,6.7,7.0,Electronic Arts,E
12258,Cities XL 2012,PC,2011.0,Strategy,Focus Home Interactive,0.01,0.05,0.0,0.01,61.0,18.0,5.6,95.0,Monte Cristo Multimedia,E
2160,Tom Clancy's Splinter Cell: Chaos Theory,PS2,2005.0,Action,Ubisoft,0.36,0.45,0.0,0.14,87.0,29.0,8.6,53.0,Ubisoft Montreal,M
685,James Bond 007: Everything or Nothing,PS2,2004.0,Shooter,Electronic Arts,0.85,1.06,0.09,0.32,84.0,42.0,9.1,51.0,EA Redwood Shores,T
11435,Seven Samurai 20XX,PS2,2004.0,Action,Sega,0.04,0.03,0.0,0.01,52.0,31.0,7,6.0,Dimps Corporation,T
12275,Broken Sword 5: The Serpent's Curse,PS4,2015.0,Adventure,Revolution Software,0.0,0.06,0.0,0.01,72.0,14.0,7.2,23.0,Revolution Software,T
11029,Mimana Iyar Chronicle,PSP,2009.0,Role-Playing,GungHo,0.07,0.0,0.01,0.01,45.0,6.0,5.8,8.0,GungHo,T
11889,Hammerin' Hero,PSP,2008.0,Action,Irem Software Engineering,0.06,0.0,0.0,0.01,73.0,19.0,7.3,8.0,Irem,E10+
7128,Spartan: Total Warrior,PS2,2005.0,Action,Sega,0.11,0.09,0.0,0.03,74.0,33.0,8.4,65.0,Creative Assembly,M
4941,Tom Clancy's Ghost Recon 2: Summit Strike,XB,2005.0,Shooter,Ubisoft,0.29,0.08,0.0,0.01,84.0,40.0,7.2,35.0,Red Storm Entertainment,T
5946,Need for Speed Underground,GBA,2003.0,Racing,Electronic Arts,0.21,0.08,0.0,0.01,77.0,9.0,8.2,25.0,Pocketeers,E
5784,Midway Arcade Treasures 2,XB,2004.0,Misc,Midway Games,0.24,0.05,0.0,0.01,74.0,38.0,7.4,7.0,Backbone Entertainment,M
10422,Gravity Games Bike: Street Vert Dirt,PS2,2002.0,Sports,Midway Games,0.05,0.04,0.0,0.01,24.0,12.0,4.1,27.0,Midway,T
8714,Mugen Souls,PS3,2012.0,Role-Playing,Nippon Ichi Software,0.04,0.02,0.08,0.01,55.0,24.0,7.3,35.0,"Compile Heart, GCREST",T
3983,Burnout Revenge,X360,2006.0,Racing,Electronic Arts,0.42,0.04,0.0,0.04,89.0,61.0,8.1,140.0,Criterion Games,E10+
16356,Aquaman: Battle for Atlantis,GC,2003.0,Action,TDK Mediactive,0.01,0.0,0.0,0.0,27.0,9.0,3.1,19.0,TDK Mediactive,T
780,NBA 2K12,PS3,2011.0,Sports,Take-Two Interactive,1.62,0.26,0.05,0.18,90.0,38.0,6.7,127.0,Visual Concepts,E
5978,Ultimate Marvel vs. Capcom 3,PSV,2011.0,Fighting,Capcom,0.17,0.08,0.0,0.04,80.0,48.0,7.7,93.0,Capcom,T
3747,NCAA March Madness 06,PS2,2005.0,Sports,Electronic Arts,0.45,0.02,0.0,0.07,78.0,19.0,9.1,13.0,EA Canada,E
16624,Trine,PC,2009.0,Action,Nobilis,0.0,0.01,0.0,0.0,80.0,50.0,8.2,488.0,"Frozenbyte, Inc.",E10+
12406,Zero Escape: Zero Time Dilemma,PSV,2016.0,Adventure,Aksys Games,0.03,0.0,0.02,0.01,83.0,31.0,8.3,116.0,"Spike Chunsoft, Chime",M
9832,College Hoops 2K6,X360,2006.0,Sports,Take-Two Interactive,0.11,0.0,0.0,0.01,70.0,17.0,7.3,11.0,2K Sports,E
1827,Rocksmith,X360,2011.0,Misc,Ubisoft,0.84,0.19,0.01,0.08,77.0,30.0,8.2,62.0,Ubisoft,T
9154,Baldur's Gate: Dark Alliance,GC,2002.0,Role-Playing,Virgin Interactive,0.11,0.03,0.0,0.0,79.0,10.0,7.7,22.0,High Voltage Software,T
2376,Crimson Skies: High Road to Revenge,XB,2003.0,Simulation,Microsoft Game Studios,0.65,0.19,0.0,0.03,88.0,49.0,8.8,45.0,FASA Studio,T
5439,World of Final Fantasy,PS4,2016.0,Role-Playing,Square Enix,0.08,0.14,0.08,0.04,77.0,74.0,8.3,222.0,Square Enix,E10+
10229,Alias,PS2,2004.0,Action,Acclaim Entertainment,0.05,0.04,0.0,0.01,64.0,31.0,8,10.0,Acclaim Studios Cheltenham,T
11754,Dynasty Warriors 3,XB,2002.0,Action,THQ,0.06,0.02,0.0,0.0,70.0,11.0,8.9,20.0,Omega Force,T
5510,MLB 08: The Show,PSP,2008.0,Sports,Sony Computer Entertainment,0.3,0.0,0.0,0.02,83.0,14.0,8.4,12.0,SCEA San Diego Studios,E
5330,Enemy Territory: Quake Wars,PS3,2008.0,Shooter,Activision,0.23,0.07,0.0,0.04,60.0,30.0,6.4,14.0,"Z-Axis, Ltd.",T
9866,Power Gig: Rise of the SixString,X360,2010.0,Misc,Unknown,0.11,0.0,0.0,0.01,36.0,20.0,2.1,17.0,Seven45 Studios,T
13855,Pure Pinball,XB,2004.0,Misc,XS Games,0.03,0.01,0.0,0.0,68.0,11.0,8.5,6.0,Iridon Interactive AB,E
12089,River City Ransom EX,GBA,2004.0,Action,Atlus,0.05,0.02,0.0,0.0,75.0,21.0,8.4,7.0,Million,T
12519,Secret Files: Tunguska,Wii,2008.0,Adventure,Koch Media,0.04,0.01,0.0,0.0,65.0,12.0,7.6,8.0,"10tacle Studios, Fusionsphere Systems",T
147,Metal Gear Solid 4: Guns of the Patriots,PS3,2008.0,Action,Konami Digital Entertainment,2.63,1.71,0.83,0.82,94.0,82.0,8.7,3558.0,Kojima Productions,M
1668,Bayonetta,PS3,2009.0,Action,Sega,0.44,0.39,0.21,0.16,87.0,54.0,7.7,355.0,Nex Entertainment,M
15697,Red Ninja: End of Honor,XB,2005.0,Action,Vivendi Games,0.01,0.0,0.0,0.0,46.0,25.0,4,5.0,Tranji,M
7650,Teenage Mutant Ninja Turtles 3: Mutant Nightmare,PS2,2005.0,Action,Konami Digital Entertainment,0.1,0.08,0.0,0.03,53.0,20.0,7,10.0,KCE Studios,E10+
12374,Tom Clancy's Splinter Cell: Pandora Tomorrow,GBA,2004.0,Action,Ubisoft,0.05,0.02,0.0,0.0,68.0,19.0,6.2,6.0,Ubisoft,T
11768,The Legend of Kage 2,DS,2008.0,Action,Square Enix,0.07,0.0,0.0,0.0,70.0,21.0,6.3,4.0,Taito Corporation,E10+
3271,2014 FIFA World Cup Brazil,PS3,2014.0,Sports,Electronic Arts,0.15,0.36,0.01,0.09,73.0,33.0,4.3,87.0,EA Canada,E
13834,Metal Slug XX,PSP,2009.0,Shooter,DHM Interactive,0.03,0.0,0.0,0.0,67.0,22.0,6.1,9.0,SNK Playmore,T
6230,True Crime: New York City,XB,2005.0,Action,Activision,0.21,0.06,0.0,0.01,60.0,43.0,7.8,17.0,Exakt,M
13888,Bomberman: Act Zero,X360,2006.0,Puzzle,Konami Digital Entertainment,0.04,0.0,0.0,0.0,34.0,41.0,2.2,42.0,Hudson,T
14651,NBA 08,PSP,2007.0,Sports,Sony Computer Entertainment,0.03,0.0,0.0,0.0,75.0,18.0,7.5,8.0,SCEA,E
78,Halo 2,XB,2004.0,Shooter,Microsoft Game Studios,6.82,1.53,0.05,0.08,95.0,91.0,8.2,1218.0,Bungie Software,M
2247,MLB 15: The Show,PS4,2015.0,Sports,Sony Computer Entertainment,0.68,0.08,0.0,0.17,80.0,44.0,7.8,190.0,SCEA San Diego Studios,E
14127,Painkiller: Hell Wars,XB,2006.0,Shooter,DreamCatcher Interactive,0.03,0.01,0.0,0.0,68.0,33.0,7.4,16.0,People Can Fly,M
775,Dance Dance Revolution Extreme,PS2,2004.0,Simulation,Konami Digital Entertainment,1.04,0.81,0.0,0.27,77.0,26.0,9,20.0,KCET,E
11041,Disgaea Infinite,PSP,2010.0,Adventure,Nippon Ichi Software,0.07,0.0,0.01,0.01,64.0,15.0,4.4,40.0,Nippon Ichi Software,T
7451,ESPN Winter X Games: Snowboarding 2002,PS2,2000.0,Sports,Konami Digital Entertainment,0.1,0.08,0.0,0.03,64.0,14.0,7.9,8.0,Konami,T
8980,ReCore,XOne,2016.0,Action,Microsoft Game Studios,0.08,0.05,0.0,0.01,63.0,75.0,6.6,445.0,"Armature Studio, comcept",T
2279,Dynasty Warriors 7,PS3,2011.0,Action,Tecmo Koei,0.25,0.13,0.46,0.06,57.0,25.0,7.4,57.0,Omega Force,T
8123,FIFA Soccer 11,PC,2010.0,Sports,Electronic Arts,0.0,0.14,0.0,0.04,83.0,16.0,7.7,102.0,EA Sports,E
3897,IL-2 Sturmovik: Birds of Prey,X360,2009.0,Simulation,505 Games,0.23,0.23,0.0,0.05,80.0,43.0,8.4,18.0,Gaijin Entertainment,T
7177,FaceBreaker K.O. Party,Wii,2008.0,Fighting,Electronic Arts,0.19,0.01,0.0,0.02,61.0,15.0,5.6,7.0,EA Canada,T
16193,Grand Theft Auto III,PC,2002.0,Action,Take-Two Interactive,0.0,0.01,0.0,0.0,93.0,20.0,8.4,805.0,"DMA Design, Rockstar North",M
16,Grand Theft Auto V,PS3,2013.0,Action,Take-Two Interactive,7.02,9.09,0.98,3.96,97.0,50.0,8.2,3994.0,Rockstar North,M
4200,Spider-Man 3,DS,2007.0,Platform,Activision,0.41,0.02,0.0,0.04,79.0,21.0,6.5,17.0,Vicarious Visions,E10+
2672,Sonic Unleashed,PS2,2008.0,Platform,Sega,0.37,0.04,0.0,0.36,66.0,5.0,6.7,49.0,Sonic Team,E10+
3493,ATV Offroad Fury: Blazin' Trails,PSP,2005.0,Racing,SouthPeak Games,0.53,0.0,0.0,0.04,63.0,32.0,7.8,16.0,Climax Group,E
7394,Cabela's Deer Hunt: 2004 Season,XB,2003.0,Sports,Activision Value,0.16,0.05,0.0,0.01,65.0,5.0,8.4,16.0,FUN Labs,T
4839,Sega Superstars Tennis,PS3,2008.0,Sports,Sega,0.13,0.2,0.0,0.07,67.0,31.0,7.4,7.0,Sumo Digital,E10+
593,Style Savvy,DS,2008.0,Simulation,Nintendo,0.62,0.82,0.96,0.18,73.0,4.0,7.7,7.0,syn Sophia,E
5827,Contra 4,DS,2007.0,Shooter,Konami Digital Entertainment,0.28,0.0,0.01,0.02,83.0,38.0,8.4,45.0,WayForward,T
7961,Warriors: Legends of Troy,PS3,2011.0,Action,Tecmo Koei,0.06,0.04,0.07,0.02,44.0,22.0,7,24.0,Tecmo Koei Canada,M
5887,Madden NFL 13,PSV,2012.0,Sports,Electronic Arts,0.28,0.0,0.0,0.02,63.0,6.0,7.3,38.0,EA Tiburon,E
2355,The Simpsons Game,PS3,2007.0,Action,Electronic Arts,0.38,0.36,0.0,0.15,71.0,30.0,7.5,49.0,EA Redwood Shores,T
4798,Asura's Wrath,PS3,2012.0,Action,Capcom,0.18,0.12,0.06,0.05,71.0,39.0,7.4,169.0,CyberConnect2,T
11234,ShellShock 2: Blood Trails,X360,2009.0,Shooter,Eidos Interactive,0.05,0.03,0.0,0.01,30.0,21.0,5.9,33.0,Rebellion,M
163,Monster Hunter Freedom Unite,PSP,2008.0,Role-Playing,Capcom,0.47,0.55,4.13,0.34,81.0,48.0,8.7,124.0,Capcom,T
16161,Call of Juarez,PC,2006.0,Shooter,Ubisoft,0.0,0.01,0.0,0.0,72.0,25.0,7.8,223.0,Techland,M
16550,Wade Hixton's Counter Punch,GBA,2004.0,Sports,"Destination Software, Inc",0.01,0.0,0.0,0.0,78.0,13.0,9.5,4.0,Inferno Games,T
9092,PaRappa The Rapper,PSP,2006.0,Misc,Sony Computer Entertainment,0.11,0.0,0.02,0.02,67.0,43.0,5.2,16.0,Epics,E
5542,Major League Baseball 2K6,XB,2006.0,Sports,Take-Two Interactive,0.24,0.07,0.0,0.01,71.0,21.0,5.7,12.0,Kush Games,E
10900,Beaterator,PSP,2009.0,Misc,Take-Two Interactive,0.06,0.02,0.0,0.02,80.0,44.0,7.8,12.0,Rockstar Leeds,E
7758,Spectrobes: Origins,Wii,2009.0,Role-Playing,Disney Interactive Studios,0.16,0.02,0.0,0.01,71.0,22.0,8.4,16.0,Genki,E10+
2293,MLB 2005,PS2,2004.0,Sports,Sony Computer Entertainment,0.44,0.35,0.0,0.12,78.0,36.0,7.6,9.0,989 Sports,E
6548,Tokyo Jungle,PS3,2012.0,Action,Sony Computer Entertainment,0.0,0.0,0.26,0.0,74.0,60.0,8.4,89.0,Crispy's,T
7898,The Legend of Heroes: Trails of Cold Steel II,PSV,2014.0,Role-Playing,Nippon Ichi Software,0.02,0.02,0.13,0.01,80.0,23.0,7.3,73.0,Falcom,T
4481,Borderlands: The Handsome Collection,XOne,2015.0,Shooter,Take-Two Interactive,0.26,0.13,0.0,0.04,80.0,11.0,7.8,119.0,Gearbox Software,M
9956,FIFA 17,PC,2016.0,Sports,Electronic Arts,0.0,0.11,0.0,0.01,84.0,12.0,4.2,160.0,"EA Sports, EA Vancouver",E
1549,The Sims 2: Nightlife,PC,2005.0,Simulation,Electronic Arts,1.22,0.05,0.0,0.0,76.0,31.0,6.6,71.0,Maxis,T
11221,BIT.TRIP COMPLETE,Wii,2011.0,Misc,Rising Star Games,0.06,0.02,0.0,0.01,84.0,19.0,8.7,18.0,Gaijin Games,E
2044,Ace Combat 6: Fires of Liberation,X360,2007.0,Simulation,Atari,0.69,0.04,0.22,0.06,80.0,54.0,7.9,101.0,Project Aces,T
767,Overwatch,PS4,2016.0,Shooter,Activision,0.81,0.85,0.15,0.33,90.0,31.0,6.1,1358.0,Blizzard Entertainment,T
9700,Disney's PK: Out of the Shadows,PS2,2002.0,Platform,Ubisoft,0.06,0.05,0.0,0.02,49.0,14.0,5,4.0,Ubisoft,E
7857,Conflict: Global Terror,PS2,2005.0,Shooter,Eidos Interactive,0.09,0.07,0.0,0.02,62.0,15.0,8.5,10.0,Pivotal Games,M
3302,Major League Baseball 2K8,X360,2008.0,Sports,Bethesda Softworks,0.56,0.0,0.0,0.05,70.0,28.0,5.9,34.0,Kush Games,E
4517,OkamiDen,DS,2010.0,Adventure,Capcom,0.21,0.06,0.13,0.02,82.0,48.0,7.9,53.0,Capcom,E10+
12411,Unchained Blades ,PSP,2011.0,Role-Playing,FuRyu,0.0,0.0,0.06,0.0,61.0,8.0,7.5,15.0,FuRyu,T
3292,Time Crisis 3,PS2,2003.0,Shooter,Namco Bandai Games,0.3,0.23,0.0,0.08,81.0,29.0,8.1,12.0,Namco,T
9011,Rayman 3,GBA,2003.0,Platform,Ubisoft,0.1,0.04,0.0,0.0,83.0,21.0,7.8,8.0,Ubisoft,E
1403,Rise of the Tomb Raider,XOne,2015.0,Adventure,Square Enix,0.55,0.7,0.02,0.11,86.0,102.0,8,1288.0,Crystal Dynamics,M
1382,Sonic Advance 3,GBA,2004.0,Platform,THQ,0.74,0.52,0.08,0.06,79.0,30.0,8.4,34.0,Dimps Corporation,E
10340,Shrek: Forever After,X360,2010.0,Platform,Activision,0.1,0.0,0.0,0.01,62.0,22.0,6.2,9.0,Xpec,E10+
5671,Clive Barker's Jericho,X360,2007.0,Shooter,Codemasters,0.28,0.01,0.0,0.02,63.0,46.0,7.4,70.0,"Mercury Steam, Alchemic Productions",M
11757,Jimmie Johnson's Anything With an Engine,PS3,2011.0,Racing,Konami Digital Entertainment,0.07,0.0,0.0,0.01,67.0,5.0,6.8,4.0,Isopod Labs,E10+
1179,Gears of War: Judgment,X360,2013.0,Shooter,Microsoft Game Studios,0.92,0.5,0.03,0.12,79.0,81.0,5.4,779.0,Epic Games,M
14891,Madden NFL 07,GBA,2006.0,Sports,Electronic Arts,0.02,0.01,0.0,0.0,68.0,4.0,9.3,4.0,Exient Entertainment,E
5175,SAW,PS3,2009.0,Action,Konami Digital Entertainment,0.13,0.17,0.0,0.06,59.0,41.0,6.4,28.0,Zombie Studios,M
10142,Call of Juarez: The Cartel,PC,2011.0,Shooter,Ubisoft,0.05,0.05,0.0,0.01,51.0,12.0,3.3,126.0,Ubisoft,M
6488,WWE 2K17,XOne,2016.0,Sports,Take-Two Interactive,0.12,0.12,0.0,0.02,68.0,12.0,5.5,27.0,Yuke's,T
7154,Breath of Fire,GBA,2001.0,Role-Playing,Ubisoft,0.11,0.04,0.06,0.0,79.0,17.0,8.8,9.0,Capcom,E
4349,WWE WrestleMania 21,XB,2005.0,Fighting,THQ,0.34,0.1,0.0,0.02,56.0,48.0,6.9,47.0,Studio Gigante,T
15905,Dark Void,PC,2010.0,Action,Capcom,0.0,0.01,0.0,0.0,57.0,22.0,5.1,67.0,Airtight Games,T
1884,Sonic Free Riders,X360,2010.0,Racing,Sega,0.74,0.25,0.0,0.09,47.0,52.0,2.1,98.0,Sega,E
14824,Warhammer: Mark of Chaos,PC,2006.0,Strategy,Deep Silver,0.0,0.02,0.0,0.0,73.0,32.0,7.4,57.0,Black Hole Games,M
2494,Street Fighter X Tekken,PS3,2012.0,Fighting,Capcom,0.42,0.21,0.1,0.09,84.0,51.0,5.3,191.0,Capcom,T
5947,Def Jam Rapstar,X360,2010.0,Misc,Konami Digital Entertainment,0.25,0.02,0.0,0.02,74.0,36.0,5.4,9.0,"Terminal Reality, 4mm Games",T
3036,Tony Hawk's Proving Ground,PS2,2007.0,Sports,Activision,0.55,0.02,0.0,0.09,65.0,6.0,6.6,17.0,Page 44 Studios,T
845,Dark Souls,PS3,2011.0,Role-Playing,Namco Bandai Games,0.75,0.51,0.54,0.22,89.0,54.0,8.7,1397.0,From Software,M
8734,Digimon World 4,PS2,2005.0,Role-Playing,Atari,0.08,0.06,0.0,0.02,48.0,7.0,6.9,37.0,Bandai,E
7967,Sword Art Online: Hollow Realization,PS4,2016.0,Role-Playing,Namco Bandai Games,0.06,0.02,0.1,0.02,69.0,32.0,7.7,52.0,Bandai Namco Games,T
14539,Rayman 3: Hoodlum Havoc,PC,2003.0,Platform,Ubisoft,0.0,0.03,0.0,0.0,74.0,8.0,8.3,70.0,Ubisoft,E
7340,Star Wars: Battlefront,PC,2004.0,Shooter,LucasArts,0.07,0.13,0.0,0.02,72.0,19.0,3.5,1509.0,EA DICE,T
2964,Top Spin 4,PS3,2011.0,Sports,Take-Two Interactive,0.17,0.39,0.0,0.13,82.0,37.0,7.7,55.0,2K Czech,E
5772,Major League Baseball 2K8,PS3,2008.0,Sports,Bethesda Softworks,0.28,0.0,0.0,0.03,67.0,23.0,5.6,8.0,Kush Games,E
1960,Warhawk,PS3,2007.0,Simulation,Sony Computer Entertainment,0.49,0.39,0.0,0.17,84.0,50.0,8.4,183.0,Incognito Inc.,T
2530,NASCAR 2001,PS,2000.0,Racing,Electronic Arts,0.45,0.31,0.0,0.05,73.0,8.0,6.1,9.0,Black Box,E
11138,Crimson Sea,XB,2002.0,Action,Tecmo Koei,0.04,0.01,0.04,0.0,78.0,19.0,8.2,10.0,Koei,T
4917,Skylanders SWAP Force,PS4,2013.0,Platform,Activision,0.2,0.12,0.0,0.06,79.0,7.0,5.2,45.0,Vicarious Visions,E10+
9325,Castlevania Chronicles,PS,2001.0,Platform,Konami Digital Entertainment,0.07,0.05,0.0,0.01,69.0,16.0,7,13.0,Konami,T
5901,Dance Dance Revolution Universe 3,X360,2008.0,Simulation,Konami Digital Entertainment,0.28,0.0,0.0,0.02,65.0,6.0,7.7,7.0,Konami,E
8286,Tom Clancy's Ghost Recon: Future Soldier,PC,2012.0,Shooter,Ubisoft,0.05,0.1,0.0,0.02,71.0,13.0,4.9,368.0,Ubisoft Paris,M
14692,Buffy the Vampire Slayer: Wrath of the Darkhul King,GBA,2003.0,Action,THQ,0.02,0.01,0.0,0.0,44.0,16.0,8.6,5.0,Natsume,T
15401,Legend: Hand of God,PC,2007.0,Role-Playing,DTP Entertainment,0.0,0.02,0.0,0.0,57.0,9.0,5.8,19.0,Master Creating,M
12553,The Witcher,PC,2007.0,Role-Playing,Atari,0.0,0.05,0.0,0.01,81.0,50.0,8.8,1116.0,CD Projekt Red Studio,M
7373,Madden NFL 07,DS,2006.0,Sports,Electronic Arts,0.2,0.0,0.0,0.02,70.0,9.0,6.5,10.0,Exient Entertainment,E
2978,The Sly Collection,PS3,2010.0,Platform,Sony Computer Entertainment,0.52,0.08,0.01,0.08,85.0,46.0,8.8,172.0,Sanzaru Games,E10+
6721,Pirates of the Caribbean: The Legend of Jack Sparrow,PS2,2006.0,Adventure,Ubisoft,0.12,0.09,0.0,0.03,51.0,32.0,7.5,13.0,7 Studios,T
15868,Unreal Tournament 2004,PC,2004.0,Shooter,Atari,0.0,0.01,0.0,0.0,93.0,48.0,8.9,537.0,Epic Games,M
3138,GoldenEye: Rogue Agent,PS2,2004.0,Shooter,Electronic Arts,0.54,0.02,0.0,0.09,60.0,38.0,7,32.0,EA LA,T
8325,The Lord of the Rings: Aragorn's Quest,PS3,2010.0,Action,Warner Bros. Interactive Entertainment,0.1,0.04,0.0,0.02,58.0,12.0,6,8.0,TT Fusion,T
11421,Knights Contract,PS3,2011.0,Action,Namco Bandai Games,0.04,0.03,0.0,0.01,51.0,37.0,6,8.0,Game Republic,M
5548,The Witcher: Enhanced Edition,PC,2008.0,Role-Playing,Atari,0.32,0.01,0.0,0.0,86.0,30.0,8.5,1660.0,CD Projekt Red Studio,M
560,Killzone: Shadow Fall,PS4,2013.0,Shooter,Sony Computer Entertainment,0.89,1.33,0.08,0.39,73.0,88.0,6.8,2102.0,Guerrilla,M
12777,Tokyo Twilight Ghost Hunters,PS3,2014.0,Role-Playing,Aksys Games,0.03,0.0,0.02,0.01,64.0,11.0,6.4,17.0,TOYBOX,T
5435,Tom Clancy's Ghost Recon Advanced Warfighter,XB,2006.0,Shooter,Ubisoft,0.21,0.11,0.0,0.01,66.0,14.0,6,27.0,Ubisoft Shanghai,T
8597,TimeShift,PS3,2007.0,Shooter,Vivendi Games,0.14,0.0,0.0,0.01,70.0,16.0,6.3,27.0,Saber Interactive,M
1442,FIFA Soccer 08,PSP,2007.0,Sports,Electronic Arts,0.2,0.76,0.0,0.39,79.0,7.0,7.4,15.0,EA Canada,E
8453,Cubivore: Survival of the Fittest,GC,2002.0,Adventure,Nintendo,0.01,0.0,0.15,0.0,71.0,12.0,8.5,21.0,Nintendo,E
16311,Groovin' Blocks,Wii,2009.0,Puzzle,Zoo Games,0.01,0.0,0.0,0.0,75.0,13.0,8.5,6.0,Empty Clip Studios,E
1689,The Simpsons: Road Rage,GBA,2003.0,Racing,THQ,0.86,0.32,0.0,0.02,55.0,14.0,6.8,9.0,Altron,E
16617,Dragon Ball Z for Kinect,X360,2012.0,Fighting,Namco Bandai Games,0.01,0.0,0.0,0.0,49.0,32.0,2.1,39.0,Spike,T
13122,Shrek Super Party,GC,2003.0,Misc,TDK Mediactive,0.04,0.01,0.0,0.0,40.0,6.0,7.3,7.0,Mass Media,E
14020,Harry Potter and the Order of the Phoenix,PC,2007.0,Action,Electronic Arts,0.0,0.03,0.0,0.0,63.0,11.0,7.1,34.0,EA Games,E10+
9793,Geometry Wars: Galaxies,Wii,2007.0,Shooter,Vivendi Games,0.11,0.0,0.0,0.01,80.0,55.0,8.2,26.0,Kuju Entertainment,E
5782,Jonah Lomu Rugby Challenge,X360,2011.0,Sports,Home Entertainment Suppliers,0.09,0.19,0.0,0.03,73.0,14.0,6,8.0,Sidhe Interactive,E
4576,Batman: Arkham Origins Blackgate,PSV,2013.0,Action,Warner Bros. Interactive Entertainment,0.16,0.17,0.0,0.1,61.0,38.0,6.8,106.0,Armature Studio,T
3725,Dragon Ball Z: Ultimate Tenkaichi,X360,2011.0,Fighting,Namco Bandai Games,0.39,0.1,0.01,0.04,55.0,24.0,5.8,52.0,Spike,T
10748,Cubic Ninja,3DS,2011.0,Platform,Ubisoft,0.05,0.04,0.0,0.01,51.0,15.0,5.9,14.0,AQ Interactive,E
2785,Resonance of Fate,PS3,2010.0,Role-Playing,Sega,0.2,0.21,0.24,0.08,72.0,42.0,8,136.0,Tri-Ace,T
12743,S.T.A.L.K.E.R.: Shadow of Chernobyl,PC,2007.0,Shooter,THQ,0.01,0.04,0.0,0.01,82.0,44.0,8.4,1088.0,GSC Game World,M
7121,Legion: The Legend of Excalibur,PS2,2002.0,Action,Midway Games,0.11,0.09,0.0,0.03,51.0,21.0,7,6.0,7 Studios,M
148,Final Fantasy XII,PS2,2006.0,Role-Playing,Square Enix,1.88,0.0,2.33,1.74,92.0,64.0,7.6,972.0,Square Enix,T
9732,Major League Baseball 2K8 Fantasy All-Stars,DS,2008.0,Sports,Take-Two Interactive,0.11,0.0,0.0,0.01,59.0,8.0,7,6.0,Deep Fried Entertainment,E
6770,Stella Glow,3DS,2015.0,Role-Playing,Atlus,0.16,0.01,0.05,0.02,79.0,32.0,8.7,82.0,"Image Epoch, Imageepoch",T
4443,TimeSplitters 2,GC,2002.0,Shooter,Eidos Interactive,0.34,0.09,0.0,0.01,88.0,18.0,9,65.0,Free Radical Design,T
236,Forza Motorsport 4,X360,2011.0,Racing,Microsoft Game Studios,2.08,1.97,0.06,0.46,91.0,83.0,8.2,617.0,Turn 10,E
12944,Medabots: Infinity,GC,2003.0,Role-Playing,Ubisoft,0.04,0.01,0.0,0.0,51.0,6.0,8,7.0,Imagineer,E
6813,Percy Jackson and the Olympians: The Lightning Thief,DS,2010.0,Role-Playing,Activision,0.22,0.01,0.0,0.02,56.0,6.0,6.9,12.0,Griptonite Games,E10+
2493,Need for Speed: Nitro,Wii,2009.0,Racing,Electronic Arts,0.45,0.3,0.0,0.08,69.0,41.0,7.4,38.0,EA Montreal,E10+
2665,Donkey Kong Country 3,GBA,2005.0,Platform,Nintendo,0.45,0.17,0.14,0.01,77.0,16.0,8.4,27.0,Rare Ltd.,E
14553,N+,PSP,2007.0,Platform,Atari,0.03,0.0,0.0,0.0,79.0,21.0,7.8,18.0,"Metanet Software Inc., SilverBirch Studios",E
12598,Guilty Gear X: Advance Edition,GBA,2002.0,Fighting,Sammy Corporation,0.04,0.02,0.0,0.0,67.0,14.0,5.9,10.0,Arc System Works,T
14652,Sins of a Solar Empire,PC,2008.0,Strategy,Pinnacle,0.0,0.02,0.0,0.0,87.0,52.0,8.2,275.0,Ironclad Games,T
10060,Growlanser Generations,PS2,2003.0,Role-Playing,Atlus,0.06,0.04,0.0,0.01,81.0,19.0,7.7,19.0,Career Soft,T
4211,2010 FIFA World Cup South Africa,PSP,2010.0,Sports,Electronic Arts,0.09,0.22,0.03,0.12,69.0,11.0,7.4,9.0,Electronic Arts,E
3874,NBA Live 2002,PS,2001.0,Sports,Electronic Arts,0.29,0.19,0.0,0.03,81.0,6.0,8.8,9.0,EA Canada,E
9424,Alone in the Dark: Inferno,PS3,2008.0,Adventure,Atari,0.09,0.03,0.0,0.02,69.0,25.0,5.6,50.0,Eden Studios,M
2817,Shaun Palmer's Pro Snowboarder,PS2,2001.0,Sports,Codemasters,0.36,0.28,0.0,0.09,64.0,17.0,8.7,13.0,Dearsoft,E
7426,UFC Undisputed 2010,PSP,2010.0,Fighting,THQ,0.11,0.06,0.0,0.04,74.0,27.0,7,13.0,Yuke's,T
9777,Cel Damage,XB,2001.0,Racing,Electronic Arts,0.09,0.03,0.0,0.0,65.0,24.0,8.4,7.0,Pseudo Interactive,T
1735,Medal of Honor: Rising Sun,XB,2003.0,Shooter,Electronic Arts,0.76,0.36,0.0,0.05,65.0,23.0,5.8,28.0,EA LA,T
11015,Digimon All-Star Rumble,PS3,2014.0,Fighting,Namco Bandai Games,0.06,0.02,0.0,0.02,49.0,12.0,5.8,32.0,Prope,E10+
2475,Blazing Angels: Squadrons of WWII,Wii,2007.0,Simulation,Ubisoft,0.74,0.04,0.0,0.06,57.0,11.0,6.7,28.0,Ubisoft,T
3713,Metro 2033,X360,2010.0,Shooter,THQ,0.22,0.23,0.03,0.05,77.0,83.0,7.9,351.0,4A Games,M
707,Sonic's Ultimate Genesis Collection,PS3,2009.0,Misc,Sega,1.34,0.6,0.0,0.31,80.0,35.0,8.6,43.0,Backbone Entertainment,E10+
5472,Kelly Slater's Pro Surfer,PS2,2002.0,Sports,Activision,0.16,0.13,0.0,0.04,77.0,19.0,8.4,15.0,Treyarch,E
7843,MLB 12: The Show,PSV,2012.0,Sports,Sony Computer Entertainment,0.17,0.0,0.0,0.02,76.0,15.0,7.8,42.0,SCEA San Diego Studios,E
12640,Sacred 2: Fallen Angel,PC,2008.0,Role-Playing,Ascaron Entertainment GmbH,0.0,0.05,0.0,0.01,71.0,41.0,6.9,203.0,"Ascaron Entertainment GmbH, Ascaron Entertainment",M
5101,EA Sports MMA,PS3,2010.0,Fighting,Electronic Arts,0.16,0.14,0.01,0.06,77.0,47.0,6.9,38.0,EA Tiburon,T
6764,Sly Cooper: Thieves in Time,PSV,2013.0,Platform,Sony Computer Entertainment Europe,0.13,0.06,0.0,0.06,75.0,15.0,8.2,148.0,Sanzaru Games,E10+
1125,Far Cry 4,XOne,2014.0,Shooter,Ubisoft,0.8,0.69,0.01,0.14,82.0,15.0,7.5,383.0,Ubisoft Montreal,M
14109,Monster Kingdom: Jewel Summoner,PSP,2006.0,Role-Playing,Sony Computer Entertainment,0.0,0.0,0.04,0.0,66.0,25.0,6.8,6.0,Gaia (Sony),T
16165,Mortal Kombat: Tournament Edition,GBA,2003.0,Fighting,Midway Games,0.01,0.0,0.0,0.0,75.0,14.0,8.1,8.0,Criterion Games,M
14801,MX vs. ATV Supercross,PS3,2014.0,Racing,Nordic Games,0.02,0.01,0.0,0.0,58.0,4.0,3.5,4.0,Nordic Games Publishing,E
13286,Rugby 2005,XB,2005.0,Sports,Electronic Arts,0.04,0.01,0.0,0.0,75.0,20.0,7.7,11.0,HB Studios Multimedia,E
12200,Resident Evil 5,PC,2009.0,Action,Capcom,0.01,0.04,0.0,0.01,86.0,30.0,7.1,597.0,Capcom,M
6780,Skylanders SWAP Force,3DS,2013.0,Platform,Activision,0.1,0.12,0.0,0.02,68.0,12.0,6.4,13.0,n-Space,E10+
9769,Zathura,PS2,2005.0,Adventure,Take-Two Interactive,0.06,0.05,0.0,0.02,43.0,16.0,2,5.0,High Voltage Software,E10+
11921,Tom Clancy's Ghost Recon 2,GC,2005.0,Shooter,Ubisoft,0.06,0.01,0.0,0.0,54.0,10.0,1.4,11.0,Ubisoft Shanghai,T
4358,Pro Evolution Soccer 2017,PS4,2016.0,Sports,Konami Digital Entertainment,0.02,0.27,0.11,0.05,85.0,61.0,7.6,478.0,Konami,E
16706,STORM: Frontline Nation,PC,2011.0,Strategy,Unknown,0.0,0.01,0.0,0.0,60.0,12.0,7.2,13.0,SimBin,E10+
14896,The Sims 2: Bon Voyage,PC,2007.0,Simulation,Electronic Arts,0.01,0.01,0.0,0.0,74.0,9.0,7.3,24.0,Maxis,T
6652,Prison Break: The Conspiracy,PS3,2010.0,Action,Deep Silver,0.05,0.15,0.0,0.05,42.0,33.0,3.8,20.0,ZootFly,T
1100,SSX,PS2,2000.0,Sports,Electronic Arts,0.78,0.61,0.06,0.2,93.0,35.0,8.3,33.0,EA Sports Big,E
9160,Star Wars: Knights of the Old Republic,PC,2003.0,Role-Playing,LucasArts,0.01,0.1,0.0,0.02,93.0,33.0,9,1497.0,BioWare,T
7327,The Bard's Tale,PS2,2004.0,Role-Playing,Ubisoft,0.1,0.08,0.0,0.03,76.0,44.0,8.6,14.0,InXile Entertainment,T
987,Dead or Alive 3,XB,2001.0,Fighting,Microsoft Game Studios,1.19,0.29,0.24,0.06,87.0,35.0,8.6,44.0,Team Ninja,T
2852,F1 2011,X360,2011.0,Racing,Codemasters,0.11,0.5,0.01,0.09,84.0,61.0,7.1,54.0,Codemasters,E
8853,All-Star Baseball 2003,GC,2002.0,Sports,Acclaim Entertainment,0.12,0.03,0.0,0.0,83.0,16.0,8,6.0,Acclaim,E
630,Resistance 2,PS3,2008.0,Shooter,Sony Computer Entertainment,1.15,0.84,0.1,0.38,87.0,79.0,6.1,1889.0,Insomniac Games,M
1249,The Simpsons Game,PS2,2007.0,Action,Electronic Arts,0.35,0.03,0.0,1.13,68.0,10.0,8.2,27.0,Electronic Arts,T
3179,Dragon Age II,PC,2011.0,Action,Electronic Arts,0.23,0.33,0.0,0.08,82.0,45.0,4.5,4533.0,BioWare,M
482,Sonic Heroes,PS2,2003.0,Platform,Sega,1.04,1.37,0.06,0.49,64.0,29.0,7.8,94.0,Sonic Team,E
9776,Ninja Reflex,Wii,2008.0,Action,Electronic Arts,0.11,0.0,0.0,0.01,49.0,26.0,6,11.0,Sanzaru Games,E10+
12868,Alvin and the Chipmunks,Wii,2007.0,Misc,Eidos Interactive,0.05,0.0,0.0,0.0,30.0,4.0,3.6,20.0,Sensory Sweep,E
14986,Dungeon Siege II,PC,2005.0,Role-Playing,Microsoft Game Studios,0.0,0.02,0.0,0.0,80.0,51.0,7.9,159.0,Gas Powered Games,M
3273,NBA 2K9,PS3,2008.0,Sports,Take-Two Interactive,0.56,0.0,0.0,0.05,82.0,30.0,7,37.0,Visual Concepts,E
3683,The SpongeBob SquarePants Movie,XB,2004.0,Platform,THQ,0.4,0.12,0.0,0.02,74.0,14.0,8.5,8.0,Heavy Iron Studios,E
12337,Escape from Bug Island,Wii,2006.0,Action,Eidos Interactive,0.04,0.01,0.01,0.0,37.0,13.0,5,25.0,Spike,M
1316,Resident Evil: Outbreak,PS2,2003.0,Action,Capcom,0.54,0.35,0.46,0.1,71.0,40.0,8.3,94.0,Capcom,M
4815,The Gunstringer,X360,2011.0,Shooter,Microsoft Game Studios,0.26,0.1,0.0,0.04,77.0,60.0,8.1,40.0,Twisted Pixel Games,T
10823,Minority Report: Everybody Runs,XB,2002.0,Action,Activision,0.07,0.02,0.0,0.0,54.0,18.0,5,4.0,Treyarch,T
10617,Harry Potter and the Deathly Hallows - Part 1,PC,2010.0,Action,Electronic Arts,0.08,0.02,0.0,0.01,37.0,5.0,4.1,33.0,EA Bright Light,T
13271,Child of Light,PS4,2014.0,Role-Playing,Ubisoft,0.0,0.01,0.04,0.0,82.0,46.0,8,451.0,Ubisoft Montreal,E10+
4616,How to Train Your Dragon,Wii,2010.0,Action,Activision,0.23,0.15,0.0,0.04,59.0,11.0,7,4.0,Etranges Libellules,E10+
3097,Yoshi Topsy-Turvy,GBA,2004.0,Platform,Nintendo,0.25,0.09,0.3,0.01,60.0,23.0,6.6,5.0,Artoon,E
6869,Valhalla Knights,PSP,2006.0,Role-Playing,Rising Star Games,0.15,0.0,0.07,0.01,53.0,29.0,6.3,15.0,K2 LLC,E10+
7285,Herdy Gerdy,PS2,2002.0,Adventure,Eidos Interactive,0.11,0.08,0.0,0.03,69.0,24.0,5,12.0,Core Design Ltd.,E
15206,Summon Night: Swordcraft Story,GBA,2003.0,Role-Playing,Banpresto,0.02,0.01,0.0,0.0,77.0,20.0,8.1,19.0,Flight-Plan,E10+
5291,Toukiden: The Age of Demons,PSV,2013.0,Action,Tecmo Koei,0.04,0.04,0.25,0.02,71.0,44.0,8,136.0,Omega Force,T
1798,Sunset Overdrive,XOne,2014.0,Shooter,Microsoft Game Studios,0.63,0.4,0.0,0.1,81.0,89.0,7.7,1137.0,Insomniac Games,M
12149,Ultimate Marvel vs. Capcom 3,X360,2011.0,Fighting,Capcom,0.0,0.03,0.04,0.0,79.0,44.0,6.2,85.0,Capcom,T
6441,Suikoden Tierkreis,DS,2008.0,Role-Playing,Konami Digital Entertainment,0.09,0.01,0.15,0.01,76.0,24.0,7.4,37.0,Konami,E10+
8636,Bulletstorm,PC,2011.0,Shooter,Electronic Arts,0.07,0.07,0.0,0.02,82.0,34.0,7.7,768.0,"Epic Games, People Can Fly",M
2359,Call of Juarez: Bound in Blood,PS3,2009.0,Shooter,Ubisoft,0.35,0.37,0.01,0.15,78.0,47.0,7.8,91.0,Techland,M
1286,Major League Baseball 2K5,PS2,2005.0,Sports,Take-Two Interactive,0.72,0.56,0.0,0.19,82.0,19.0,7.4,20.0,Kush Games,E
2137,Evolve,PS4,2015.0,Shooter,Take-Two Interactive,0.36,0.41,0.05,0.15,76.0,46.0,4.3,894.0,Turtle Rock Studios,M
6787,MLB,PSP,2005.0,Sports,Sony Computer Entertainment,0.23,0.0,0.0,0.02,80.0,26.0,7.9,18.0,989 Sports,E
10828,Rio,X360,2011.0,Misc,THQ,0.05,0.03,0.0,0.01,60.0,16.0,7,7.0,Eurocom Entertainment Software,E10+
12289,Kabuki Warriors,XB,2001.0,Action,Genki,0.05,0.01,0.0,0.0,32.0,15.0,2.5,12.0,Light Weight,M
14583,Empire Earth II,PC,2005.0,Strategy,Vivendi Games,0.0,0.03,0.0,0.0,79.0,39.0,7.1,89.0,Mad Doc Software,T
13467,Supreme Commander,PC,2007.0,Strategy,THQ,0.0,0.04,0.0,0.01,86.0,44.0,8.3,263.0,Gas Powered Games,E10+
6894,Spider-Man: Shattered Dimensions,Wii,2010.0,Action,Activision,0.12,0.09,0.0,0.02,75.0,13.0,7.7,15.0,Beenox,T
14686,Commander: Conquest of the Americas,PC,2010.0,Strategy,Paradox Interactive,0.0,0.02,0.0,0.0,68.0,16.0,5.2,19.0,Nitro Games,T
7151,Skies of Arcadia Legends,GC,2002.0,Role-Playing,Atari,0.17,0.04,0.0,0.01,84.0,31.0,9.2,95.0,Overworks,T
963,Demon's Souls,PS3,2009.0,Role-Playing,Namco Bandai Games,0.97,0.33,0.35,0.17,89.0,81.0,8.9,1441.0,From Software,M
4882,The House of The Dead III,XB,2002.0,Shooter,Sega,0.29,0.08,0.0,0.01,72.0,30.0,7.3,9.0,Wow Entertainment,M
16501,Dungeon Explorer: Warriors of Ancient Arts,PSP,2007.0,Role-Playing,Rising Star Games,0.01,0.0,0.0,0.0,56.0,13.0,5.5,4.0,Hudson Soft,T
140,Gears of War 3,X360,2011.0,Shooter,Microsoft Game Studios,4.05,1.59,0.07,0.5,91.0,96.0,7.8,1504.0,Epic Games,M
8906,Armored Core: For Answer,X360,2008.0,Simulation,Ubisoft,0.06,0.01,0.07,0.01,64.0,22.0,7.7,38.0,From Software,T
6936,NASCAR 08,PS2,2007.0,Racing,Electronic Arts,0.12,0.09,0.0,0.03,56.0,9.0,8.2,9.0,EA Tiburon,E
6542,Drakan: The Ancients' Gates,PS2,2002.0,Adventure,Sony Computer Entertainment,0.13,0.1,0.0,0.03,78.0,31.0,9,39.0,Surreal Software,M
11380,Shovel Knight,PS4,2015.0,Platform,Yacht Club Games,0.03,0.03,0.0,0.01,90.0,18.0,7.6,312.0,Yacht Club Games,E
9196,Wild ARMs XF,PSP,2007.0,Role-Playing,505 Games,0.07,0.0,0.06,0.01,64.0,22.0,6.6,19.0,Media Vision,E10+
10737,Natural Doctrine,PS4,2014.0,Role-Playing,Nippon Ichi Software,0.05,0.02,0.02,0.01,53.0,31.0,6,79.0,Kadokawa,M
11556,PAC-MAN and the Ghostly Adventures,X360,2013.0,Platform,Namco Bandai Games,0.04,0.03,0.0,0.01,49.0,7.0,5.1,13.0,"Namco Bandai Games, Monkey Bar Games",E10+
4399,Tiger Woods PGA Tour 2003,XB,2002.0,Sports,Electronic Arts,0.35,0.08,0.0,0.01,88.0,14.0,8.5,11.0,EA Sports,E
5252,Trauma Center: Under the Knife,DS,2005.0,Simulation,Nintendo,0.3,0.01,0.02,0.03,81.0,45.0,8.7,45.0,ITL,T
11,Mario Kart DS,DS,2005.0,Racing,Nintendo,9.71,7.47,4.13,1.9,91.0,64.0,8.6,464.0,Nintendo,E
4760,Naughty Bear,X360,2010.0,Action,505 Games,0.21,0.15,0.0,0.04,43.0,51.0,5.6,70.0,Artificial Mind and Movement,T
10139,Open Season,X360,2006.0,Platform,Ubisoft,0.1,0.0,0.0,0.01,59.0,15.0,7.3,9.0,Ubisoft,E10+
10693,Harvey Birdman: Attorney at Law,PSP,2008.0,Adventure,Capcom,0.09,0.0,0.0,0.01,62.0,19.0,8,8.0,High Voltage Software,T
13761,Test Drive: Ferrari Legends,PS3,2012.0,Racing,Unknown,0.04,0.0,0.0,0.01,62.0,19.0,4.9,22.0,"Atari, Slightly Mad Studios, Atari SA",E
2863,Skate,X360,2007.0,Sports,Electronic Arts,0.62,0.03,0.0,0.06,86.0,59.0,8.4,137.0,EA Black Box,T
12057,Earth Defense Force 2: Invaders from Planet Space,PSV,2014.0,Action,Xseed Games,0.02,0.0,0.04,0.01,72.0,20.0,8.5,22.0,Sandlot,T
11530,The King of Fighters EX2: Howling Blood,GBA,2002.0,Fighting,Marvelous Interactive,0.06,0.02,0.0,0.0,80.0,10.0,9.1,10.0,Marvelous,T
14669,Drome Racers,GC,2003.0,Racing,Electronic Arts,0.02,0.01,0.0,0.0,54.0,5.0,6.6,5.0,Attention To Detail,E
8927,Disney's Donald Duck: Goin' Quackers,PS,2000.0,Platform,Ubisoft,0.08,0.06,0.0,0.01,65.0,4.0,7,10.0,Ubisoft Shanghai,E
2875,Silent Hill 3,PS2,2003.0,Action,Konami Digital Entertainment,0.35,0.27,0.0,0.09,85.0,41.0,8.8,315.0,KCET,M
9108,Scarface: The World is Yours,Wii,2007.0,Action,Vivendi Games,0.12,0.01,0.0,0.01,71.0,23.0,8.4,29.0,Radical Entertainment,M
15596,Point Blank 3,PS,2000.0,Shooter,Namco Bandai Games,0.01,0.01,0.0,0.0,78.0,5.0,8.4,5.0,Tose Software,T
12281,Risen 3: Titan Lords,X360,2014.0,Role-Playing,Deep Silver,0.02,0.04,0.0,0.0,44.0,8.0,4.4,69.0,Piranha Bytes,M
7232,Pinball Hall of Fame: The Williams Collection,PS3,2009.0,Misc,Crave Entertainment,0.2,0.0,0.0,0.02,82.0,16.0,7.9,8.0,Farsight Studios,E10+
3726,Sacred 2: Fallen Angel,X360,2009.0,Role-Playing,Deep Silver,0.29,0.16,0.04,0.05,71.0,56.0,7.3,64.0,"Ascaron Entertainment GmbH, Ascaron Entertainment",M
2772,Unreal Championship,XB,2002.0,Shooter,Atari,0.59,0.12,0.0,0.03,83.0,29.0,8.2,24.0,Digital Extremes,M
9013,BlazBlue: Chrono Phantasma Extend,PS4,2015.0,Action,PQube,0.07,0.03,0.02,0.02,80.0,10.0,7.7,31.0,Arc System Works,T
8189,NHL 2004,XB,2003.0,Sports,Electronic Arts,0.13,0.04,0.0,0.01,85.0,21.0,6.5,31.0,EA Black Box,E
3712,NBA Live 10,PS3,2009.0,Sports,Electronic Arts,0.46,0.02,0.01,0.05,81.0,32.0,7.5,25.0,EA Canada,E
1000,State of Emergency,PS2,2002.0,Action,Take-Two Interactive,0.86,0.67,0.0,0.22,71.0,34.0,5.7,33.0,VIS Entertainment,M
14904,Aegis of Earth: Protonovus Assault,PS4,2016.0,Action,PQube,0.02,0.0,0.0,0.0,57.0,11.0,7.8,9.0,Acquire,T
3828,F1 2009,PSP,2009.0,Racing,Codemasters,0.08,0.29,0.0,0.16,68.0,23.0,7.2,14.0,Sumo Digital,E
10824,NASCAR,PSP,2006.0,Racing,Electronic Arts,0.09,0.0,0.0,0.01,66.0,13.0,5.3,6.0,Exient Entertainment,E
7848,NBA 2K11,PC,2010.0,Action,Take-Two Interactive,0.18,0.0,0.0,0.01,82.0,6.0,8.6,37.0,Visual Concepts,E
5105,Skate,PS3,2007.0,Sports,Electronic Arts,0.29,0.04,0.0,0.03,85.0,31.0,8.2,57.0,EA Black Box,T
3291,Texas Hold 'Em Poker,GBA,2004.0,Misc,Majesco Entertainment,0.44,0.16,0.0,0.01,49.0,7.0,6.8,6.0,Skyworks Technologies,E
8125,Borderlands,PC,2009.0,Shooter,Take-Two Interactive,0.01,0.14,0.0,0.03,81.0,37.0,7.8,1363.0,Gearbox Software,M
11865,Commandos 2: Men of Courage,XB,2002.0,Strategy,Eidos Interactive,0.05,0.02,0.0,0.0,67.0,12.0,8.4,5.0,Pyro Studios,T
13598,Nobunaga's Ambition: Sphere of Influence,PS4,2014.0,Strategy,Tecmo Koei,0.03,0.0,0.0,0.01,80.0,20.0,8.1,46.0,Koei Tecmo Games,T
15223,Rule of Rose,PS2,2006.0,Action,505 Games,0.01,0.01,0.0,0.0,59.0,44.0,8.6,51.0,"Punchline, Shirogumi",M
6257,Over the Hedge,DS,2006.0,Platform,Activision,0.24,0.01,0.0,0.02,71.0,17.0,6.4,9.0,Vicarious Visions,E
11677,Bangai-O Spirits,DS,2008.0,Shooter,D3Publisher,0.07,0.0,0.0,0.01,83.0,38.0,8.1,27.0,Treasure,E10+
5238,Arctic Thunder,PS2,2001.0,Racing,Midway Games,0.17,0.14,0.0,0.05,45.0,23.0,5.3,10.0,Inland Productions,T
9710,Conception II: Children of the Seven Stars,3DS,2013.0,Role-Playing,Screenlife,0.09,0.0,0.03,0.01,62.0,11.0,7.7,44.0,Spike,M
15552,Ridge Racer Unbounded,PC,2012.0,Racing,Namco Bandai Games,0.0,0.02,0.0,0.0,72.0,9.0,6,83.0,Bugbear,T
7519,Sniper: Ghost Warrior 2,X360,2013.0,Shooter,City Interactive,0.06,0.12,0.0,0.02,52.0,33.0,5.7,110.0,City Interactive,M
6812,Corvette,XB,2003.0,Racing,TDK Mediactive,0.18,0.05,0.0,0.01,53.0,4.0,8.6,12.0,Steel Monkeys,E
9991,Self-Defense Training Camp,X360,2011.0,Sports,Ubisoft,0.08,0.03,0.0,0.01,21.0,5.0,5,25.0,Ubisoft,T
9556,Star Wars: Lethal Alliance,PSP,2006.0,Action,Ubisoft,0.11,0.01,0.0,0.01,61.0,31.0,7,7.0,Ubisoft Montreal,T
891,X-Men Legends,PS2,2004.0,Role-Playing,Activision,1.0,0.72,0.0,0.21,79.0,48.0,8.5,69.0,Raven Software,T
10985,Prinny: Can I Really Be the Hero?,PSP,2008.0,Platform,Tecmo Koei,0.03,0.0,0.05,0.01,72.0,45.0,7,41.0,Nippon Ichi Software,T
13647,Attack of the Movies 3D,X360,2010.0,Shooter,Majesco Entertainment,0.04,0.0,0.0,0.0,38.0,8.0,1.7,10.0,Panic Button,T
12595,Mobile Suit Gundam: Gundam vs. Zeta Gundam,PS2,2004.0,Shooter,Namco Bandai Games,0.03,0.02,0.0,0.01,57.0,16.0,8.6,11.0,Capcom,T
12115,Tomb Raider: Legend,DS,2006.0,Action,Eidos Interactive,0.04,0.02,0.0,0.01,58.0,15.0,8,7.0,Human Soft,T
13605,Corpse Party: Book of Shadows,PSP,2011.0,Adventure,5pb,0.0,0.0,0.04,0.0,67.0,23.0,8.2,50.0,5pb,M
7595,Warriors Orochi,PSP,2008.0,Action,Tecmo Koei,0.02,0.0,0.18,0.0,62.0,13.0,6.6,10.0,"Omega Force, Koei Canada",T
9110,Sphinx and the Cursed Mummy,GC,2003.0,Action,THQ,0.11,0.03,0.0,0.0,79.0,22.0,8.8,12.0,Eurocom Entertainment Software,T
3249,XGRA: Extreme G-Racing Association,PS2,2004.0,Racing,Eidos Interactive,0.3,0.24,0.0,0.08,68.0,23.0,8.6,8.0,Acclaim Studios Cheltenham,T
6570,NBA ShootOut 2004,PS2,2003.0,Sports,Sony Computer Entertainment,0.13,0.1,0.0,0.03,58.0,19.0,7.8,8.0,989 Sports,E
12060,RayStorm,PS,1997.0,Shooter,Sony Computer Entertainment,0.04,0.03,0.0,0.0,79.0,7.0,7.8,4.0,Taito Corporation,E
12504,The Next BIG Thing,PC,2011.0,Adventure,Focus Home Interactive,0.0,0.05,0.0,0.01,75.0,30.0,7.9,35.0,Pendulo Studios,E10+
1239,Super Monkey Ball 2,GC,2002.0,Puzzle,Atari,1.11,0.31,0.06,0.04,87.0,34.0,8.5,51.0,Amusement Vision,E
2289,Lost Odyssey,X360,2007.0,Role-Playing,Microsoft Game Studios,0.45,0.26,0.11,0.08,78.0,68.0,8.3,432.0,Mistwalker,T
2740,MVP 06 NCAA Baseball,PS2,2006.0,Sports,Electronic Arts,0.62,0.02,0.0,0.1,76.0,27.0,9,18.0,EA Canada,E
4585,Trials Fusion,PS4,2014.0,Racing,Ubisoft,0.13,0.22,0.01,0.07,79.0,51.0,7.2,244.0,RedLynx,E10+
9200,Dino Crisis 3,XB,2003.0,Action,Capcom,0.08,0.03,0.03,0.0,51.0,28.0,4.1,22.0,Capcom,M
15419,Spider-Man 3,PC,2007.0,Platform,Activision,0.02,0.0,0.0,0.0,62.0,16.0,7.1,29.0,Beenox,T
6262,Siren: Blood Curse,PS3,2008.0,Action,Sony Computer Entertainment,0.0,0.17,0.09,0.01,78.0,42.0,8.1,87.0,SCE Japan Studio,M
968,Mafia III,PS4,2016.0,Action,Take-Two Interactive,0.42,1.08,0.03,0.28,68.0,66.0,5.1,1147.0,Hangar 13,M
1939,Grand Theft Auto: Chinatown Wars,PSP,2009.0,Action,Take-Two Interactive,0.28,0.49,0.03,0.27,90.0,77.0,7.3,146.0,Rockstar Leeds,M
1274,Batman: Arkham Knight,XOne,2015.0,Action,Warner Bros. Interactive Entertainment,0.88,0.47,0.0,0.14,85.0,16.0,6.6,694.0,Rocksteady Studios,M
619,Marvel: Ultimate Alliance,X360,2006.0,Role-Playing,Activision,2.29,0.02,0.0,0.19,82.0,68.0,7.5,120.0,Raven Software,T
1742,Tom Clancy's Ghost Recon: Jungle Storm,PS2,2004.0,Shooter,Ubisoft,0.57,0.44,0.0,0.15,70.0,31.0,6.3,24.0,Red Storm Entertainment,T
2203,Bully,PS2,2006.0,Action,Take-Two Interactive,0.75,0.03,0.04,0.12,87.0,69.0,9.1,293.0,Rockstar Vancouver,T
3568,Top Spin 3,X360,2008.0,Action,Take-Two Interactive,0.09,0.4,0.0,0.07,78.0,47.0,7.6,36.0,Pam Development,E
2734,Pro Evolution Soccer 2015,PS4,2014.0,Sports,Konami Digital Entertainment,0.09,0.45,0.11,0.1,82.0,56.0,7.2,386.0,Konami,E
6052,Puzzle Quest: Challenge of the Warlords,Wii,2007.0,Puzzle,D3Publisher,0.26,0.0,0.0,0.02,71.0,17.0,6.2,5.0,Vicious Cycle,E10+
3178,Rock Band 3,Wii,2010.0,Misc,MTV Games,0.53,0.06,0.0,0.04,91.0,10.0,6.9,36.0,Backbone Entertainment,T
3192,Iron Man,PSP,2008.0,Action,Sega,0.46,0.09,0.0,0.09,44.0,7.0,6.5,16.0,Artificial Mind and Movement,T
9499,"Crouching Tiger, Hidden Dragon",PS2,2003.0,Action,Ubisoft,0.06,0.05,0.0,0.02,48.0,26.0,3.7,6.0,Light Weight,T
6099,The Warriors,XB,2005.0,Action,Take-Two Interactive,0.21,0.06,0.0,0.01,85.0,55.0,8.2,21.0,Rockstar Toronto,M
7029,Airblade,PS2,2001.0,Sports,Sony Computer Entertainment,0.11,0.09,0.0,0.03,70.0,18.0,5.8,12.0,Criterion Games,T
575,Need for Speed: Shift,PS3,2009.0,Racing,Electronic Arts,0.69,1.4,0.04,0.52,84.0,55.0,6.9,113.0,Slightly Mad Studios,E
7115,Rogue Ops,PS2,2003.0,Action,Kemco,0.11,0.09,0.0,0.03,61.0,26.0,9.2,6.0,Bits Studios,M
13994,Exist Archive: The Other Side of the Sky,PS4,2015.0,Role-Playing,Aksys Games,0.01,0.0,0.03,0.0,69.0,13.0,7.9,16.0,Tri-Ace,T
6276,The Evil Within,PC,2014.0,Action,Bethesda Softworks,0.1,0.16,0.0,0.02,68.0,18.0,5.9,721.0,Tango Gameworks,M
13149,Alias,XB,2004.0,Action,Acclaim Entertainment,0.04,0.01,0.0,0.0,64.0,37.0,6,4.0,Acclaim Studios Cheltenham,T
5897,Silent Hill: Shattered Memories,PSP,2010.0,Action,Konami Digital Entertainment,0.09,0.13,0.01,0.07,73.0,28.0,7.5,43.0,"Climax Group, Climax Studios",M
269,Assassin's Creed: Revelations,PS3,2011.0,Action,Ubisoft,1.41,2.01,0.1,0.7,80.0,39.0,7.5,613.0,Ubisoft Montreal,M
629,Saints Row: The Third,PS3,2011.0,Action,THQ,0.86,1.04,0.18,0.38,82.0,50.0,7.7,384.0,Volition Inc.,M
6430,Rune: Viking Warlord,PS2,2001.0,Action,Take-Two Interactive,0.13,0.1,0.0,0.03,53.0,16.0,7.3,11.0,Human Head Studios,M
7062,Final Fantasy XI: Treasures of Aht Urhgan,PS2,2006.0,Role-Playing,Square Enix,0.06,0.05,0.1,0.02,87.0,4.0,7.1,13.0,Square Enix,T
5543,Golden Axe: Beast Rider,X360,2008.0,Action,Sega,0.19,0.11,0.0,0.03,45.0,33.0,5.8,33.0,Secret Level,M
4356,Harry Potter and the Deathly Hallows - Part 1,X360,2010.0,Action,Electronic Arts,0.21,0.2,0.0,0.04,38.0,42.0,5,46.0,EA Bright Light,T
15627,Marvel Avengers: Battle for Earth,X360,2012.0,Action,Ubisoft,0.02,0.0,0.0,0.0,62.0,11.0,7.3,12.0,Ubisoft Quebec,T
2113,NCAA Football 06,XB,2005.0,Sports,Electronic Arts,0.73,0.21,0.0,0.03,87.0,38.0,8.3,27.0,EA Sports,E
8219,Rapala Fishing Frenzy 2009,PS3,2008.0,Sports,Activision,0.16,0.0,0.0,0.01,31.0,4.0,4.4,9.0,FUN Labs,E
10232,Calling,Wii,2009.0,Adventure,Konami Digital Entertainment,0.06,0.04,0.0,0.01,49.0,28.0,6.7,16.0,Hudson Entertainment,T
3814,Mario Tennis: Power Tour,GBA,2005.0,Sports,Nintendo,0.24,0.09,0.19,0.01,81.0,21.0,8,25.0,Camelot Software Planning,E
2278,Colin McRae Rally 2.0,PS,2000.0,Racing,Codemasters,0.02,0.8,0.02,0.07,90.0,13.0,8.7,31.0,Codemasters,E
13,Wii Fit,Wii,2007.0,Sports,Nintendo,8.92,8.03,3.6,2.15,80.0,63.0,7.7,146.0,Nintendo,E
10532,Hot Wheels: Stunt Track Challenge,XB,2004.0,Racing,THQ,0.08,0.02,0.0,0.0,63.0,11.0,6.2,5.0,Climax Group,E
12765,X-Men: Destiny,DS,2011.0,Action,Activision,0.05,0.01,0.0,0.0,33.0,6.0,5.6,7.0,Silicon Knights,E10+
3591,Batman Begins,PS2,2005.0,Action,Electronic Arts,0.27,0.21,0.0,0.07,64.0,41.0,7.3,70.0,Eurocom Entertainment Software,T
7904,Rise of the Kasai,PS2,2005.0,Action,Sony Computer Entertainment,0.09,0.07,0.0,0.02,68.0,37.0,8,5.0,BottleRocket Entertainment,M
2958,Harry Potter and the Chamber of Secrets,GC,2002.0,Action,Electronic Arts,0.53,0.14,0.0,0.02,77.0,14.0,8.3,27.0,Eurocom Entertainment Software,E
529,inFAMOUS: Second Son,PS4,2014.0,Action,Sony Computer Entertainment,1.28,0.98,0.07,0.46,80.0,90.0,7.9,2944.0,Sucker Punch,T
13579,Tom Clancy's HAWX,PC,2009.0,Action,Ubisoft,0.0,0.03,0.0,0.01,70.0,23.0,7.3,125.0,Ubisoft Romania,T
9461,Batman: Arkham Knight,PC,2015.0,Action,Warner Bros. Interactive Entertainment,0.09,0.03,0.0,0.01,70.0,14.0,2.5,1967.0,"Rocksteady Studios, Iron Galaxy Studios",M
1394,Far Cry 2,PS3,2008.0,Action,Ubisoft,0.43,0.69,0.01,0.26,85.0,49.0,6.4,241.0,Ubisoft Montreal,M
12201,X-Men: The Official Game,GBA,2006.0,Action,Activision,0.05,0.02,0.0,0.0,55.0,9.0,9.3,6.0,WayForward,E10+
4703,F1 2014,PS3,2014.0,Racing,Codemasters,0.07,0.26,0.02,0.06,62.0,19.0,4.1,28.0,Codemasters Birmingham,E
1712,Shenmue,DC,1999.0,Adventure,Sega,0.52,0.24,0.38,0.04,88.0,9.0,9.4,201.0,Sega AM2,T
955,Sonic Classic Collection,DS,2010.0,Platform,Sega,0.92,0.73,0.0,0.17,70.0,24.0,7.5,28.0,Creative Assembly,E
3453,Shin Megami Tensei IV,3DS,2013.0,Role-Playing,Atlus,0.28,0.0,0.27,0.03,83.0,48.0,8.3,251.0,Atlus,M
9579,City Crisis,PS2,2001.0,Simulation,Take-Two Interactive,0.06,0.05,0.0,0.02,63.0,20.0,6.2,5.0,Syscom,E
10169,XXX,GBA,2002.0,Action,Activision,0.08,0.03,0.0,0.0,50.0,13.0,5,4.0,Digital Eclipse,E
9094,Fur Fighters: Viggo's Revenge,PS2,2001.0,Action,Acclaim Entertainment,0.07,0.05,0.0,0.02,64.0,15.0,7.3,37.0,Bizarre Creations,T
352,FIFA Soccer 10,PS3,2009.0,Sports,Electronic Arts,0.6,2.45,0.05,0.52,91.0,56.0,7.6,203.0,EA Sports,E
6078,World of Tanks,PC,2011.0,Shooter,Wargaming.net,0.0,0.23,0.0,0.05,80.0,38.0,3.7,1466.0,Wargaming.net,T
6236,Myst III: Exile,PS2,2002.0,Adventure,Ubisoft,0.14,0.11,0.0,0.04,57.0,9.0,7,4.0,Presto Studios,E
12322,Insecticide,DS,2008.0,Action,Gamecock,0.06,0.0,0.0,0.0,55.0,23.0,7,5.0,Creat Studios,E10+
8946,The Wizard of Oz: Beyond The Yellow Brick Road,DS,2008.0,Role-Playing,D3Publisher,0.13,0.0,0.0,0.01,68.0,18.0,6,4.0,Media Vision,E
11163,The Mummy: Tomb of the Dragon Emperor,Wii,2008.0,Action,Vivendi Games,0.08,0.0,0.0,0.01,39.0,7.0,6.4,5.0,Eurocom Entertainment Software,T
9274,NCIS,X360,2011.0,Adventure,Ubisoft,0.1,0.02,0.0,0.01,35.0,11.0,4.7,7.0,Ubisoft,T
2920,NASCAR 2001,PS2,2000.0,Racing,Electronic Arts,0.34,0.27,0.0,0.09,66.0,16.0,6.6,9.0,EA Sports,E
8503,Doctor Lautrec and the Forgotten Knights,3DS,2011.0,Adventure,Konami Digital Entertainment,0.07,0.05,0.03,0.01,53.0,19.0,6.1,8.0,WinkySoft,E10+
661,Madden NFL 11,PS3,2010.0,Sports,Electronic Arts,2.04,0.15,0.0,0.2,83.0,36.0,6.1,68.0,EA Tiburon,E
10181,Cake Mania,DS,2007.0,Puzzle,Majesco Entertainment,0.09,0.01,0.0,0.01,55.0,23.0,6.1,7.0,Digital Embryo,E
306,The Legend of Zelda: Skyward Sword,Wii,2011.0,Action,Nintendo,2.03,1.16,0.37,0.38,93.0,81.0,8,1958.0,Nintendo,E10+
2356,Call of Duty: Modern Warfare 2,PC,2009.0,Shooter,Activision,0.01,0.79,0.0,0.09,86.0,40.0,4.2,6430.0,Infinity Ward,M
1927,SoulCalibur III,PS2,2005.0,Fighting,Namco Bandai Games,0.74,0.15,0.13,0.05,86.0,57.0,8.4,96.0,Namco,T
8941,Medal of Honor: Infiltrator,GBA,2003.0,Shooter,Electronic Arts,0.11,0.04,0.0,0.0,80.0,19.0,7.2,12.0,Netherock Ltd.,T
1266,Rock Band 2,PS3,2008.0,Misc,MTV Games,1.13,0.2,0.0,0.16,91.0,24.0,7.9,88.0,Harmonix Music Systems,T
13612,WarTech: Senko no Ronde,X360,2006.0,Fighting,Ubisoft,0.04,0.0,0.0,0.0,60.0,33.0,6.1,7.0,G.Rev,T
4109,Metal Gear Rising: Revengeance,X360,2013.0,Action,Konami Digital Entertainment,0.3,0.14,0.0,0.04,82.0,46.0,7.8,358.0,PlatinumGames,M
4904,SSX 3,XB,2003.0,Sports,Electronic Arts,0.29,0.08,0.0,0.01,92.0,27.0,8.7,25.0,EA Canada,E
7294,Over G Fighters,X360,2006.0,Simulation,Ubisoft,0.19,0.01,0.0,0.02,49.0,36.0,6,49.0,Taito Corporation,T
514,Madden NFL 10,X360,2009.0,Sports,Electronic Arts,2.52,0.09,0.0,0.22,85.0,58.0,6.1,90.0,EA Tiburon,E
894,Mortal Kombat vs. DC Universe,X360,2008.0,Fighting,Midway Games,1.53,0.23,0.0,0.16,72.0,61.0,7.5,87.0,Midway,T
11577,Game of Thrones,PC,2012.0,Role-Playing,Focus Home Interactive,0.0,0.07,0.0,0.01,58.0,23.0,6.5,345.0,"Cyanide, Cyanide Studios",M
899,Red Faction,PS2,2001.0,Shooter,THQ,0.76,0.96,0.0,0.2,88.0,25.0,8,69.0,Volition Inc.,M
458,The Sims 4,PC,2014.0,Simulation,Electronic Arts,1.0,1.82,0.0,0.23,70.0,74.0,3.9,2057.0,Maxis,T
10246,Avatar: The Last Airbender,PSP,2006.0,Adventure,THQ,0.1,0.0,0.0,0.01,57.0,9.0,6.3,10.0,TOSE,E10+
2430,Tomb Raider: Anniversary,Wii,2007.0,Action,Eidos Interactive,0.12,0.62,0.0,0.11,73.0,22.0,7.3,25.0,Crystal Dynamics,T
8442,Leisure Suit Larry: Magna Cum Laude,XB,2004.0,Adventure,Vivendi Games,0.12,0.04,0.0,0.01,62.0,49.0,6.4,13.0,High Voltage Software,M
12398,"Warhammer 40,000: Squad Command",DS,2007.0,Strategy,THQ,0.05,0.01,0.0,0.01,57.0,21.0,7.9,16.0,THQ,T
3911,Pro Evolution Soccer 2010,Wii,2009.0,Sports,Konami Digital Entertainment,0.12,0.27,0.06,0.05,82.0,13.0,8.4,17.0,Konami,E
9631,Mega Man X Collection,GC,2006.0,Misc,Capcom,0.1,0.03,0.0,0.0,75.0,23.0,9.2,12.0,Capcom,E
3144,NBA Live 06,XB,2005.0,Sports,Electronic Arts,0.57,0.04,0.0,0.03,79.0,30.0,6.4,15.0,EA Canada,E
6917,LEGO Marvel's Avengers,WiiU,2016.0,Action,Warner Bros. Interactive Entertainment,0.12,0.1,0.0,0.02,69.0,4.0,6.8,15.0,TT Games,E10+
2056,Pokken Tournament,WiiU,2016.0,Fighting,Namco Bandai Games,0.5,0.26,0.17,0.08,76.0,74.0,8,273.0,Bandai Namco Games,E10+
634,Midnight Club: Los Angeles,PS3,2008.0,Racing,Take-Two Interactive,1.56,0.53,0.05,0.31,82.0,50.0,8.2,100.0,Rockstar San Diego,T
6082,Assassin's Creed IV: Black Flag,WiiU,2013.0,Action,Ubisoft,0.17,0.09,0.0,0.03,86.0,5.0,7.7,207.0,Ubisoft,M
105,Fallout 4,PS4,2015.0,Role-Playing,Bethesda Softworks,2.53,3.27,0.24,1.13,87.0,58.0,6.5,4228.0,Bethesda Game Studios,M
12430,Steins;Gate,PS3,2012.0,Adventure,PQube,0.01,0.02,0.02,0.01,83.0,8.0,8.7,51.0,Nitro+,M
6732,SBK Superbike World Championship,PS3,2008.0,Racing,Black Bean Games,0.12,0.11,0.0,0.02,59.0,7.0,6.1,8.0,Milestone S.r.l,E10+
11040,Astro Boy: Omega Factor,GBA,2003.0,Action,THQ,0.06,0.02,0.0,0.0,85.0,37.0,8.6,18.0,Hitmaker,E
12529,Arkanoid DS,DS,2007.0,Puzzle,Square Enix,0.06,0.0,0.0,0.0,61.0,29.0,7,5.0,Taito Corporation,E
2720,Metal Gear Solid V: The Phantom Pain,XOne,2015.0,Action,Konami Digital Entertainment,0.41,0.26,0.01,0.07,95.0,10.0,7.3,900.0,"Kojima Productions, Moby Dick Studio",M
14427,Dance Factory,PS2,2006.0,Action,Codemasters,0.02,0.01,0.0,0.0,56.0,22.0,5.8,8.0,Broadsword Interactive,E
8783,NHL 2K10,PS3,2009.0,Sports,Take-Two Interactive,0.13,0.01,0.0,0.01,66.0,23.0,7.1,8.0,Take-Two Interactive,E10+
16576,King's Bounty: Armored Princess,PC,2009.0,Role-Playing,1C Company,0.0,0.01,0.0,0.0,82.0,25.0,8.6,158.0,Katauri Interactive,T
9768,Megamind: Ultimate Showdown,X360,2010.0,Action,THQ,0.07,0.04,0.0,0.01,33.0,7.0,4.3,6.0,THQ Australia,E10+
3762,MLB SlugFest 20-04,PS2,2003.0,Sports,Midway Games,0.26,0.2,0.0,0.07,78.0,23.0,8.3,8.0,Midway,E
213,Madden NFL 06,PS2,2005.0,Sports,Electronic Arts,3.98,0.26,0.01,0.66,88.0,29.0,8,121.0,EA Sports,E
778,Project Gotham Racing,XB,2001.0,Racing,Microsoft Game Studios,1.37,0.61,0.05,0.09,85.0,35.0,8.2,28.0,Bizarre Creations,E
8920,The Legend of Heroes: Trails of Cold Steel II,PS3,2014.0,Role-Playing,Nippon Ichi Software,0.02,0.02,0.11,0.01,90.0,4.0,7.8,71.0,Falcom,T
6154,Assassin's Creed II: Discovery,DS,2009.0,Action,Ubisoft,0.15,0.11,0.0,0.03,69.0,20.0,7.3,22.0,Griptonite Games,T
9759,The X Files: Resist or Serve,PS2,2004.0,Adventure,Vivendi Games,0.06,0.05,0.0,0.02,67.0,31.0,8.4,8.0,Black Ops Entertainment,M
11758,MTV Music Generator 3: This Is the Remix,XB,2004.0,Misc,Codemasters,0.06,0.02,0.0,0.0,79.0,26.0,5.4,10.0,Mix Max,T
8465,Sid Meier's Civilization IV,PC,2005.0,Strategy,Take-Two Interactive,0.02,0.12,0.0,0.03,94.0,50.0,8.3,909.0,Firaxis Games,E10+
12052,Tokyo Twilight Ghost Hunters,PSV,2014.0,Role-Playing,Aksys Games,0.03,0.01,0.02,0.01,63.0,12.0,7,16.0,TOYBOX,T
10960,Steins;Gate 0,PSV,2015.0,Adventure,PQube,0.0,0.03,0.05,0.01,86.0,7.0,9.3,20.0,5pb,M
583,NBA 2K12,X360,2011.0,Sports,Take-Two Interactive,2.31,0.14,0.01,0.16,90.0,42.0,7.7,134.0,Visual Concepts,E
116,Just Dance 4,Wii,2012.0,Misc,Ubisoft,4.05,2.16,0.0,0.55,74.0,10.0,7.3,28.0,Ubisoft,E10+
8712,Lufia: Curse of the Sinistrals,DS,2010.0,Role-Playing,Square Enix,0.11,0.0,0.03,0.01,80.0,8.0,8,13.0,Neverland,E10+
1875,Dragon Ball Z: The Legacy of Goku II,GBA,2003.0,Role-Playing,Atari,0.78,0.29,0.0,0.02,75.0,21.0,8.9,39.0,Webfoot Technologies,E
12157,Assassin's Creed Chronicles,PSV,2016.0,Action,Ubisoft,0.01,0.04,0.01,0.01,70.0,6.0,8,24.0,Climax Studios,T
3224,Tony Hawk's American Wasteland,XB,2005.0,Sports,Activision,0.4,0.2,0.0,0.03,77.0,40.0,7.7,15.0,Neversoft Entertainment,T
4473,Need for Speed Underground 2,GBA,2004.0,Racing,Electronic Arts,0.31,0.12,0.0,0.01,72.0,8.0,8.2,13.0,Pocketeers,E
8884,Battleborn,XOne,2016.0,Shooter,Take-Two Interactive,0.1,0.04,0.0,0.01,71.0,20.0,7.2,171.0,Gearbox Software,T
959,World of Warcraft: Mists of Pandaria,PC,2012.0,Role-Playing,Activision,0.84,0.76,0.0,0.22,82.0,42.0,4.8,1265.0,Blizzard Entertainment,T
14323,Apache: Air Assault,PC,2010.0,Simulation,Just Flight,0.0,0.03,0.0,0.0,64.0,7.0,7.5,18.0,Gaijin Entertainment,T
1050,Deal or No Deal,DS,2007.0,Misc,Mindscape,1.15,0.4,0.0,0.15,20.0,13.0,1.9,41.0,Artefacts Studio,E
8711,All-Pro Football 2K8,PS3,2007.0,Sports,Take-Two Interactive,0.14,0.0,0.0,0.01,73.0,23.0,7.3,21.0,Visual Concepts,E10+
3676,Viva Pinata: Pocket Paradise,DS,2008.0,Simulation,THQ,0.26,0.23,0.0,0.06,82.0,34.0,7.1,15.0,Rare Ltd.,E
6573,Castlevania: Harmony of Dissonance,GBA,2002.0,Platform,Konami Digital Entertainment,0.16,0.06,0.04,0.0,87.0,27.0,8.2,39.0,KCET,T
5179,High Heat Major League Baseball 2004,PS2,2003.0,Sports,3DO,0.18,0.14,0.0,0.05,83.0,17.0,8.1,12.0,3DO,E
1607,WWE SmackDown vs. Raw 2009,PS2,2008.0,Fighting,THQ,0.69,0.0,0.0,0.55,78.0,9.0,6.9,34.0,Yuke's,T
3610,Soldier of Fortune: Gold Edition,PS2,2001.0,Shooter,Codemasters,0.27,0.21,0.0,0.07,59.0,14.0,6.8,17.0,Pipe Dream Interactive,M
2255,SpongeBob SquarePants: The Yellow Avenger,PSP,2006.0,Action,THQ,0.55,0.21,0.0,0.16,48.0,9.0,6.4,13.0,Tantalus Interactive,E
791,Mortal Kombat,X360,2011.0,Fighting,Warner Bros. Interactive Entertainment,1.63,0.31,0.0,0.16,86.0,66.0,8.3,382.0,NetherRealm Studios,M
8984,MLB SlugFest 20-03,GC,2002.0,Sports,Midway Games,0.11,0.03,0.0,0.0,80.0,10.0,7.5,4.0,Gratuitous Games,E
1980,Virtua Tennis 3,PS3,2007.0,Sports,Sega,0.23,0.58,0.03,0.21,80.0,35.0,7.9,32.0,Sega AM3,E
4179,"Warhammer 40,000: Dawn of War II",PC,2009.0,Strategy,THQ,0.0,0.45,0.0,0.02,85.0,67.0,8.1,1502.0,Relic,M
13156,OutRun 2006: Coast 2 Coast,PS2,2006.0,Racing,Sega,0.02,0.01,0.01,0.0,81.0,42.0,8.8,17.0,Sumo Digital,E
988,Dragon Quest Monsters: Joker,DS,2006.0,Role-Playing,Square Enix,0.23,0.02,1.49,0.02,75.0,30.0,7.4,27.0,TOSE,E10+
11645,Alien Syndrome,PSP,2007.0,Role-Playing,Sega,0.07,0.0,0.0,0.01,51.0,20.0,6,9.0,Totally Games,T
2896,Dragon Quest Swords: The Masked Queen and the Tower of Mirrors,Wii,2007.0,Role-Playing,Square Enix,0.18,0.01,0.5,0.02,65.0,43.0,5.9,21.0,"Eighting, Genius Sonority Inc.",T
3778,Ty the Tasmanian Tiger 2: Bush Rescue,PS2,2004.0,Platform,Electronic Arts,0.26,0.2,0.0,0.07,71.0,24.0,8.2,22.0,Krome Studios,E
3155,Stuntman: Ignition,X360,2007.0,Racing,THQ,0.25,0.31,0.0,0.07,75.0,38.0,7.3,31.0,Paradigm Entertainment,T
1823,SOCOM: U.S. Navy SEALs Fireteam Bravo,PSP,2005.0,Shooter,Sony Computer Entertainment,1.03,0.0,0.01,0.08,82.0,44.0,8.6,63.0,Zipper Interactive,M
7027,Grand Slam Tennis 2,PS3,2012.0,Sports,Electronic Arts,0.09,0.1,0.0,0.04,73.0,36.0,5.2,17.0,EA Sports,E
1098,Big Beach Sports,Wii,2008.0,Sports,THQ,0.45,1.02,0.0,0.2,44.0,17.0,8,41.0,HB Studios Multimedia,E
10396,Dead to Rights II,XB,2005.0,Shooter,Electronic Arts,0.08,0.02,0.0,0.0,54.0,35.0,7.4,5.0,Namco,M
3342,Fighters Uncaged,X360,2010.0,Fighting,Ubisoft,0.31,0.23,0.0,0.06,32.0,38.0,4.6,23.0,Ubisoft,T
38,Grand Theft Auto III,PS2,2001.0,Action,Take-Two Interactive,6.99,4.51,0.3,1.3,97.0,56.0,8.5,664.0,DMA Design,M
3356,Muramasa: The Demon Blade,Wii,2009.0,Role-Playing,Rising Star Games,0.32,0.12,0.11,0.04,81.0,58.0,8.7,101.0,Vanillaware,T
13025,Otogi 2: Immortal Warriors,XB,2003.0,Action,Sega,0.04,0.01,0.0,0.0,79.0,43.0,8.3,12.0,From Software,T
5043,Naruto Shippuden: Ultimate Ninja Heroes 3,PSP,2009.0,Fighting,Namco Bandai Games,0.13,0.04,0.19,0.03,61.0,22.0,6.6,19.0,CyberConnect2,T
8476,Driver: San Francisco,Wii,2011.0,Racing,Ubisoft,0.06,0.09,0.0,0.02,64.0,7.0,6.2,10.0,Ubisoft Reflections,T
686,Need For Speed: High Stakes,PS,1999.0,Racing,Electronic Arts,1.58,0.64,0.0,0.09,86.0,14.0,8.5,28.0,EA Canada,E
2353,Samba De Amigo,Wii,2008.0,Misc,Sega,0.41,0.37,0.01,0.09,68.0,43.0,8.1,40.0,Gearbox Software,E
6353,Shadows of the Damned,PS3,2011.0,Action,Electronic Arts,0.11,0.09,0.04,0.03,77.0,56.0,8.1,124.0,Grasshopper Manufacture,M
9109,Top Spin 4,Wii,2011.0,Sports,Take-Two Interactive,0.04,0.08,0.0,0.02,54.0,8.0,7.4,7.0,2K Games,E
1040,Call of Duty: Modern Warfare 3,PC,2011.0,Shooter,Activision,0.41,0.98,0.0,0.32,78.0,26.0,2.5,5664.0,"Infinity Ward, Sledgehammer Games",M
15885,The Longest Journey,PC,1999.0,Adventure,Empire Interactive,0.0,0.01,0.0,0.0,91.0,26.0,8.9,439.0,Funcom,M
7059,Lunar Knights,DS,2006.0,Role-Playing,Konami Digital Entertainment,0.17,0.01,0.04,0.01,82.0,39.0,7.8,25.0,Kojima Productions,E10+
277,Assassin's Creed: Revelations,X360,2011.0,Action,Ubisoft,2.25,1.47,0.04,0.43,80.0,77.0,7.2,564.0,Ubisoft Montreal,M
9437,Shaman King: Power of Spirit,PS2,2004.0,Adventure,Konami Digital Entertainment,0.06,0.05,0.0,0.02,54.0,9.0,8.2,17.0,WinkySoft,T
2382,Tom Clancy's Ghost Recon: Island Thunder,XB,2003.0,Shooter,Ubisoft,0.61,0.24,0.0,0.03,81.0,33.0,8.8,17.0,Red Storm Entertainment,M
571,FIFA 17,XOne,2016.0,Sports,Electronic Arts,0.43,2.05,0.0,0.17,84.0,50.0,5.5,201.0,"EA Sports, EA Vancouver",E
1435,MotorStorm: Pacific Rift,PS3,2008.0,Racing,Sony Computer Entertainment,0.43,0.65,0.02,0.25,82.0,63.0,8,318.0,Evolution Studios,T
12873,Gladiator: Sword of Vengeance,XB,2003.0,Action,Acclaim Entertainment,0.04,0.01,0.0,0.0,65.0,25.0,7.1,7.0,Acclaim Studios Manchester,M
10706,Universal Studios Theme Parks Adventure,GC,2001.0,Misc,Kemco,0.08,0.02,0.0,0.0,39.0,11.0,2.9,11.0,Kemco,T
5445,Mega Man ZX Advent,DS,2007.0,Platform,Capcom,0.22,0.0,0.09,0.02,78.0,27.0,8.6,32.0,Inti Creates,E10+
1007,Madden NFL 17,PS4,2016.0,Sports,Electronic Arts,1.25,0.17,0.0,0.32,82.0,35.0,4.9,83.0,EA Sports,E
4543,SEGA Classics Collection,PS2,2005.0,Misc,Sega,0.21,0.16,0.0,0.05,46.0,18.0,6.7,6.0,Sega,T
15862,Broken Sword 5: The Serpent's Curse,XOne,2015.0,Adventure,Revolution Software,0.0,0.02,0.0,0.0,77.0,12.0,7.2,11.0,Revolution Software,T
13836,Patrician IV,PC,2010.0,Strategy,Kalypso Media,0.03,0.0,0.0,0.0,66.0,18.0,6.4,34.0,Gaming Minds Studios,E
10177,Astro Boy: The Video Game,PS2,2009.0,Action,D3Publisher,0.05,0.04,0.0,0.01,56.0,4.0,5,4.0,High Voltage Software,E10+
294,Carnival Games,Wii,2007.0,Misc,Take-Two Interactive,2.12,1.47,0.05,0.42,56.0,27.0,6,44.0,Cat Daddy Games,E
8780,Project Sylpheed: Arc of Deception,X360,2006.0,Shooter,Microsoft Game Studios,0.12,0.01,0.02,0.01,64.0,45.0,8.6,24.0,"Game Arts, Seta Corporation",T
10321,Rengoku: The Tower of Purgatory,PSP,2005.0,Action,Konami Digital Entertainment,0.1,0.0,0.0,0.01,43.0,30.0,5.6,22.0,Neverland,M
15980,A Vampyre Story,PC,2008.0,Adventure,Crimson Cow,0.0,0.01,0.0,0.0,75.0,33.0,8.5,25.0,Autumn Moon,T
3741,Time Crisis: Razing Storm,PS3,2010.0,Shooter,Namco Bandai Games,0.18,0.2,0.07,0.08,58.0,49.0,5.9,15.0,Nex Entertainment,T
2719,Genji: Days of the Blade,PS3,2006.0,Action,Sony Computer Entertainment,0.18,0.37,0.06,0.14,55.0,46.0,5.8,30.0,Game Republic,T
15949,Dragon Booster,DS,2005.0,Shooter,Konami Digital Entertainment,0.02,0.0,0.0,0.0,33.0,14.0,7,9.0,Konami Computer Entertainment Hawaii,E
5150,Scribblenauts: Unlimited,WiiU,2012.0,Action,Warner Bros. Interactive Entertainment,0.25,0.09,0.0,0.03,73.0,42.0,7.4,109.0,5TH Cell,E10+
2808,NCAA Football 07,X360,2006.0,Sports,Electronic Arts,0.67,0.0,0.0,0.06,79.0,43.0,6.9,20.0,EA Sports,E
9017,G.I. Joe: The Rise of Cobra,PS2,2009.0,Action,Electronic Arts,0.11,0.0,0.0,0.03,50.0,4.0,2.3,6.0,Double Helix Games,T
556,L.A. Noire,X360,2011.0,Adventure,Take-Two Interactive,1.52,0.92,0.02,0.24,89.0,83.0,7.8,893.0,Team Bondi,M
2469,Harry Potter and the Order of the Phoenix,DS,2007.0,Action,Electronic Arts,0.28,0.46,0.0,0.1,51.0,15.0,4.9,19.0,Visual Impact,E
3738,Harry Potter and the Deathly Hallows - Part 1,Wii,2010.0,Action,Electronic Arts,0.22,0.27,0.0,0.05,41.0,8.0,5,11.0,Electronic Arts,T
12643,Teenage Mutant Ninja Turtles 3: Mutant Nightmare,DS,2005.0,Action,Konami Digital Entertainment,0.05,0.0,0.0,0.0,58.0,10.0,7,5.0,Konami,E
13481,Assassin's Creed: Altair's Chronicles,DS,2008.0,Platform,Ubisoft,0.03,0.01,0.0,0.0,58.0,30.0,6.3,30.0,Gameloft,T
2604,Band Hero,X360,2009.0,Misc,Activision,0.51,0.21,0.0,0.07,76.0,52.0,5,30.0,Neversoft Entertainment,E10+
1704,Mario vs. Donkey Kong 2: March of the Minis,DS,2006.0,Puzzle,Nintendo,0.73,0.03,0.36,0.07,76.0,32.0,7.9,17.0,"Nintendo, Nintendo Software Technology",E
14688,LEGO Pirates of the Caribbean: The Video Game,PC,2011.0,Action,Disney Interactive Studios,0.03,0.0,0.0,0.0,73.0,11.0,6.6,17.0,Traveller's Tales,E10+
2383,Sleeping Dogs,X360,2012.0,Action,Square Enix ,0.38,0.4,0.01,0.08,80.0,47.0,7.9,468.0,United Front Games,M
4311,Brain Challenge,DS,2008.0,Misc,Ubisoft,0.41,0.0,0.0,0.03,68.0,7.0,7,4.0,Ubisoft,E
1312,Homefront,X360,2011.0,Shooter,THQ,0.83,0.48,0.02,0.12,70.0,85.0,6,399.0,Kaos Studios,M
1591,Need for Speed: Most Wanted,X360,2005.0,Racing,Electronic Arts,1.0,0.13,0.02,0.1,83.0,54.0,8.5,134.0,EA Canada,T
2162,SpongeBob SquarePants: Battle for Bikini Bottom,GC,2003.0,Platform,THQ,0.74,0.19,0.0,0.03,71.0,10.0,8.6,34.0,Heavy Iron Studios,E
2396,GRID,X360,2008.0,Racing,Codemasters,0.33,0.44,0.01,0.09,87.0,62.0,7.9,131.0,Codemasters,E
317,MotorStorm,PS3,2006.0,Racing,Sony Computer Entertainment,1.53,1.6,0.06,0.67,84.0,9.0,7.4,220.0,Evolution Studios,T
3020,Unreal Tournament III,PS3,2007.0,Shooter,Midway Games,0.33,0.23,0.0,0.1,86.0,42.0,7.7,127.0,Epic Games,M
9903,Marvel Avengers: Battle for Earth,WiiU,2012.0,Action,Ubisoft,0.06,0.04,0.0,0.01,50.0,10.0,5,25.0,Ubisoft Quebec,T
5295,Football Manager 2016,PC,2015.0,Simulation,Sega,0.0,0.33,0.0,0.02,81.0,34.0,6.9,97.0,Sega,E
3972,Star Wars: Jedi Starfighter,PS2,2002.0,Simulation,Activision,0.24,0.19,0.0,0.06,81.0,22.0,8.3,8.0,LucasArts,T
4133,X-Men: Next Dimension,PS2,2002.0,Fighting,Activision,0.23,0.18,0.0,0.06,61.0,19.0,8.7,13.0,Paradox Development,T
974,NBA 2K11,PS3,2010.0,Action,Take-Two Interactive,1.41,0.2,0.03,0.16,89.0,46.0,7.6,105.0,Visual Concepts,E
9752,Tom Clancy's Ghost Recon,Wii,2010.0,Shooter,Ubisoft,0.1,0.01,0.0,0.01,46.0,21.0,6.8,8.0,Next Level Games,T
13774,Age of Mythology: The Titans,PC,2003.0,Strategy,Microsoft Game Studios,0.02,0.02,0.0,0.0,84.0,25.0,8.7,119.0,Ensemble Studios,T
12457,DuckTales: Remastered,WiiU,2013.0,Action,Capcom,0.06,0.0,0.0,0.01,76.0,10.0,7.9,100.0,WayForward,E
5016,The Incredible Hulk,PS2,2008.0,Action,Sega,0.32,0.01,0.0,0.05,50.0,4.0,6,5.0,Edge of Reality,T
9179,Odin Sphere: Leifthrasir,PSV,2016.0,Role-Playing,Nippon Ichi Software,0.02,0.02,0.09,0.01,93.0,5.0,7.9,83.0,Vanillaware,T
10874,Burnout Paradise: The Ultimate Box,PC,2009.0,Racing,Electronic Arts,0.0,0.08,0.0,0.01,87.0,26.0,7.5,435.0,Criterion Games,E10+
13239,Whirl Tour,GC,2002.0,Sports,Vivendi Games,0.04,0.01,0.0,0.0,61.0,10.0,9,4.0,Papaya Studios,E
11873,Fairy Fencer F: Advent Dark Force,PS4,2015.0,Role-Playing,Idea Factory International,0.02,0.0,0.05,0.0,71.0,21.0,6.2,34.0,Compile Heart,T
1380,LEGO Indiana Jones 2: The Adventure Continues,Wii,2009.0,Action,Activision,0.9,0.38,0.0,0.12,72.0,13.0,6.1,14.0,Traveller's Tales,E10+
11352,Aliens versus Predator: Extinction,XB,2003.0,Strategy,Electronic Arts,0.06,0.02,0.0,0.0,64.0,19.0,7.7,21.0,Zono Inc.,T
7287,Afrika,PS3,2008.0,Adventure,Unknown,0.12,0.0,0.08,0.01,63.0,12.0,6.2,34.0,Rhino Studios,E10+
8194,Velvet Assassin,X360,2009.0,Shooter,DTP Entertainment,0.14,0.02,0.01,0.01,56.0,46.0,7.1,55.0,"Replay Studios, ML Enterprises",M
14551,Klonoa 2: Dream Champ Tournament,GBA,2002.0,Platform,Namco Bandai Games,0.02,0.01,0.0,0.0,78.0,20.0,9.3,6.0,Namco,E
10301,Sonic Generations,PC,2011.0,Platform,Sega,0.02,0.07,0.0,0.02,77.0,11.0,8.3,337.0,Sega,E
9041,Thor: God of Thunder,X360,2011.0,Action,Sega,0.09,0.04,0.0,0.01,38.0,40.0,5.7,22.0,Liquid Entertainment,T
10929,Alien Hominid,GC,2004.0,Shooter,O3 Entertainment,0.07,0.02,0.0,0.0,78.0,28.0,8.5,15.0,The Behemoth,T
2466,Rogue Galaxy,PS2,2005.0,Role-Playing,Sony Computer Entertainment,0.24,0.16,0.39,0.05,83.0,59.0,8.4,89.0,Level 5,T
7657,SpongeBob SquarePants: Revenge of the Flying Dutchman,GC,2002.0,Platform,THQ,0.15,0.04,0.0,0.01,66.0,4.0,8.3,10.0,Big Sky Software,E
2736,Madden NFL 06,PSP,2005.0,Sports,Electronic Arts,0.69,0.0,0.0,0.06,75.0,23.0,7.9,16.0,EA Tiburon,E
8245,Skate it,DS,2008.0,Sports,Electronic Arts,0.14,0.02,0.0,0.01,72.0,13.0,7.8,12.0,Exient Entertainment,E
3845,Rory McIlroy PGA Tour,PS4,2015.0,Action,Electronic Arts,0.18,0.25,0.0,0.08,61.0,33.0,3.7,78.0,EA Tiburon,E
10992,Fighting Fantasy: The Warlock of Firetop Mountain,DS,2009.0,Role-Playing,Aspyr,0.08,0.0,0.0,0.01,45.0,10.0,8.1,31.0,Big Blue Bubble Inc.,T
936,Star Wars: The Force Unleashed,Wii,2008.0,Action,LucasArts,1.11,0.56,0.0,0.18,71.0,18.0,7.9,75.0,Krome Studios,T
2265,Kung Fu Panda,Wii,2008.0,Action,Activision,0.5,0.32,0.0,0.09,70.0,20.0,6.7,7.0,Xpec,E10+
12513,Vexx,GC,2003.0,Platform,Acclaim Entertainment,0.05,0.01,0.0,0.0,71.0,22.0,7.3,6.0,Acclaim,T
3564,NCAA March Madness 07,PS2,2007.0,Sports,Electronic Arts,0.28,0.22,0.0,0.07,63.0,9.0,8.6,7.0,EA Canada,E
5429,Delta Force: Black Hawk Down,XB,2005.0,Shooter,NovaLogic,0.25,0.07,0.0,0.01,61.0,37.0,6.6,19.0,Climax Group,T
7827,Silent Hill HD Collection,X360,2012.0,Action,Konami Digital Entertainment,0.11,0.06,0.01,0.02,69.0,17.0,5.6,98.0,Konami,M
13895,Resident Evil: Operation Raccoon City,PC,2012.0,Action,Capcom,0.0,0.03,0.0,0.01,48.0,8.0,3.8,188.0,Slant Six,M
1868,GRID,PS3,2008.0,Racing,Codemasters,0.31,0.56,0.03,0.2,87.0,39.0,8.1,109.0,Codemasters,E
8202,Dark Souls II,PC,2014.0,Role-Playing,Namco Bandai Games,0.08,0.08,0.0,0.01,91.0,36.0,7.1,2318.0,From Software,T
7486,BeyBlade VForce: Super Tournament Battle,GC,2002.0,Action,Atari,0.16,0.04,0.0,0.01,33.0,6.0,7.5,18.0,Takara,E
4805,18 Wheeler: American Pro Trucker,PS2,2001.0,Racing,Acclaim Entertainment,0.2,0.15,0.0,0.05,61.0,11.0,5.7,18.0,Acclaim Studios Cheltenham,E
15684,Legendary,PC,2008.0,Shooter,Atari,0.0,0.01,0.0,0.0,50.0,23.0,6.6,104.0,Spark Unlimited,M
8056,MotoGP,Wii,2009.0,Racing,Capcom,0.05,0.11,0.0,0.02,44.0,10.0,5.4,11.0,Milestone S.r.l,E
4494,Lego Batman 3: Beyond Gotham,XOne,2014.0,Action,Warner Bros. Interactive Entertainment,0.23,0.17,0.0,0.04,74.0,25.0,7.1,36.0,TT Games,E10+
2632,NBA 2K7,PS2,2006.0,Sports,Take-Two Interactive,0.65,0.02,0.0,0.11,81.0,12.0,8.4,18.0,"Kush Games, Visual Concepts",E
15261,Eureka Seven Vol. 2: The New Vision,PS2,2006.0,Shooter,Namco Bandai Games,0.0,0.0,0.02,0.0,40.0,17.0,7,5.0,Namco Bandai Games America,T
4388,Virtua Tennis 4,PS3,2011.0,Sports,Sega,0.09,0.24,0.03,0.08,69.0,49.0,6.6,28.0,Sega,E
2033,Bulletstorm,X360,2011.0,Shooter,Electronic Arts,0.61,0.32,0.01,0.08,84.0,83.0,7.6,439.0,"Epic Games, People Can Fly",M
15643,Heroes of the Pacific,PC,2005.0,Simulation,Codemasters,0.0,0.02,0.0,0.0,76.0,18.0,6.7,19.0,IR Gurus,T
1165,Pro Evolution Soccer 2008,PS3,2007.0,Sports,Konami Digital Entertainment,0.04,1.1,0.32,0.13,74.0,19.0,6.1,47.0,Konami,E
2050,Assassin's Creed: Rogue,X360,2014.0,Action,Ubisoft,0.58,0.34,0.0,0.09,72.0,32.0,7.3,318.0,Ubisoft,M
3760,Dragon's Crown,PS3,2013.0,Role-Playing,Nippon Ichi Software,0.25,0.07,0.17,0.05,82.0,62.0,8.3,288.0,Vanillaware,T
4435,DmC: Devil May Cry,X360,2013.0,Action,Capcom,0.26,0.12,0.01,0.04,86.0,65.0,5.1,1438.0,Ninja Theory,M
3430,SoulCalibur V,X360,2012.0,Fighting,Namco Bandai Games,0.39,0.13,0.02,0.04,77.0,56.0,6.2,124.0,Project Soul,T
4361,Dead or Alive: Dimensions,3DS,2011.0,Fighting,Ubisoft Annecy,0.13,0.21,0.07,0.03,79.0,62.0,8.2,113.0,Team Ninja,T
1771,Donkey Konga,GC,2003.0,Misc,Nintendo,0.5,0.16,0.46,0.03,76.0,55.0,8.3,21.0,Namco,E
3511,Iron Man,X360,2008.0,Action,Sega,0.27,0.24,0.0,0.06,45.0,43.0,5.9,52.0,Secret Level,T
271,FIFA 14,X360,2013.0,Sports,Electronic Arts,0.92,2.89,0.01,0.4,84.0,41.0,4.2,435.0,EA Canada,E
12605,Devil's Third,WiiU,2015.0,Action,Nintendo,0.04,0.02,0.0,0.01,43.0,54.0,6.5,283.0,Valhalla Game Studios,M
15393,Maximum Capacity: Hotel Giant,PC,2002.0,Strategy,JoWood Productions,0.0,0.02,0.0,0.0,59.0,11.0,7.7,9.0,JoWooD Entertainment AG,T
4346,Samurai Warriors: Xtreme Legends,PS2,2004.0,Action,Tecmo Koei,0.04,0.03,0.36,0.01,72.0,17.0,8.6,13.0,Omega Force,T
10653,Bullet Witch,X360,2006.0,Shooter,Atari,0.07,0.01,0.02,0.01,55.0,59.0,6.1,41.0,Cavia Inc.,M
545,Saints Row: The Third,X360,2011.0,Action,THQ,1.25,1.14,0.07,0.3,84.0,70.0,7.6,490.0,Volition Inc.,M
3241,The Urbz: Sims in the City,GBA,2004.0,Simulation,Electronic Arts,0.37,0.22,0.0,0.03,72.0,6.0,9.2,25.0,Griptonite Games,E
8930,Ys: The Oath in Felghana,PSP,2010.0,Role-Playing,Falcom Corporation,0.09,0.0,0.04,0.01,80.0,25.0,8.3,57.0,Falcom,T
7564,NBA 2K2,XB,2002.0,Sports,Sega,0.15,0.04,0.0,0.01,90.0,17.0,7.6,5.0,Visual Concepts,E
6640,Hunted: The Demon's Forge,PS3,2011.0,Action,Bethesda Softworks,0.12,0.08,0.02,0.03,57.0,34.0,6.2,70.0,InXile Entertainment,M
7694,Prince of Persia: Warrior Within,GC,2004.0,Action,Ubisoft,0.15,0.04,0.0,0.01,83.0,31.0,8.6,20.0,Ubisoft,M
130,The Elder Scrolls V: Skyrim,PS3,2011.0,Role-Playing,Bethesda Softworks,2.55,2.6,0.25,1.0,92.0,16.0,6.4,2527.0,Bethesda Game Studios,M
14523,Guild Wars,PC,2005.0,Role-Playing,NCSoft,0.03,0.0,0.0,0.0,89.0,53.0,8.4,455.0,ArenaNet,T
2667,Unlimited Saga,PS2,2002.0,Role-Playing,Atari,0.1,0.08,0.56,0.03,45.0,26.0,3,29.0,SquareSoft,T
7693,Baldur's Gate: Dark Alliance,XB,2002.0,Role-Playing,Virgin Interactive,0.15,0.04,0.0,0.01,83.0,25.0,8.3,26.0,Snowblind Studios,T
614,Skylanders Giants,Wii,2012.0,Action,Activision,1.48,0.83,0.0,0.21,78.0,8.0,7,20.0,Toys for Bob,E10+
4497,Hyperdimension Neptunia,PS3,2010.0,Role-Playing,Tecmo Koei,0.22,0.09,0.07,0.04,45.0,31.0,7,148.0,"Idea Factory, Compile Heart",T
2419,Rocky,PS2,2002.0,Fighting,Rage Software,0.42,0.33,0.0,0.11,74.0,14.0,8.4,11.0,Rage Software,T
5085,Just Dance 4,WiiU,2012.0,Misc,Ubisoft,0.21,0.13,0.0,0.03,66.0,14.0,7.8,37.0,Ubisoft Paris,E10+
3294,Vanquish,PS3,2010.0,Shooter,Sega,0.21,0.21,0.11,0.08,84.0,61.0,8.1,304.0,PlatinumGames,M
13014,Aliens in the Attic,DS,2009.0,Action,Playlogic Game Factory,0.05,0.0,0.0,0.0,58.0,7.0,6,5.0,Engine Software,E10+
9018,Casper: Spirit Dimensions,PS2,2001.0,Platform,TDK Mediactive,0.07,0.05,0.0,0.02,58.0,7.0,3.5,6.0,Lucky Chicken,E
7686,The Thing,XB,2002.0,Adventure,Vivendi Games,0.15,0.04,0.0,0.01,78.0,21.0,6.6,14.0,Computer Artworks,M
8820,Street Fighter Anniversary Collection,XB,2004.0,Fighting,Capcom,0.11,0.03,0.0,0.01,79.0,33.0,6.4,9.0,Capcom,T
12045,Open Season,Wii,2006.0,Platform,Ubisoft,0.06,0.0,0.0,0.01,49.0,5.0,5.6,7.0,Ubisoft,E10+
390,Metal Gear Solid V: The Phantom Pain,PS4,2015.0,Action,Konami Digital Entertainment,1.09,1.36,0.49,0.48,93.0,86.0,8.2,3943.0,"Kojima Productions, Moby Dick Studio",M
3157,Dishonored 2,PS4,2016.0,Action,Bethesda Softworks,0.22,0.32,0.0,0.1,88.0,56.0,7.7,569.0,Arkane Studios,M
12182,Jurassic Park: Operation Genesis,XB,2003.0,Simulation,Konami Digital Entertainment,0.05,0.01,0.0,0.0,69.0,21.0,8.8,19.0,Blue Tongue Entertainment,T
8592,Create,PS3,2010.0,Action,Electronic Arts,0.11,0.03,0.0,0.02,61.0,23.0,5.2,5.0,EA Bright Light,E
15355,FIFA Soccer 09,PC,2008.0,Sports,Electronic Arts,0.0,0.02,0.0,0.0,77.0,15.0,6.8,36.0,EA Canada,E
8044,Vietcong: Purple Haze,PS2,2004.0,Shooter,Gathering of Developers,0.09,0.07,0.0,0.02,48.0,11.0,4.3,6.0,Coyote Developments,M
3993,Shrek SuperSlam,PS2,2005.0,Action,Activision,0.24,0.19,0.0,0.06,67.0,21.0,9,26.0,Shaba Games,E10+
11918,Serious Sam: Next Encounter,PS2,2004.0,Shooter,Global Star,0.04,0.03,0.0,0.01,65.0,27.0,7.8,17.0,Climax Group,M
5319,Aggressive Inline,PS2,2002.0,Sports,Acclaim Entertainment,0.17,0.13,0.0,0.04,85.0,31.0,8.7,14.0,"Z-Axis, Ltd.",T
7119,F1 2014,X360,2014.0,Racing,Codemasters,0.08,0.13,0.0,0.02,64.0,14.0,4.1,20.0,Codemasters Birmingham,E
5604,Sky Odyssey,PS2,2000.0,Simulation,Sony Computer Entertainment,0.16,0.12,0.0,0.04,79.0,18.0,8.4,9.0,CAProduction,E
11344,Harvey Birdman: Attorney at Law,Wii,2008.0,Adventure,Capcom,0.08,0.0,0.0,0.01,60.0,28.0,7.8,5.0,High Voltage Software,T
12254,Gunstar Super Heroes,GBA,2005.0,Shooter,Sega,0.05,0.02,0.0,0.0,83.0,31.0,8.5,13.0,Treasure,E10+
338,FIFA Soccer 2005,PS2,2004.0,Sports,Electronic Arts,0.58,2.48,0.04,0.59,81.0,27.0,7.6,56.0,EA Canada,E
8407,Gauntlet: Dark Legacy,XB,2002.0,Action,Midway Games,0.13,0.04,0.0,0.01,54.0,9.0,8.9,10.0,Midway,T
7982,Fight Club,PS2,2004.0,Fighting,Vivendi Games,0.09,0.07,0.0,0.02,36.0,28.0,4.4,22.0,Genuine Games,M
329,LEGO Indiana Jones: The Original Adventures,X360,2008.0,Action,Activision,2.4,1.01,0.0,0.36,77.0,60.0,7.5,66.0,Traveller's Tales,E10+
6960,Harry Potter and the Goblet of Fire,XB,2005.0,Action,Electronic Arts,0.18,0.05,0.0,0.01,68.0,26.0,5.8,10.0,Electronic Arts,E10+
4090,Scene It? Lights Camera Action,X360,2007.0,Misc,Microsoft Game Studios,0.43,0.01,0.0,0.04,73.0,41.0,8.1,21.0,"Screenlife Games, WXP",T
6667,Michael Jackson: The Experience,DS,2010.0,Misc,Ubisoft,0.21,0.02,0.0,0.02,64.0,5.0,6.6,5.0,Ubisoft,E10+
4197,Rise of Nightmares,X360,2011.0,Action,Sega,0.28,0.13,0.01,0.04,54.0,56.0,7.8,44.0,Sega,M
3549,Breath of Fire IV,PS,2000.0,Role-Playing,Capcom,0.11,0.08,0.34,0.04,83.0,10.0,8.9,45.0,Capcom,T
8363,Terminator 3: The Redemption,PS2,2004.0,Shooter,Atari,0.08,0.06,0.0,0.02,68.0,29.0,8,11.0,Paradigm Entertainment,T
4203,Dance Dance Revolution: Mario Mix,GC,2005.0,Misc,Nintendo,0.36,0.09,0.0,0.01,69.0,28.0,8.4,19.0,Hudson,E
15956,Post Mortem,PC,2003.0,Adventure,Microids,0.0,0.01,0.0,0.0,71.0,25.0,8,28.0,Microids,M
60,Call of Duty: Ghosts,X360,2013.0,Shooter,Activision,6.73,2.56,0.04,0.91,73.0,29.0,2.6,2117.0,Infinity Ward,M
1240,Pac-Man World 2,PS2,2002.0,Action,Namco Bandai Games,1.26,0.05,0.0,0.21,73.0,19.0,7.8,26.0,Namco,E
5136,Overlord: Dark Legend,Wii,2009.0,Action,Codemasters,0.11,0.22,0.0,0.04,68.0,30.0,7.9,15.0,Climax Group,T
15048,Final Fantasy XIV: Heavensward,PC,2015.0,Action,Square Enix,0.01,0.01,0.0,0.0,86.0,14.0,7.7,255.0,Square Enix,T
1524,Pirates of the Caribbean: The Curse of the Black Pearl,GBA,2003.0,Platform,TDK Mediactive,0.93,0.34,0.0,0.02,49.0,10.0,6.2,5.0,Pocket Studios,E
7617,Clive Barker's Jericho,PS3,2007.0,Shooter,Codemasters,0.17,0.01,0.0,0.02,60.0,34.0,7.1,52.0,"Mercury Steam, Alchemic Productions",M
153,Tekken 2,PS,1996.0,Fighting,Sony Computer Entertainment,2.26,1.89,1.36,0.23,89.0,8.0,8.9,102.0,Namco,T
481,Middle-Earth: Shadow of Mordor,PS4,2014.0,Action,Warner Bros. Interactive Entertainment,1.01,1.43,0.05,0.47,84.0,85.0,8.1,1886.0,Monolith Productions,M
6122,Viewtiful Joe,PS2,2004.0,Action,Capcom,0.14,0.11,0.0,0.04,90.0,34.0,8.5,35.0,Clover Studio,T
12652,Tron 2.0: Killer App,XB,2004.0,Action,Disney Interactive Studios,0.04,0.01,0.0,0.0,69.0,36.0,4.3,4.0,Climax Group,T
7674,Silent Hill: Book of Memories,PSV,2012.0,Action,Konami Digital Entertainment,0.1,0.05,0.0,0.04,58.0,57.0,5.1,102.0,WayForward,M
7715,Way of the Samurai 4,PS3,2011.0,Action,Nippon Ichi Software,0.0,0.03,0.16,0.01,58.0,25.0,6.5,15.0,Acquire,M
15569,Tom Clancy's Splinter Cell Classic Trilogy HD,PS3,2011.0,Action,Ubisoft,0.02,0.0,0.0,0.0,67.0,21.0,6.8,29.0,Ubisoft,M
7479,Final Fight One,GBA,2001.0,Fighting,Ubisoft,0.09,0.03,0.08,0.0,82.0,16.0,7.8,8.0,Sun-Tec,E
1333,NCAA Football 2003,PS2,2002.0,Sports,Electronic Arts,1.16,0.08,0.0,0.19,91.0,19.0,8.6,27.0,EA Sports,E
8378,Gunvalkyrie,XB,2002.0,Shooter,Infogrames,0.13,0.04,0.0,0.01,73.0,28.0,7.3,10.0,Smilebit,T
10250,Michael Phelps: Push the Limit,X360,2011.0,Sports,505 Games,0.09,0.01,0.0,0.01,48.0,10.0,3.5,6.0,Blitz Games,E
8340,Deus Ex: Mankind Divided,XOne,2016.0,Role-Playing,Square Enix,0.09,0.06,0.0,0.01,83.0,18.0,7.2,175.0,Eidos Montreal,M
11555,Armored Core 3 Portable,PSP,2009.0,Simulation,From Software,0.0,0.0,0.08,0.0,43.0,6.0,6.7,6.0,From Software,T
4788,Battalion Wars,GC,2005.0,Strategy,Nintendo,0.25,0.07,0.07,0.01,76.0,43.0,8.8,18.0,Kuju Entertainment,T
2866,Ben 10: Protector of Earth,PSP,2007.0,Action,D3Publisher,0.23,0.3,0.0,0.18,60.0,4.0,7.2,23.0,High Voltage Software,E10+
11968,Homie Rollerz,DS,2008.0,Racing,Destineer,0.07,0.0,0.0,0.01,23.0,9.0,2.4,12.0,Webfoot Technologies,E
1386,Forza Horizon 2,XOne,2014.0,Racing,Microsoft Game Studios,0.5,0.78,0.01,0.11,86.0,85.0,8.2,977.0,Playground Games,E10+
5941,Guitar Hero: Van Halen,X360,2009.0,Misc,Activision,0.16,0.1,0.0,0.03,57.0,34.0,5.8,17.0,"Neversoft Entertainment, Underground Development",T
3067,BioShock Infinite,PC,2013.0,Shooter,Take-Two Interactive,0.29,0.3,0.0,0.07,94.0,68.0,8.5,7322.0,Irrational Games,M
13887,CSI: Fatal Conspiracy,PC,2010.0,Adventure,Ubisoft,0.0,0.03,0.0,0.01,47.0,5.0,5.5,6.0,Telltale Games,M
15347,Overlord,PC,2007.0,Strategy,Codemasters,0.0,0.02,0.0,0.0,81.0,27.0,8.1,220.0,Triumph Studios,T
9900,Lost Magic,DS,2006.0,Role-Playing,Ubisoft,0.09,0.0,0.02,0.01,68.0,44.0,8.2,32.0,Taito Corporation,E
11145,Viewtiful Joe: Red Hot Rumble,PSP,2006.0,Action,Capcom,0.08,0.0,0.0,0.01,63.0,24.0,6.3,6.0,Clover Studio,T
8646,Ar Nosurge: Ode to an Unborn Star,PS3,2014.0,Role-Playing,Tecmo Koei,0.05,0.03,0.06,0.02,67.0,23.0,7.8,49.0,Gust,T
15156,Stronghold Crusader Extreme,PC,2008.0,Strategy,Gamecock,0.0,0.02,0.0,0.0,45.0,11.0,6.8,45.0,FireFly Studios,T
8801,Kingdom of Paradise,PSP,2005.0,Role-Playing,Sony Computer Entertainment,0.14,0.0,0.0,0.01,72.0,38.0,7.5,19.0,Climax Entertainment,T
2074,Rayman Origins,PS3,2011.0,Platform,Ubisoft,0.33,0.49,0.01,0.17,87.0,43.0,8.4,238.0,UBlart Montpellier,E10+
341,Tony Hawk's Pro Skater 4,PS2,2002.0,Sports,Activision,2.13,1.18,0.01,0.35,94.0,27.0,8.5,128.0,Neversoft Entertainment,T
5796,NCAA Final Four 2002,PS2,2001.0,Sports,Sony Computer Entertainment,0.15,0.12,0.0,0.04,52.0,14.0,6.5,8.0,989 Sports,E
7184,Super Swing Golf,Wii,2006.0,Sports,Nintendo,0.14,0.01,0.07,0.01,72.0,44.0,7.8,15.0,"Tecmo, Ntreev Soft",E10+
5475,Legends of Wrestling II,PS2,2002.0,Fighting,Acclaim Entertainment,0.16,0.13,0.0,0.04,59.0,15.0,6.7,6.0,Acclaim,T
12116,Warhammer: Battle For Atluma,PSP,2006.0,Action,Namco Bandai Games,0.06,0.0,0.0,0.01,55.0,8.0,7.4,8.0,Sabertooth Games,T
74,Mario Party DS,DS,2007.0,Misc,Nintendo,4.4,1.85,1.98,0.68,72.0,27.0,7.8,85.0,Hudson Soft,E
10849,Brain Age: Concentration Training,3DS,2012.0,Puzzle,Nintendo,0.09,0.0,0.0,0.01,71.0,11.0,7.9,17.0,Nintendo,E
11372,NHL 2K7,X360,2006.0,Sports,Take-Two Interactive,0.07,0.0,0.0,0.01,78.0,51.0,7.9,166.0,Kush Games,E10+
2051,Rayman Legends,PS4,2014.0,Platform,Ubisoft,0.22,0.64,0.0,0.16,90.0,16.0,8.5,525.0,Ubisoft Montpellier,E10+
2541,Pro Evolution Soccer 2010,X360,2009.0,Sports,Konami Digital Entertainment,0.12,0.58,0.03,0.08,78.0,34.0,7.6,29.0,Konami,E
5877,Crazy Taxi: Catch a Ride,GBA,2003.0,Racing,THQ,0.21,0.08,0.0,0.01,48.0,14.0,5.9,8.0,Graphic State,E
1304,SoulCalibur IV,PS3,2008.0,Fighting,Ubisoft,0.72,0.4,0.14,0.2,85.0,65.0,7.9,129.0,Namco,T
2599,Dragon's Dogma,X360,2012.0,Role-Playing,Capcom,0.42,0.23,0.07,0.06,75.0,59.0,7.8,320.0,Capcom,M
11472,Warriors Orochi 3 Hyper,WiiU,2012.0,Action,Tecmo Koei,0.04,0.02,0.02,0.01,64.0,18.0,7.4,31.0,Omega Force,T
3186,Far Cry 4,PC,2014.0,Shooter,Ubisoft,0.15,0.44,0.0,0.04,80.0,17.0,6.7,1064.0,Ubisoft Montreal,M
2679,Driv3r,XB,2004.0,Racing,Atari,0.36,0.38,0.0,0.03,56.0,57.0,4.7,69.0,Reflections Interactive,M
10953,Atari Classics Evolved,PSP,2007.0,Misc,Atari,0.08,0.0,0.0,0.01,64.0,17.0,6,4.0,Stainless Games,E
13591,Dai Senryaku VII: Modern Military Tactics,XB,2003.0,Strategy,Kool Kizz,0.03,0.01,0.0,0.0,74.0,11.0,8.8,6.0,SystemSoft,E
1387,Madden NFL 2002,PS,2001.0,Sports,Electronic Arts,0.78,0.53,0.0,0.09,88.0,9.0,8,7.0,EA Sports,E
7083,Disgaea: Afternoon of Darkness,PSP,2006.0,Role-Playing,Tecmo Koei,0.15,0.01,0.04,0.02,87.0,37.0,8.2,69.0,Nippon Ichi Software,T
13221,DiRT 2,PC,2009.0,Racing,Codemasters,0.0,0.04,0.0,0.01,89.0,22.0,8.2,352.0,Codemasters,T
804,Mario Party 5,GC,2003.0,Misc,Nintendo,0.97,0.33,0.73,0.06,69.0,33.0,8.2,57.0,Hudson,E
14596,Valentino Rossi: The Game,XOne,2016.0,Racing,Namco Bandai Games,0.01,0.02,0.0,0.0,74.0,5.0,8.1,7.0,Milestone S.r.l,E
11382,Strider 2,PS,2000.0,Platform,Virgin Interactive,0.05,0.03,0.0,0.01,69.0,15.0,8.1,11.0,Capcom,E
12994,Rhapsody: A Musical Adventure,DS,2008.0,Role-Playing,Nippon Ichi Software,0.05,0.0,0.0,0.0,67.0,24.0,6.8,12.0,Nippon Ichi Software,E
3594,Tony Hawk's Proving Ground,X360,2007.0,Sports,Activision,0.49,0.02,0.0,0.04,72.0,59.0,5.4,44.0,Neversoft Entertainment,T
6035,Turning Point: Fall of Liberty,X360,2008.0,Shooter,Codemasters,0.23,0.04,0.0,0.02,43.0,44.0,6.8,87.0,Spark Unlimited,T
6852,Final Fantasy Fables: Chocobo Tales,DS,2006.0,Adventure,Ubisoft,0.1,0.01,0.12,0.01,75.0,42.0,7.4,28.0,h.a.n.d. Inc.,E
10112,InuYasha: A Feudal Fairy Tale,PS,2002.0,Fighting,Namco Bandai Games,0.0,0.0,0.1,0.01,69.0,5.0,9,74.0,Dimps Corporation,T
4177,Crazy Taxi: Fare Wars,PSP,2007.0,Racing,Sega,0.1,0.22,0.02,0.12,64.0,25.0,7.1,18.0,Sega,E10+
1308,Mario Superstar Baseball,GC,2005.0,Sports,Nintendo,0.93,0.24,0.25,0.04,76.0,38.0,8.6,41.0,Namco,E
9106,Chicken Shoot,DS,2007.0,Action,Zoo Digital Publishing,0.13,0.0,0.0,0.01,19.0,4.0,3.1,7.0,FrontLine Studios,E10+
3452,Alice: Madness Returns,PS3,2011.0,Adventure,Electronic Arts,0.22,0.24,0.04,0.08,70.0,51.0,7.9,181.0,Spicy Horse,M
4242,NBA Live 07,X360,2006.0,Sports,Electronic Arts,0.42,0.0,0.0,0.04,59.0,32.0,4.9,60.0,EA Sports,E
2198,WWE SmackDown vs. Raw 2009,PS3,2008.0,Fighting,THQ,0.51,0.3,0.01,0.12,78.0,37.0,7,49.0,Yuke's,T
8966,WWE '13,Wii,2012.0,Action,THQ,0.11,0.02,0.0,0.01,74.0,4.0,6,9.0,THQ,T
6150,Operation Flashpoint: Red River,X360,2011.0,Shooter,Codemasters,0.1,0.14,0.01,0.03,69.0,64.0,6.1,29.0,Codemasters,M
943,Max Payne 3,PS3,2012.0,Shooter,Take-Two Interactive,0.59,0.89,0.06,0.3,87.0,31.0,7.8,790.0,Rockstar Studios,M
8356,Catwoman,PS2,2004.0,Action,Electronic Arts,0.08,0.06,0.0,0.02,46.0,35.0,6.9,13.0,Argonaut Games,T
5619,DiRT 2,PSP,2009.0,Racing,Sony Computer Entertainment,0.09,0.15,0.0,0.08,55.0,13.0,5.7,10.0,Codemasters,E10+
12175,Spawn: Armageddon,GC,2003.0,Action,Electronic Arts,0.05,0.01,0.0,0.0,61.0,19.0,7.2,9.0,Point of View,M
13575,Rogue Trooper,PS2,2006.0,Shooter,Eidos Interactive,0.02,0.02,0.0,0.01,71.0,37.0,8.2,9.0,Rebellion,T
3675,CrossworDS,DS,2008.0,Puzzle,Deep Silver,0.5,0.0,0.0,0.04,67.0,19.0,6.8,6.0,Nuevo Retro Games,E
7776,Enchanted Arms,X360,2006.0,Role-Playing,Ubisoft,0.16,0.02,0.0,0.02,69.0,54.0,6.9,60.0,From Software,T
3300,Tony Hawk: RIDE,X360,2009.0,Sports,Activision,0.46,0.1,0.0,0.05,46.0,43.0,3,67.0,Robomodo,E10+
7221,Ragnarok DS,DS,2008.0,Role-Playing,GungHo,0.1,0.0,0.11,0.01,53.0,19.0,5.8,17.0,GungHo,E10+
8519,Return to PopoloCrois: A Story of Seasons Fairytale,3DS,2015.0,Simulation,Marvelous Entertainment,0.05,0.0,0.1,0.01,72.0,28.0,6.8,15.0,Marvelous Inc.,E10+
10682,X-Men: Destiny,Wii,2011.0,Action,Activision,0.07,0.02,0.0,0.01,36.0,10.0,4.5,15.0,Silicon Knights,T
14295,Electroplankton,DS,2005.0,Misc,Nintendo,0.01,0.0,0.02,0.0,71.0,49.0,7,37.0,Indies Zero,E
10998,Beowulf: The Game,PSP,2007.0,Action,Ubisoft,0.08,0.0,0.0,0.01,44.0,4.0,5.4,7.0,Virtuos,M
11271,NCAA Football 08,XB,2007.0,Sports,Electronic Arts,0.06,0.02,0.0,0.0,82.0,4.0,8.1,8.0,EA Sports,E
7643,Grandia II,DC,2000.0,Role-Playing,Ubisoft,0.0,0.0,0.2,0.0,90.0,17.0,8.8,57.0,Game Arts,T
54,Gran Turismo 5,PS3,2010.0,Racing,Sony Computer Entertainment,2.96,4.82,0.81,2.11,84.0,82.0,7.5,1112.0,Polyphony Digital,E
3451,Tom Clancy's HAWX,X360,2009.0,Action,Ubisoft,0.31,0.19,0.02,0.06,73.0,64.0,7.3,51.0,Ubisoft Romania,T
6305,Pac-Pix,DS,2005.0,Puzzle,Namco Bandai Games,0.16,0.0,0.1,0.01,71.0,41.0,7.1,7.0,Namco,E
10093,Coraline,PS2,2009.0,Action,D3Publisher,0.06,0.04,0.0,0.01,39.0,5.0,2,6.0,Papaya Studios,E10+
1481,World of Warcraft: Wrath of the Lich King,PC,2008.0,Role-Playing,Activision,0.01,0.13,0.0,1.18,91.0,47.0,7.5,930.0,Blizzard Entertainment,T
13087,FIFA Soccer 2004,GBA,2003.0,Sports,Electronic Arts,0.04,0.01,0.0,0.0,82.0,4.0,7.9,9.0,Exient Entertainment,E
8038,Call of Duty: World at War,PC,2008.0,Shooter,Activision,0.02,0.14,0.0,0.03,83.0,36.0,7.5,721.0,Treyarch,M
3335,Kinect Sports Rivals,XOne,2014.0,Sports,Microsoft Game Studios,0.3,0.23,0.02,0.05,60.0,53.0,5.1,144.0,Microsoft Game Studios,E10+
6016,Prince of Persia: Rival Swords,Wii,2007.0,Action,Ubisoft,0.24,0.02,0.0,0.02,70.0,30.0,7.7,21.0,Ubisoft Montreal,T
9138,Eternal Poison,PS2,2008.0,Role-Playing,Banpresto,0.07,0.05,0.0,0.02,65.0,11.0,8.2,9.0,Flight-Plan,T
11485,Space Channel 5 Special Edition,PS2,2003.0,Misc,Agetec,0.04,0.03,0.0,0.01,79.0,16.0,8.6,10.0,UGA,T
6645,Medal of Honor European Assault,GC,2005.0,Shooter,Electronic Arts,0.19,0.05,0.0,0.01,71.0,22.0,7.9,14.0,EA LA,T
11249,The Sims 2: Apartment Life,PC,2008.0,Simulation,Electronic Arts,0.0,0.07,0.0,0.01,75.0,10.0,7.7,19.0,Electronic Arts,T
5490,Planet Puzzle League,DS,2007.0,Puzzle,Nintendo,0.14,0.01,0.16,0.01,86.0,25.0,8.2,15.0,Intelligent Systems,E
768,Hitman: Absolution,PS3,2012.0,Action,Square Enix,0.59,1.05,0.07,0.44,83.0,30.0,7.5,511.0,Io Interactive,M
8477,Alien Resurrection,PS,2000.0,Shooter,Fox Interactive,0.09,0.06,0.0,0.01,61.0,12.0,7.5,15.0,Argonaut Games,M
4524,Dawn of Mana,PS2,2006.0,Role-Playing,Square Enix,0.07,0.05,0.29,0.02,57.0,27.0,6.8,11.0,Square Enix,T
8914,Blazing Angels 2: Secret Missions of WWII,PS3,2007.0,Simulation,Ubisoft,0.1,0.03,0.0,0.02,70.0,10.0,7.2,12.0,Ubisoft Romania,T
8058,Saint Seiya: Soldiers' Soul,PS4,2015.0,Fighting,Namco Bandai Games,0.0,0.12,0.04,0.02,59.0,30.0,7.8,45.0,Dimps Corporation,T
2482,Lizzie McGuire 2: Lizzie Diaries,GBA,2004.0,Action,Disney Interactive Studios,0.6,0.22,0.0,0.01,57.0,6.0,5,5.0,Artificial Mind and Movement,E
10454,The First Templar,X360,2011.0,Action,Kalypso Media,0.06,0.04,0.0,0.01,52.0,21.0,6.3,26.0,Haemimont,T
1759,Gauntlet: Dark Legacy,PS2,2001.0,Action,Midway Games,0.56,0.44,0.0,0.15,73.0,15.0,8.3,30.0,Midway,T
9984,NHL 2K3,XB,2002.0,Sports,Sega,0.09,0.02,0.0,0.0,89.0,17.0,7.1,14.0,Treyarch,E
3701,Dragon Ball Z: Shin Budokai,PSP,2006.0,Fighting,Atari,0.26,0.08,0.13,0.07,70.0,21.0,8.1,19.0,Dimps Corporation,T
4243,Brothers In Arms: Road to Hill 30,PS2,2005.0,Shooter,Ubisoft,0.38,0.01,0.0,0.06,82.0,30.0,7.6,30.0,Gearbox Software,M
688,Guild Wars 2,PC,2012.0,Action,NCSoft,0.96,1.07,0.0,0.27,90.0,69.0,7.9,2954.0,ArenaNet,T
4944,Just Dance 2015,PS4,2014.0,Misc,Ubisoft,0.19,0.13,0.0,0.07,72.0,8.0,5.8,32.0,Ubisoft,E10+
10395,Lucha Libre AAA: Heroes del Ring,PS3,2010.0,Fighting,Konami Digital Entertainment,0.1,0.0,0.0,0.01,54.0,6.0,7.1,10.0,Immersion Software & Graphics,T
2713,Wall-E,PS2,2008.0,Platform,THQ,0.21,0.0,0.0,0.54,67.0,8.0,8.4,9.0,Asobo Studio,E
4757,NFL GameDay 2002,PS,2001.0,Sports,Sony Computer Entertainment,0.23,0.15,0.0,0.03,62.0,10.0,8.8,4.0,989 Sports,E
6320,Fullmetal Alchemist 2: Curse of the Crimson Elixir,PS2,2004.0,Role-Playing,Square Enix,0.13,0.1,0.0,0.03,67.0,21.0,8.4,20.0,Racjin,T
1990,Naruto: Clash of Ninja 2,GC,2003.0,Fighting,Nintendo,0.44,0.12,0.45,0.03,74.0,22.0,8.9,39.0,8ing/Raizing,T
12312,Criminal Girls: Invite Only,PSV,2013.0,Role-Playing,Nippon Ichi Software,0.01,0.01,0.04,0.01,55.0,31.0,6.7,37.0,"Image Epoch, Imageepoch",M
1205,Spider-Man 2: Enter: Electro,PS,2001.0,Action,Activision,0.57,0.87,0.02,0.09,74.0,15.0,8.7,35.0,Vicarious Visions,E
13050,Cities in Motion,PC,2011.0,Simulation,Paradox Interactive,0.0,0.04,0.0,0.01,70.0,20.0,7.7,105.0,Colossal Order,E
16503,Sherlock Holmes: The Devil's Daughter,PS4,2016.0,Adventure,Bigben Interactive,0.01,0.0,0.0,0.0,70.0,27.0,6.8,64.0,Frogwares,T
3600,ESPN NFL Football,PS2,2003.0,Sports,Sega,0.27,0.21,0.0,0.07,91.0,20.0,8.5,25.0,Visual Concepts,E
6490,Battlestations: Midway,X360,2007.0,Strategy,Eidos Interactive,0.21,0.02,0.0,0.02,73.0,55.0,7.1,40.0,Eidos Interactive,T
16700,Breach,PC,2011.0,Shooter,Destineer,0.01,0.0,0.0,0.0,61.0,12.0,5.8,43.0,Atomic Games,T
8070,MotoGP 14 ,PS4,2014.0,Racing,Milestone S.r.l.,0.04,0.11,0.0,0.03,73.0,28.0,6.4,26.0,Milestone S.r.l,E
7973,EverQuest Online Adventures: Frontiers,PS2,2003.0,Role-Playing,Sony Online Entertainment,0.09,0.07,0.0,0.02,77.0,16.0,8.5,17.0,Sony Online Entertainment,T
536,Need for Speed: Hot Pursuit,PS3,2010.0,Racing,Electronic Arts,1.05,1.23,0.03,0.47,89.0,59.0,7.2,301.0,Criterion Games,E10+
8766,DiRT 3,PC,2011.0,Racing,Codemasters,0.0,0.13,0.0,0.03,86.0,23.0,6.9,433.0,Codemasters,T
13224,Woody Woodpecker: Escape from Buzz Buzzard Park,PS2,2001.0,Platform,DreamCatcher Interactive,0.02,0.02,0.0,0.01,64.0,5.0,7.4,5.0,EKO Software,E
11694,Stuart Little 3: Big Photo Adventure,PS2,2005.0,Platform,Sony Computer Entertainment,0.04,0.03,0.0,0.01,71.0,5.0,7.7,7.0,Magenta Software,E
14222,Red Faction II,GC,2003.0,Shooter,THQ,0.03,0.01,0.0,0.0,79.0,12.0,7.3,4.0,Cranky Pants Games,M
5031,Pokemon Channel,GC,2003.0,Adventure,Nintendo,0.24,0.06,0.07,0.01,55.0,21.0,6,22.0,Ambrella,E
6514,Batman: Vengeance,GC,2001.0,Adventure,Ubisoft,0.2,0.05,0.0,0.01,70.0,17.0,5.8,16.0,Ubisoft Montreal,T
1854,Plants vs. Zombies,DS,2011.0,Strategy,Mastertronic,0.9,0.12,0.0,0.08,81.0,23.0,7.4,29.0,TOSE,E10+
16148,Don Bradman Cricket 14,PS3,2014.0,Sports,Tru Blu Entertainment,0.0,0.01,0.0,0.0,73.0,5.0,6.9,55.0,Big Ant Studios,E
2872,Godzilla: Destroy All Monsters Melee,GC,2002.0,Fighting,Atari,0.55,0.14,0.0,0.02,73.0,30.0,7.8,23.0,"Pipeworks Software, Inc.",T
3030,Final Fantasy Crystal Chronicles: Ring of Fates,DS,2007.0,Role-Playing,Square Enix,0.22,0.01,0.42,0.02,77.0,41.0,7.2,25.0,Square Enix,E10+
1645,Golden Sun: The Lost Age,GBA,2002.0,Role-Playing,Nintendo,0.61,0.27,0.27,0.07,86.0,29.0,9.5,150.0,Camelot Software Planning,E
3417,Harvest Moon: Friends of Mineral Town,GBA,2003.0,Simulation,Ubisoft,0.34,0.13,0.11,0.01,81.0,25.0,9.6,116.0,TOSE,E
3476,Tenchu 2: Birth of the Stealth Assassins,PS,2000.0,Action,Activision,0.32,0.22,0.0,0.04,77.0,14.0,8.7,32.0,Acquire,M
11053,Rugby 2005,PS2,2005.0,Sports,Electronic Arts,0.04,0.03,0.0,0.01,71.0,15.0,8.6,19.0,HB Studios Multimedia,E
1792,The Lord of the Rings: The Return of the King,XB,2003.0,Action,Electronic Arts,0.71,0.38,0.0,0.05,84.0,31.0,9.1,31.0,EA Games,T
13718,Deadliest Warrior: Ancient Combat,X360,2012.0,Fighting,Cloud Imperium Games Corporation,0.04,0.0,0.0,0.0,37.0,5.0,6.3,4.0,"Pipeworks Software, Inc.",M
3797,Oni,PS2,2001.0,Action,Take-Two Interactive,0.26,0.2,0.0,0.07,69.0,24.0,7.8,22.0,Rockstar Toronto,T
7196,The Lord of the Rings: The Third Age,GBA,2004.0,Role-Playing,Electronic Arts,0.16,0.06,0.0,0.0,67.0,7.0,8.5,12.0,Griptonite Games,T
4146,Dark Sector,PS3,2008.0,Shooter,D3Publisher,0.23,0.16,0.01,0.07,72.0,47.0,7.6,70.0,Digital Extremes,M
6024,Madden NFL 08,XB,2007.0,Sports,Electronic Arts,0.22,0.06,0.0,0.01,76.0,6.0,6,4.0,EA Tiburon,E
8795,Disney's The Lion King: Simba's Mighty Adventure,PS,2000.0,Action,Activision,0.08,0.06,0.0,0.01,30.0,5.0,6.9,9.0,Paradox Development,E
126,FIFA 14,PS3,2013.0,Sports,Electronic Arts,0.78,4.24,0.07,1.37,86.0,37.0,4.3,576.0,EA Canada,E
5959,NBA Street V3,GC,2005.0,Sports,Electronic Arts,0.23,0.06,0.0,0.01,88.0,36.0,8.4,16.0,EA Canada,E
4451,Thrillville: Off the Rails,Wii,2007.0,Strategy,LucasArts,0.38,0.02,0.0,0.03,70.0,14.0,2.8,40.0,Frontier Developments,E10+
3531,Doom 3 BFG Edition,PS3,2012.0,Shooter,Bethesda Softworks,0.26,0.21,0.0,0.1,67.0,16.0,6.4,107.0,id Software,M
827,Sonic Mega Collection,GC,2002.0,Misc,Infogrames,1.47,0.48,0.05,0.06,75.0,26.0,8.8,41.0,Sonic Team,E
7790,Peter Jackson's King Kong: The Official Game of the Movie,PSP,2005.0,Action,Ubisoft,0.16,0.01,0.0,0.02,56.0,10.0,6.4,22.0,Phoenix Games Studio,T
984,50 Cent: Bulletproof,PS2,2005.0,Action,Vivendi Games,0.85,0.76,0.0,0.16,47.0,21.0,6.6,129.0,Genuine Games,M
11197,Henry Hatsworth in the Puzzling Adventure,DS,2009.0,Puzzle,Electronic Arts,0.08,0.0,0.0,0.01,82.0,46.0,8,38.0,EA Tiburon,E
7783,Mace Griffin: Bounty Hunter,PS2,2003.0,Shooter,Electronic Arts,0.09,0.07,0.0,0.02,62.0,19.0,8.3,7.0,Warthog,M
8554,Hyperdimension Neptunia Victory,PS3,2012.0,Role-Playing,Compile Heart,0.05,0.03,0.06,0.02,55.0,19.0,7.8,94.0,"Idea Factory, Compile Heart",T
814,DriveClub,PS4,2014.0,Racing,Sony Computer Entertainment,0.36,1.38,0.02,0.31,71.0,85.0,6.1,1571.0,Evolution Studios,E
6166,Mega Man ZX,DS,2006.0,Platform,Capcom,0.16,0.0,0.1,0.02,76.0,37.0,8.3,32.0,Inti Creates,E
16549,Madagascar: Escape 2 Africa,PC,2008.0,Action,Activision,0.01,0.0,0.0,0.0,58.0,6.0,8,4.0,Aspyr,E10+
11517,"Warhammer 40,000: Dawn of War II - Retribution",PC,2011.0,Strategy,THQ,0.0,0.06,0.0,0.02,80.0,52.0,7.8,235.0,Relic,M
5779,Tiger Woods PGA Tour 06,X360,2005.0,Sports,Electronic Arts,0.28,0.0,0.0,0.02,71.0,36.0,7.4,8.0,EA Sports,E
2116,Madden NFL 08,PS3,2007.0,Sports,Electronic Arts,0.89,0.0,0.0,0.08,81.0,31.0,5.3,33.0,EA Tiburon,E
793,Devil May Cry 3: Dante's Awakening,PS2,2005.0,Action,Capcom,0.99,0.63,0.29,0.19,84.0,60.0,9,212.0,Capcom,M
6898,X-Men: Destiny,PS3,2011.0,Action,Activision,0.14,0.07,0.0,0.03,50.0,33.0,4.8,37.0,Silicon Knights,T
94,FIFA 17,PS4,2016.0,Sports,Electronic Arts,0.66,5.75,0.08,1.11,85.0,41.0,5,398.0,"EA Sports, EA Vancouver",E
4225,Rygar: The Legendary Adventure,PS2,2002.0,Action,Wanadoo,0.2,0.15,0.06,0.05,83.0,30.0,8.4,14.0,Tecmo,T
3756,NCAA March Madness 2005,PS2,2004.0,Sports,Electronic Arts,0.44,0.02,0.0,0.07,78.0,19.0,8.3,13.0,EA Canada,E
2371,Grand Theft Auto IV,PC,2008.0,Action,Take-Two Interactive,0.01,0.79,0.0,0.07,90.0,40.0,6.6,2299.0,Rockstar Toronto,M
11420,Mega Man Legacy Collection,PS4,2016.0,Platform,Capcom,0.07,0.0,0.0,0.02,77.0,22.0,6.1,55.0,Digital Eclipse,E
7863,Tomb Raider: Underworld,DS,2008.0,Action,Eidos Interactive,0.15,0.02,0.0,0.01,70.0,9.0,8.4,10.0,Santa Cruz Games,T
14188,Silent Scope,GBA,2002.0,Shooter,Konami Digital Entertainment,0.02,0.01,0.0,0.0,70.0,5.0,8,5.0,Now Production,T
6028,Pirates of the Caribbean,XB,2003.0,Role-Playing,Ubisoft,0.22,0.06,0.0,0.01,65.0,30.0,7.4,27.0,Akella,T
11045,Fullmetal Alchemist: Dual Sympathy,DS,2005.0,Role-Playing,Empire Interactive,0.05,0.0,0.04,0.0,58.0,15.0,7.3,12.0,Natsume,T
1865,Tales of Symphonia,GC,2003.0,Role-Playing,Nintendo,0.54,0.21,0.31,0.04,86.0,60.0,8.5,176.0,Namco,T
4612,Mega Man Anniversary Collection,GC,2004.0,Platform,Capcom,0.32,0.08,0.0,0.01,81.0,32.0,8.8,17.0,Atomic Planet Entertainment,E
2243,007: The World is not Enough,PS,2000.0,Action,Electronic Arts,0.51,0.35,0.0,0.06,61.0,11.0,6.7,44.0,Black Ops Entertainment,T
5373,Thunderstrike: Operation Phoenix,PS2,2001.0,Simulation,Eidos Interactive,0.17,0.13,0.0,0.04,65.0,15.0,8.1,7.0,Core Design Ltd.,T
2336,Ace Combat 2,PS,1997.0,Simulation,Sony Computer Entertainment,0.16,0.11,0.56,0.06,83.0,10.0,8.2,22.0,Namco,T
10789,MotoGP 2,XB,2003.0,Racing,THQ,0.07,0.02,0.0,0.0,87.0,23.0,8.5,14.0,Climax Group,E
922,Toy Story Mania!,Wii,2009.0,Misc,Disney Interactive Studios,1.04,0.66,0.0,0.18,49.0,15.0,6.6,13.0,Papaya Studios,E
5408,Tom Clancy's Ghost Recon: Shadow Wars,3DS,2011.0,Strategy,Ubisoft,0.22,0.09,0.0,0.03,77.0,49.0,7.9,78.0,Ubisoft,T
7667,Afro Samurai,PS3,2009.0,Action,Atari,0.12,0.05,0.0,0.03,65.0,52.0,6.1,27.0,"Namco Bandai Games America, Namco Bandai Games",M
5567,Dead Space 2,PC,2011.0,Shooter,Electronic Arts,0.13,0.15,0.0,0.04,87.0,28.0,8.3,974.0,Visceral Games,M
14889,Super Monkey Ball Adventure,PS2,2006.0,Platform,Sega,0.01,0.01,0.0,0.0,53.0,32.0,6.7,10.0,TT Games,E
1202,Tom Clancy's Rainbow Six 3,XB,2003.0,Shooter,Ubisoft,0.91,0.57,0.0,0.07,86.0,39.0,8.5,31.0,Ubisoft,M
5765,Manhunt 2,PSP,2007.0,Action,Take-Two Interactive,0.04,0.17,0.0,0.09,69.0,15.0,8.1,38.0,Rockstar London,M
8389,Demon Gaze,PSV,2013.0,Role-Playing,Nippon Ichi Software,0.04,0.02,0.08,0.02,70.0,38.0,7.4,129.0,Experience Inc.,T
11302,BlazBlue Central Fiction,PS4,2016.0,Fighting,PQube,0.04,0.0,0.03,0.01,85.0,21.0,7.6,39.0,Arc System Works,T
10343,Dawn of Discovery,DS,2009.0,Simulation,Ubisoft,0.07,0.03,0.0,0.01,82.0,11.0,7.3,7.0,Keen Games,E
4033,Plants vs. Zombies: Garden Warfare 2,PS4,2016.0,Shooter,Electronic Arts,0.2,0.21,0.0,0.08,81.0,29.0,7.7,111.0,PopCap,E10+
11246,Lara Croft and the Temple of Osiris,PS4,2014.0,Action,Square Enix,0.0,0.07,0.0,0.01,74.0,40.0,6.7,128.0,Nixxes Software,T
2192,Tom Clancy's Splinter Cell: Blacklist,PS3,2013.0,Action,Ubisoft,0.34,0.39,0.06,0.15,84.0,27.0,7.7,314.0,Ubisoft Toronto,M
2712,Harry Potter and the Half-Blood Prince,Wii,2009.0,Action,Electronic Arts,0.28,0.39,0.0,0.08,60.0,35.0,6,8.0,EA Bright Light,E10+
9184,TRINITY: Souls of Zill O'll,PS3,2010.0,Role-Playing,Ubisoft Annecy,0.06,0.03,0.03,0.01,55.0,34.0,6.2,33.0,Omega Force,T
2190,Castlevania: Lament of Innocence,PS2,2003.0,Action,Konami Digital Entertainment,0.46,0.36,0.0,0.12,79.0,45.0,8.4,74.0,KCET,M
5142,Xenosaga Episode III: Also sprach Zarathustra,PS2,2006.0,Role-Playing,Namco Bandai Games,0.09,0.07,0.18,0.02,81.0,34.0,9,59.0,Monolith Soft,T
11954,Galerians: Ash,PS2,2002.0,Adventure,Sammy Corporation,0.03,0.03,0.0,0.01,50.0,22.0,7.9,11.0,Polygon Magic,T
6943,Karaoke Revolution Volume 2,PS2,2004.0,Misc,Konami Digital Entertainment,0.11,0.09,0.0,0.03,76.0,26.0,7,4.0,Harmonix Music Systems,E
10055,Phantom Dust,XB,2004.0,Action,Microsoft Game Studios,0.08,0.02,0.0,0.0,81.0,37.0,8.5,35.0,Microsoft Game Studios Japan,T
2136,Far Cry 3,PC,2012.0,Shooter,Ubisoft,0.22,0.62,0.0,0.12,88.0,43.0,8.2,3183.0,Ubisoft Montreal,M
1065,Harry Potter and the Sorcerer's Stone,GBA,2001.0,Action,Electronic Arts,0.87,0.66,0.08,0.08,64.0,8.0,7.1,7.0,Griptonite Games,E
14060,Saints Row 2,PC,2009.0,Action,THQ,0.0,0.03,0.0,0.01,72.0,24.0,6.8,380.0,"Volition Inc., CD Projekt Red Studio, CD Projekt, CD Projekt Localisation Centre",M
77,FIFA 16,PS4,2015.0,Sports,Electronic Arts,1.12,6.12,0.06,1.28,82.0,42.0,4.3,896.0,EA Sports,E
2898,Tony Hawk's Underground,GC,2003.0,Sports,Activision,0.54,0.14,0.0,0.02,89.0,19.0,8.5,24.0,Neversoft Entertainment,T
15524,TOCA Race Driver 3,PC,2006.0,Racing,Codemasters,0.0,0.02,0.0,0.0,84.0,16.0,7.8,53.0,Codemasters,E10+
4820,MX vs. ATV Unleashed,XB,2005.0,Racing,THQ,0.32,0.07,0.0,0.01,80.0,21.0,8.3,13.0,Rainbow Studios,E
6413,Section 8,X360,2009.0,Shooter,SouthPeak Games,0.15,0.09,0.0,0.02,69.0,49.0,7.3,59.0,TimeGate Studios,T
8007,Siren,PS2,2003.0,Adventure,Sony Computer Entertainment,0.09,0.07,0.0,0.02,72.0,48.0,7.8,41.0,SCE Japan Studio,M
5468,Ninja Blade,X360,2009.0,Action,Microsoft Game Studios,0.14,0.14,0.02,0.03,68.0,65.0,6.8,55.0,From Software,M
5415,Kameo: Elements of Power,X360,2005.0,Action,Microsoft Game Studios,0.28,0.03,0.0,0.03,79.0,76.0,8.1,107.0,Rare Ltd.,T
2560,Professor Layton vs Phoenix Wright: Ace Attorney,3DS,2012.0,Puzzle,Level 5,0.2,0.26,0.3,0.04,79.0,69.0,8.5,99.0,Level 5,T
2635,James Bond 007: Nightfire,GC,2002.0,Shooter,Electronic Arts,0.6,0.16,0.0,0.02,80.0,17.0,8.6,46.0,Eurocom Entertainment Software,T
5256,Earth Defense Force 2025,PS3,2013.0,Shooter,D3Publisher,0.04,0.02,0.27,0.01,69.0,28.0,7.5,52.0,Sandlot,M
3530,SpongeBob SquarePants: Battle for Bikini Bottom,XB,2003.0,Platform,THQ,0.45,0.1,0.0,0.02,70.0,8.0,8.9,17.0,Heavy Iron Studios,E
1908,Dragon Ball Z: Taiketsu,GBA,2003.0,Fighting,Atari,0.77,0.29,0.0,0.02,40.0,23.0,6.1,22.0,Webfoot Technologies,T
12621,Broken Sword: The Shadow of the Templars,GBA,2002.0,Adventure,BAM! Entertainment,0.04,0.02,0.0,0.0,80.0,17.0,7.8,10.0,Revolution Software,T
235,Luigi's Mansion: Dark Moon,3DS,2013.0,Action,Nintendo,1.8,1.39,1.11,0.29,86.0,74.0,8.4,458.0,Next Level Games,E
1604,Baldur's Gate: Dark Alliance,PS2,2001.0,Role-Playing,Virgin Interactive,0.61,0.48,0.0,0.16,87.0,29.0,8.3,90.0,Snowblind Studios,T
3490,Far Cry Instincts,XB,2005.0,Shooter,Ubisoft,0.32,0.24,0.0,0.02,85.0,56.0,5.7,73.0,Ubisoft Montreal,M
16601,Saints Row: Gat out of Hell,XOne,2015.0,Action,Deep Silver,0.0,0.01,0.0,0.0,65.0,16.0,6,27.0,Volition Inc.,M
11150,Ikaruga,GC,2003.0,Shooter,Atari,0.07,0.02,0.0,0.0,85.0,52.0,8.5,42.0,Treasure,E
10568,Scribblenauts Unmasked: A DC Comics Adventure,WiiU,2013.0,Puzzle,Warner Bros. Interactive Entertainment,0.09,0.0,0.0,0.01,71.0,17.0,6.3,39.0,5TH Cell,E10+
1342,Classic NES Series: Super Mario Bros.,GBA,2004.0,Platform,Nintendo,0.0,0.0,1.39,0.03,84.0,14.0,8.6,44.0,Nintendo,E
1619,Driv3r,PS2,2004.0,Racing,Atari,0.6,0.47,0.0,0.16,57.0,51.0,5.5,102.0,Reflections Interactive,M
11905,Stacked with Daniel Negreanu,PS2,2006.0,Misc,Myelin Media,0.04,0.03,0.0,0.01,63.0,23.0,5.3,7.0,5000ft,T
5287,One Piece: Burning Blood,PS4,2016.0,Fighting,Namco Bandai Games,0.11,0.13,0.07,0.05,66.0,45.0,7.8,49.0,Spike Chunsoft,T
2060,God of War: Ghost of Sparta,PSP,2010.0,Action,Sony Computer Entertainment,0.41,0.35,0.03,0.21,86.0,73.0,8.4,255.0,Ready at Dawn,M
2219,Kirby: Planet Robobot,3DS,2016.0,Action,Nintendo,0.28,0.14,0.47,0.04,81.0,71.0,8.7,87.0,HAL Labs,E
6038,Sonic Boom: Shattered Crystal,3DS,2014.0,Action,Sega,0.17,0.09,0.0,0.03,47.0,21.0,6.3,160.0,Sanzaru Games,E
260,Super Mario 3D World,WiiU,2013.0,Platform,Nintendo,2.11,1.16,0.73,0.32,93.0,83.0,9,1607.0,Nintendo,E
9093,Pirates: The Legend of Black Kat,PS2,2002.0,Adventure,Electronic Arts,0.07,0.05,0.0,0.02,72.0,24.0,7.9,8.0,Westwood Studios,T
3744,Time Crisis II,PS2,2001.0,Shooter,Namco Bandai Games,0.26,0.2,0.0,0.07,81.0,21.0,7.9,20.0,Namco,T
2026,Sonic Unleashed,PS3,2008.0,Platform,Sega,0.56,0.32,0.01,0.14,54.0,24.0,7.9,130.0,Sonic Team,E10+
6988,ESPN NHL Hockey,PS2,2003.0,Sports,Sega,0.11,0.09,0.0,0.03,90.0,19.0,7,22.0,Kush Games,E
1828,Guitar Hero 5,PS2,2009.0,Misc,Activision,0.28,0.3,0.0,0.54,71.0,4.0,2.6,10.0,BudCat,T
9765,Curious George,PS2,2006.0,Action,Namco Bandai Games,0.06,0.05,0.0,0.02,53.0,13.0,7.7,6.0,Monkey Bar Games,E
6233,Avatar: The Last Airbender,Wii,2006.0,Adventure,THQ,0.23,0.02,0.0,0.02,56.0,15.0,5.8,8.0,AWE Games,E10+
12846,Mirror's Edge,PC,2009.0,Platform,Electronic Arts,0.0,0.05,0.0,0.01,81.0,44.0,8.1,1026.0,EA DICE,T
6283,Athens 2004,PS2,2004.0,Sports,Sony Computer Entertainment,0.13,0.1,0.0,0.03,61.0,57.0,7.2,13.0,Eurocom Entertainment Software,E
224,Batman: Arkham City,X360,2011.0,Action,Warner Bros. Interactive Entertainment,2.99,1.27,0.04,0.42,94.0,87.0,8.7,1472.0,Rocksteady Studios,T
10002,Cabela's Deer Hunt 2005 Season,XB,2004.0,Sports,Activision,0.09,0.02,0.0,0.0,59.0,5.0,7.5,6.0,Sand Grain Studios,T
6469,Dragon Ball Z: Tenkaichi Tag Team,PSP,2010.0,Fighting,Namco Bandai Games,0.11,0.03,0.09,0.03,63.0,22.0,8.6,20.0,Spike,T
846,Just Dance 3,X360,2011.0,Misc,Ubisoft,1.47,0.39,0.0,0.16,70.0,34.0,7.7,17.0,Ubisoft,E10+
4289,PlayStation All-Stars Battle Royale,PSV,2012.0,Action,Sony Computer Entertainment,0.21,0.14,0.01,0.09,75.0,15.0,7.5,221.0,Bluepoint Games,T
5560,Battlestations: Pacific,X360,2009.0,Strategy,Eidos Interactive,0.17,0.11,0.01,0.03,76.0,48.0,7.4,41.0,Eidos Interactive,T
2551,The Sims 2,PS2,2005.0,Simulation,Electronic Arts,0.67,0.03,0.0,0.11,75.0,31.0,4.4,166.0,Maxis,T
117,Gears of War 2,X360,2008.0,Shooter,Microsoft Game Studios,4.15,1.9,0.06,0.64,93.0,90.0,7.7,2739.0,Epic Games,M
5966,Glory of Heracles,DS,2008.0,Role-Playing,Nintendo,0.19,0.0,0.08,0.01,69.0,23.0,7.3,18.0,Paon Corporation,E10+
12362,Cel Damage,GC,2002.0,Racing,Electronic Arts,0.05,0.01,0.0,0.0,67.0,12.0,6.8,11.0,Pseudo Interactive,T
14043,Harry Potter and the Prisoner of Azkaban,PC,2004.0,Action,Electronic Arts,0.0,0.03,0.0,0.0,67.0,19.0,7.2,50.0,KnowWonder,E
7489,Dead to Rights: Retribution,X360,2010.0,Shooter,Namco Bandai Games,0.11,0.08,0.0,0.02,61.0,64.0,7,34.0,Volatile Games,M
5342,Def Jam Icon,X360,2007.0,Action,Electronic Arts,0.3,0.01,0.0,0.03,69.0,48.0,6.3,108.0,EA Chicago,M
4324,Red Faction: Armageddon,PS3,2011.0,Shooter,THQ,0.2,0.15,0.03,0.07,71.0,52.0,7.3,58.0,Volition Inc.,M
2590,Darksiders II,X360,2012.0,Action,THQ,0.45,0.27,0.0,0.07,83.0,63.0,8,456.0,Vigil Games,M
8434,Naval Assault: The Killing Tide,X360,2010.0,Simulation,505 Games,0.08,0.07,0.0,0.02,40.0,11.0,4.2,5.0,Artech Studios,T
13918,Brothers In Arms DS,DS,2007.0,Shooter,Ubisoft,0.03,0.0,0.0,0.0,72.0,27.0,8,25.0,Gameloft,T
3517,Rock Band 3,PS3,2010.0,Misc,MTV Games,0.43,0.08,0.0,0.05,91.0,34.0,8,95.0,Harmonix Music Systems,T
6986,Tom Clancy's Splinter Cell,GC,2003.0,Action,Ubisoft,0.18,0.05,0.0,0.01,89.0,19.0,8.7,25.0,Ubisoft Shanghai,T
10755,Harvest Moon: Frantic Farming,DS,2009.0,Puzzle,Rising Star Games,0.08,0.0,0.0,0.01,72.0,7.0,6.8,6.0,Natsume,E
6767,Digimon World: Data Squad,PS2,2006.0,Role-Playing,Namco Bandai Games,0.12,0.09,0.0,0.03,43.0,12.0,8,20.0,Bec,E10+
5622,Silent Hill HD Collection,PS3,2012.0,Action,Konami Digital Entertainment,0.15,0.1,0.03,0.04,70.0,33.0,4.8,136.0,Hijinx Studios,M
1605,Oddworld: Abe's Oddysee,PS,1997.0,Platform,GT Interactive,0.75,0.44,0.0,0.06,85.0,10.0,9,96.0,Oddworld Inhabitants,T
1733,WWE SmackDown vs. Raw 2010,PS3,2009.0,Fighting,THQ,0.48,0.48,0.01,0.2,81.0,38.0,8.1,55.0,Yuke's,T
10516,Ride,XOne,2015.0,Racing,Milestone S.r.l.,0.04,0.05,0.0,0.01,54.0,9.0,5.3,17.0,Milestone S.r.l,E
3812,Bulletstorm,PS3,2011.0,Shooter,Electronic Arts,0.23,0.2,0.01,0.08,83.0,57.0,7.7,288.0,"Epic Games, People Can Fly",M
10554,E·O·E: Eve of Extinction,PS2,2002.0,Fighting,Eidos Interactive,0.04,0.03,0.02,0.01,57.0,28.0,7.2,6.0,Yuke's,T
11706,Duke Nukem: Land of the Babes,PS,2000.0,Shooter,Atari,0.04,0.03,0.0,0.0,37.0,7.0,6.8,20.0,n-Space,M
1761,Bad Boys: Miami Takedown,PS2,2004.0,Shooter,Empire Interactive,0.56,0.44,0.0,0.15,43.0,5.0,3.4,13.0,Blitz Games,M
2739,Capcom vs. SNK 2: Mark of the Millennium 2001,PS2,2001.0,Fighting,Capcom,0.22,0.17,0.3,0.06,81.0,22.0,7.9,27.0,Capcom,T
6891,Resident Evil Archives: Resident Evil Zero,Wii,2008.0,Action,Capcom,0.13,0.03,0.06,0.01,62.0,17.0,8.2,37.0,Capcom,M
12199,World Racing,XB,2003.0,Racing,TDK Mediactive,0.05,0.01,0.0,0.0,56.0,14.0,8.1,8.0,Synetic,E
7943,Bolt,PS3,2008.0,Adventure,Disney Interactive Studios,0.12,0.04,0.0,0.02,59.0,11.0,6.8,6.0,Avalanche Software,E10+
12910,Front Mission Evolved,PC,2010.0,Shooter,Square Enix,0.05,0.0,0.0,0.0,63.0,13.0,5.1,48.0,Double Helix Games,T
4206,Art Academy: Lessons for Everyone,3DS,2012.0,Action,Nintendo,0.2,0.04,0.21,0.02,81.0,14.0,7.6,22.0,"Nintendo, Headstrong Games",E
10350,ArmA III,PC,2013.0,Shooter,Bohemia Interactive,0.0,0.1,0.0,0.01,74.0,38.0,7.4,866.0,Bohemia Interactive,M
8258,NHL 2K9,X360,2008.0,Sports,Take-Two Interactive,0.15,0.01,0.0,0.01,69.0,33.0,6.7,7.0,Visual Concepts,E10+
9795,Conduit 2,Wii,2011.0,Shooter,Sega,0.07,0.04,0.0,0.01,64.0,51.0,7.6,60.0,High Voltage Software,T
3596,Barbie Groovy Games,GBA,2002.0,Misc,Universal Interactive,0.4,0.15,0.0,0.01,47.0,5.0,7,4.0,Digital Illusions,E
4632,Black,XB,2006.0,Shooter,Electronic Arts,0.31,0.09,0.0,0.01,77.0,65.0,8,51.0,Criterion Games,M
125,Red Dead Redemption,PS3,2010.0,Action,Take-Two Interactive,2.79,2.53,0.17,0.99,95.0,73.0,8.8,2456.0,Rockstar San Diego,M
1296,Fight Night Round 3,X360,2006.0,Fighting,Electronic Arts,1.33,0.03,0.01,0.1,86.0,67.0,8.8,264.0,EA Chicago,T
1976,The Simpsons: Road Rage,XB,2001.0,Racing,Electronic Arts,0.78,0.26,0.0,0.01,61.0,17.0,8.3,6.0,Fox Interactive,T
10267,Ty the Tasmanian Tiger 2: Bush Rescue,XB,2004.0,Platform,Electronic Arts,0.08,0.02,0.0,0.0,69.0,29.0,8.8,4.0,Krome Studios,E
3086,Freedom Wars,PSV,2014.0,Role-Playing,Sony Computer Entertainment,0.15,0.1,0.32,0.08,73.0,39.0,8.3,265.0,"Dimps Corporation, SCE Japan Studio",T
6882,4x4 EVO 2,XB,2001.0,Racing,Gathering of Developers,0.18,0.05,0.0,0.01,59.0,15.0,6.2,5.0,Terminal Reality,E
6506,Armored Core: Nexus,PS2,2004.0,Simulation,Indie Games,0.06,0.05,0.14,0.02,73.0,19.0,8.7,7.0,From Software,T
918,Mortal Kombat: Deception,PS2,2004.0,Fighting,Midway Games,0.92,0.72,0.0,0.24,81.0,43.0,8.5,90.0,Midway,M
4621,Thrillville: Off the Rails,PS2,2007.0,Strategy,LucasArts,0.2,0.16,0.0,0.05,70.0,11.0,1.7,30.0,Frontier Developments,E10+
364,The Getaway,PS2,2002.0,Action,Sony Computer Entertainment,1.23,1.77,0.05,0.49,72.0,49.0,6.8,88.0,Team Soho,M
15745,Worms,X360,2007.0,Strategy,Microsoft Game Studios,0.0,0.02,0.0,0.0,75.0,25.0,6.9,28.0,Team 17,E10+
2125,FIFA Soccer 2005,XB,2004.0,Sports,Electronic Arts,0.33,0.6,0.0,0.04,81.0,34.0,8.7,23.0,EA Canada,E
12315,BMX XXX,GC,2002.0,Sports,Acclaim Entertainment,0.05,0.01,0.0,0.0,60.0,15.0,5,7.0,"Z-Axis, Ltd.",M
12761,Viewtiful Joe: Red Hot Rumble,GC,2005.0,Action,Capcom,0.04,0.01,0.0,0.0,62.0,27.0,6.9,8.0,Clover Studio,T
55,Call of Duty: Modern Warfare 2,PS3,2009.0,Shooter,Activision,4.99,3.64,0.38,1.6,94.0,67.0,6.3,2073.0,Infinity Ward,M
638,LEGO Harry Potter: Years 1-4,Wii,2010.0,Action,Warner Bros. Interactive Entertainment,1.28,0.93,0.0,0.22,79.0,13.0,8,34.0,Traveller's Tales,E10+
302,Left 4 Dead 2,X360,2009.0,Shooter,Electronic Arts,2.67,0.87,0.05,0.38,89.0,76.0,8.6,681.0,Valve Software,M
5811,Bruce Lee: Quest of the Dragon,XB,2002.0,Fighting,Universal Interactive,0.23,0.07,0.0,0.01,32.0,24.0,2.4,10.0,Ronin Entertainment,T
1276,Dirge of Cerberus: Final Fantasy VII,PS2,2006.0,Shooter,Square Enix,0.47,0.37,0.52,0.12,57.0,51.0,6.9,103.0,Square Enix,T
10247,Death Jr.: Root of Evil,Wii,2008.0,Platform,Eidos Interactive,0.1,0.0,0.0,0.01,71.0,14.0,8.1,14.0,Backbone Entertainment,T
13337,StarCraft,PC,1998.0,Strategy,Activision,0.0,0.04,0.0,0.01,88.0,15.0,9.1,813.0,Blizzard Entertainment,T
4143,James Bond 007: Blood Stone,X360,2010.0,Shooter,Activision,0.2,0.23,0.0,0.05,62.0,66.0,7.1,63.0,Bizarre Creations,T
6493,Project CARS,XOne,2015.0,Racing,Slightly Mad Studios,0.11,0.13,0.0,0.02,81.0,16.0,5.8,135.0,Slightly Mad Studios,E
10453,Wasteland 2,PC,2015.0,Role-Playing,inXile Entertainment,0.03,0.06,0.0,0.01,81.0,65.0,7.3,1170.0,InXile Entertainment,M
10488,Exit DS,DS,2008.0,Puzzle,Square Enix,0.09,0.0,0.01,0.01,64.0,25.0,6.7,6.0,Moss,E
6937,Broken Sword: Shadow of the Templars - The Director's Cut,Wii,2009.0,Adventure,Ubisoft,0.11,0.1,0.0,0.02,74.0,29.0,8.1,14.0,Revolution Software,T
7240,NBA Live 09 All-Play,Wii,2008.0,Sports,Electronic Arts,0.19,0.01,0.0,0.02,51.0,11.0,5.9,14.0,EA Sports,E
9945,Onechanbara: Bikini Zombie Slayers,Wii,2008.0,Action,D3Publisher,0.11,0.0,0.0,0.01,55.0,24.0,8,20.0,Tamsoft,M
13389,Tom Clancy's Rainbow Six: Lockdown,GC,2005.0,Shooter,Ubisoft,0.04,0.01,0.0,0.0,72.0,8.0,7.8,5.0,"Red Storm Entertainment, Ubisoft Montreal",M
2393,LittleBigPlanet Karting,PS3,2012.0,Action,Sony Computer Entertainment,0.42,0.3,0.01,0.15,73.0,69.0,6.9,159.0,"Media Molecule, United Front Games",E
6376,The Sims 2: Pets,GC,2006.0,Simulation,Electronic Arts,0.21,0.05,0.0,0.01,66.0,15.0,7.3,8.0,Maxis,T
6981,The Club,PS3,2008.0,Shooter,Sega,0.14,0.07,0.0,0.03,72.0,42.0,6.5,15.0,Bizarre Creations,M
3900,Major League Baseball 2K10,X360,2010.0,Sports,Take-Two Interactive,0.47,0.0,0.0,0.04,76.0,26.0,7.6,38.0,Visual Concepts,E
16433,Greg Hastings' Tournament Paintball Max'd,PS2,2006.0,Shooter,Activision,0.01,0.0,0.0,0.0,70.0,8.0,9.2,32.0,Activision Value,E10+
5585,Harvest Moon: Back to Nature,PS,1999.0,Simulation,Ubisoft,0.11,0.07,0.12,0.02,82.0,6.0,9.3,78.0,Victor Interactive Software,E
7956,Saints Row IV,PC,2013.0,Action,Deep Silver,0.11,0.06,0.0,0.02,86.0,45.0,7.4,1543.0,Volition Inc.,M
11314,Knights in the Nightmare,DS,2008.0,Role-Playing,Sting,0.06,0.0,0.02,0.0,76.0,25.0,8.6,23.0,Sting,T
12348,Gallop Racer 2004,PS2,2004.0,Sports,Zoo Digital Publishing,0.03,0.02,0.0,0.01,70.0,15.0,8.7,12.0,Tecmo,E
4188,Pirates of the Caribbean: Dead Man's Chest,GBA,2006.0,Adventure,Disney Interactive Studios,0.33,0.12,0.0,0.01,70.0,8.0,5.6,5.0,Amaze Entertainment,E10+
666,The Incredibles,PS2,2004.0,Action,THQ,0.96,1.08,0.04,0.3,62.0,36.0,7.6,22.0,Heavy Iron Studios,T
3266,Wall-E,X360,2008.0,Platform,THQ,0.29,0.26,0.0,0.07,50.0,32.0,6.3,6.0,Heavy Iron Studios,E
1887,WWE SmackDown vs. Raw 2011,PS3,2010.0,Fighting,THQ,0.44,0.46,0.01,0.18,74.0,42.0,6.9,41.0,Yuke's,T
11458,FIFA Soccer 2003,GC,2002.0,Sports,Electronic Arts,0.06,0.02,0.0,0.0,86.0,12.0,7.8,10.0,EA Canada,E
8472,Star Wars: Super Bombad Racing,PS2,2001.0,Racing,LucasArts,0.08,0.06,0.0,0.02,71.0,21.0,4.9,8.0,Lucas Learning,E
9911,Raiden IV,X360,2008.0,Shooter,Moss,0.1,0.0,0.01,0.01,63.0,4.0,7.8,10.0,Moss,E10+
9091,NFL Blitz 20-03,XB,2002.0,Sports,Midway Games,0.11,0.03,0.0,0.01,72.0,12.0,7.8,4.0,Point of View,E
11637,Samurai Warriors 2,X360,2006.0,Action,Tecmo Koei,0.07,0.01,0.0,0.01,52.0,30.0,8.7,18.0,Omega Force,T
7350,MVP Baseball,PSP,2005.0,Sports,Electronic Arts,0.2,0.0,0.0,0.02,67.0,21.0,7.7,16.0,EA Canada,E
760,The Sims: House Party,PC,2001.0,Simulation,Electronic Arts,1.23,0.83,0.0,0.1,74.0,17.0,7.9,30.0,Maxis,T
3818,Michael Jackson: The Experience,PS3,2011.0,Misc,Ubisoft,0.25,0.19,0.0,0.08,66.0,11.0,8.4,16.0,Ubisoft Montreal,E10+
4300,Area 51,PS2,2005.0,Shooter,Midway Games,0.22,0.17,0.0,0.06,75.0,37.0,8.4,52.0,Midway Studios - Austin,M
7941,R-Type Final,PS2,2003.0,Shooter,Metro 3D,0.09,0.07,0.0,0.02,79.0,50.0,9.1,21.0,Irem,E
11223,Rugby 15,XOne,2015.0,Sports,Bigben Interactive,0.03,0.05,0.0,0.01,20.0,4.0,3.1,30.0,HB Studios Multimedia,E
5971,ExerBeat,Wii,2010.0,Sports,Namco Bandai Games,0.1,0.16,0.0,0.03,60.0,9.0,7.6,5.0,Namco Bandai Games,E
2832,Dead to Rights,XB,2002.0,Shooter,Electronic Arts,0.53,0.17,0.0,0.03,73.0,39.0,8.9,16.0,Namco,M
5449,Jeanne d'Arc,PSP,2006.0,Role-Playing,Sony Computer Entertainment,0.21,0.0,0.1,0.02,87.0,45.0,8.2,74.0,Level 5,T
3472,Final Fantasy: The 4 Heroes of Light,DS,2009.0,Role-Playing,Square Enix,0.22,0.1,0.23,0.03,71.0,49.0,7.1,38.0,Matrix Software,E10+
6327,Lightning Returns: Final Fantasy XIII,X360,2013.0,Role-Playing,Square Enix,0.15,0.08,0.01,0.02,69.0,21.0,6.6,222.0,Square Enix,T
10320,Cabela's North American Adventures,X360,2010.0,Sports,Activision,0.1,0.0,0.0,0.01,51.0,5.0,9,4.0,FUN Labs,T
4854,Castlevania: Portrait of Ruin,DS,2006.0,Platform,Konami Digital Entertainment,0.31,0.02,0.04,0.03,85.0,51.0,8.3,87.0,Konami,T
4637,Valkyrie Profile: Covenant of the Plume,DS,2008.0,Role-Playing,Square Enix,0.22,0.02,0.16,0.02,74.0,35.0,6.8,12.0,Tri-Ace,T
5115,Theatrhythm Final Fantasy: Curtain Call,3DS,2014.0,Misc,Square Enix,0.13,0.08,0.15,0.02,83.0,52.0,8.2,66.0,Indies Zero,T
15941,Worms World Party,PC,2001.0,Strategy,Virgin Interactive,0.0,0.01,0.0,0.0,75.0,8.0,7.6,68.0,Team 17,E
12536,Serious Sam II,XB,2005.0,Shooter,Take-Two Interactive,0.05,0.01,0.0,0.0,72.0,34.0,6.7,11.0,Croteam,M
1331,My Word Coach,DS,2007.0,Misc,Ubisoft,0.37,0.89,0.0,0.18,71.0,7.0,6.8,5.0,Ubisoft,E
12734,Tiger Woods PGA Tour 08,DS,2007.0,Sports,Electronic Arts,0.05,0.0,0.0,0.0,81.0,10.0,7.6,8.0,Exient Entertainment,E
7002,Cross Edge,PS3,2008.0,Role-Playing,Nippon Ichi Software,0.14,0.02,0.05,0.02,52.0,32.0,7.2,82.0,Compile Heart,T
9550,Teenage Mutant Ninja Turtles 2: Battle Nexus,XB,2004.0,Action,Konami Digital Entertainment,0.1,0.03,0.0,0.0,48.0,20.0,5.6,8.0,Konami,T
6941,Bakugan: Battle Brawlers,PS3,2009.0,Action,Activision,0.19,0.03,0.0,0.02,63.0,10.0,8.2,5.0,Now Production,E
9521,Otogi: Myth of Demons,XB,2002.0,Action,Sega,0.08,0.02,0.03,0.0,80.0,40.0,8.5,28.0,From Software,T
6949,Disney's A Christmas Carol,DS,2009.0,Adventure,Disney Interactive Studios,0.21,0.01,0.0,0.02,66.0,7.0,6.5,4.0,Sumo Digital,E
13051,Shifters,PS2,2002.0,Adventure,3DO,0.03,0.02,0.0,0.01,37.0,12.0,5.9,8.0,3DO,T
15781,Tomb Raider: Legend,PC,2006.0,Action,Eidos Interactive,0.0,0.01,0.0,0.0,82.0,31.0,7.9,244.0,Nixxes Software,T
4530,Alpha Protocol,PS3,2010.0,Role-Playing,Sega,0.19,0.17,0.0,0.07,64.0,49.0,6.9,117.0,Obsidian Entertainment,M
4673,TimeShift,X360,2007.0,Shooter,Vivendi Games,0.36,0.02,0.0,0.03,70.0,58.0,7.9,63.0,Saber Interactive,M
12173,Deep Labyrinth,DS,2006.0,Action,505 Games,0.06,0.0,0.0,0.0,57.0,18.0,8.8,4.0,Interactive Brains,E10+
6996,XCOM 2,PC,2016.0,Strategy,Take-Two Interactive,0.09,0.12,0.0,0.02,88.0,104.0,7.1,1221.0,Firaxis Games,T
1252,Football Manager 2012,PC,2011.0,Sports,Sega,0.02,1.16,0.0,0.33,84.0,45.0,8,172.0,Sports Interactive,E
11470,Smuggler's Run: Warzones,GC,2002.0,Misc,Take-Two Interactive,0.06,0.02,0.0,0.0,79.0,23.0,6.9,11.0,Rockstar San Diego,T
15254,Zathura,XB,2005.0,Adventure,Take-Two Interactive,0.02,0.0,0.0,0.0,48.0,15.0,5.5,4.0,High Voltage Software,E10+
4858,Tomb Raider: Anniversary,X360,2007.0,Action,Eidos Interactive,0.12,0.22,0.0,0.05,77.0,33.0,8.3,39.0,Crystal Dynamics,T
8427,NASCAR '14,X360,2014.0,Racing,Deep Silver,0.15,0.0,0.0,0.02,65.0,4.0,5.1,14.0,Deep Silver,E
10176,Project: Snowblind,XB,2005.0,Action,Eidos Interactive,0.08,0.02,0.0,0.0,79.0,44.0,7,10.0,Crystal Dynamics,T
10357,Reign of Fire,GC,2002.0,Shooter,BAM! Entertainment,0.08,0.02,0.0,0.0,54.0,9.0,5.9,7.0,Kuju Entertainment,T
12725,Zone of the Enders: The Fist of Mars,GBA,2001.0,Role-Playing,Konami Digital Entertainment,0.04,0.02,0.0,0.0,71.0,12.0,9,9.0,WinkySoft,E
249,Tony Hawk's Pro Skater 3,PS2,2001.0,Sports,Activision,2.66,1.29,0.01,0.46,97.0,34.0,7.5,298.0,Neversoft Entertainment,T
9766,Killer is Dead,X360,2013.0,Action,Deep Silver,0.08,0.02,0.01,0.01,64.0,38.0,7.2,144.0,Grasshopper Manufacture,M
7239,Guitar Hero: Smash Hits,PS2,2009.0,Misc,Activision,0.11,0.01,0.0,0.1,69.0,6.0,8.3,6.0,Beenox,T
10273,The Polar Express,GC,2004.0,Adventure,THQ,0.08,0.02,0.0,0.0,40.0,7.0,4.7,9.0,Blue Tongue Entertainment,E
4976,NFL GameDay 2002,PS2,2001.0,Sports,Sony Computer Entertainment,0.19,0.15,0.0,0.05,51.0,18.0,4.6,5.0,Red Zone Entertainment,E
4544,Crash: Mind Over Mutant,Wii,2008.0,Platform,Vivendi Games,0.35,0.05,0.0,0.03,70.0,13.0,6.6,16.0,Radical Entertainment,E10+
5565,Just Dance 2016,XOne,2015.0,Misc,Ubisoft,0.25,0.04,0.0,0.03,66.0,10.0,6.1,18.0,Ubisoft,E10+
716,Sonic Advance,GBA,2001.0,Platform,Sega,1.19,0.71,0.22,0.13,87.0,22.0,8.1,48.0,Sonic Team,E
15444,Headhunter: Redemption,XB,2004.0,Action,Sega,0.02,0.0,0.0,0.0,59.0,26.0,6.8,4.0,Amuze,M
4809,FIFA 14,PC,2013.0,Sports,Electronic Arts,0.01,0.36,0.0,0.03,87.0,6.0,4.6,441.0,EA Canada,E
16233,Madden NFL 13,PS3,2012.0,Sports,Electronic Arts,0.0,0.01,0.0,0.0,83.0,22.0,5.5,101.0,EA Tiburon,E
7140,Justice League Heroes,PSP,2006.0,Role-Playing,Eidos Interactive,0.2,0.01,0.0,0.02,72.0,13.0,7.8,5.0,Snowblind Studios,T
7190,Tony Hawk's Downhill Jam,DS,2006.0,Sports,Activision,0.2,0.0,0.0,0.02,76.0,34.0,7,7.0,Vicarious Visions,E
1460,Lost Planet: Extreme Condition,X360,2006.0,Shooter,Capcom,1.09,0.04,0.1,0.1,79.0,76.0,7.1,187.0,Capcom,T
5989,Deadpool,PS4,2015.0,Action,Activision,0.14,0.11,0.0,0.05,60.0,11.0,5.7,68.0,High Moon Studios,M
2000,F1 2012,PS3,2012.0,Racing,Codemasters,0.12,0.63,0.05,0.23,81.0,23.0,7.5,54.0,Codemasters,E
12763,Blade Dancer: Lineage of Light,PSP,2006.0,Role-Playing,Atari,0.05,0.0,0.0,0.0,60.0,33.0,6.9,16.0,Hit Maker,E10+
15158,DemiKids: Light Version,GBA,2002.0,Role-Playing,Atlus,0.02,0.01,0.0,0.0,62.0,8.0,8.3,15.0,Multimedia Intelligence Transfer,E
8175,UFC: Sudden Impact,PS2,2004.0,Fighting,Global Star,0.09,0.07,0.0,0.02,54.0,29.0,7.7,7.0,Opus,T
404,James Bond 007: Nightfire,PS2,2002.0,Shooter,Electronic Arts,1.45,1.29,0.12,0.46,77.0,20.0,8.5,66.0,Eurocom Entertainment Software,T
384,Clubhouse Games,DS,2006.0,Misc,Nintendo,0.59,1.79,0.73,0.34,83.0,30.0,8.4,28.0,Agenda,E
10344,Pro Evolution Soccer 2016,XOne,2015.0,Sports,Konami Digital Entertainment,0.04,0.06,0.0,0.01,85.0,14.0,6.2,144.0,Konami,E
1633,Ben 10: Protector of Earth,Wii,2007.0,Action,D3Publisher,0.54,0.55,0.0,0.13,63.0,6.0,7.7,9.0,High Voltage Software,E10+
13772,Aeon Flux,PS2,2005.0,Action,THQ,0.02,0.02,0.0,0.01,66.0,19.0,5.8,9.0,Terminal Reality,T
4784,The Chronicles of Narnia: Prince Caspian,PS2,2008.0,Action,Disney Interactive Studios,0.2,0.15,0.0,0.05,67.0,6.0,7,8.0,Traveller's Tales,T
6970,World Series Baseball,XB,2002.0,Sports,Sega,0.17,0.05,0.0,0.01,85.0,20.0,8.8,6.0,Blueshift,E
13528,Virtua Tennis 3,X360,2007.0,Sports,Sega,0.03,0.01,0.0,0.0,80.0,34.0,6.8,26.0,Sumo Digital,E
4158,Hot Wheels Velocity X,PS2,2002.0,Racing,THQ,0.23,0.18,0.0,0.06,54.0,7.0,7.1,16.0,Beyond Games,E
13140,Bejeweled Twist,PC,2008.0,Puzzle,PopCap Games,0.01,0.04,0.0,0.01,78.0,12.0,7.3,11.0,PopCap,E
13550,Battlezone,PS4,2016.0,Action,Rebellion Developments,0.02,0.02,0.0,0.01,66.0,39.0,7,31.0,Rebellion,T
8415,The Cursed Crusade,PS3,2011.0,Action,DTP Entertainment,0.07,0.06,0.01,0.03,45.0,17.0,5,26.0,Kylotonn,M
11328,Onimusha Tactics,GBA,2003.0,Strategy,Capcom,0.06,0.02,0.0,0.0,64.0,21.0,8.7,7.0,Capcom,T
10016,Rugby 15,PS4,2015.0,Sports,Bigben Interactive,0.04,0.06,0.0,0.02,19.0,5.0,3.4,65.0,HB Studios Multimedia,E
1015,Wii Party U,WiiU,2013.0,Misc,Nintendo,0.3,0.56,0.84,0.05,65.0,38.0,6.8,135.0,Nd Cube,E
13164,Arx Fatalis,XB,2003.0,Role-Playing,Mindscape,0.04,0.01,0.0,0.0,71.0,31.0,8.2,6.0,Arkane Studios,M
7418,A Boy and His Blob,Wii,2009.0,Platform,Majesco Entertainment,0.18,0.01,0.0,0.01,80.0,43.0,8.7,35.0,WayForward,E
7409,Cursed Mountain,Wii,2009.0,Adventure,Deep Silver,0.09,0.1,0.0,0.02,67.0,51.0,7.6,33.0,"Deep Silver, Sproing Interactive Media, Sproing",M
8989,Cars: Mater-National Championship,X360,2007.0,Racing,THQ,0.13,0.0,0.0,0.01,58.0,9.0,7.8,6.0,Rainbow Studios,E
1838,Guitar Hero Encore: Rocks The 80s,PS2,2007.0,Misc,RedOctane,0.92,0.04,0.0,0.15,69.0,50.0,6.3,31.0,Harmonix Music Systems,T
7026,Mafia,XB,2004.0,Action,Take-Two Interactive,0.17,0.05,0.0,0.01,66.0,33.0,7.7,22.0,Illusion Softworks,M
7714,Big Mutha Truckers,XB,2002.0,Racing,Empire Interactive,0.15,0.04,0.0,0.01,59.0,12.0,4.3,9.0,Eutechnyx,T
1581,LEGO Battles,DS,2009.0,Strategy,Warner Bros. Interactive Entertainment,0.77,0.37,0.0,0.11,65.0,29.0,8.9,51.0,Hellbent Games,E
2779,Namco Museum Remix,Wii,2007.0,Misc,Atari,0.68,0.0,0.0,0.05,49.0,18.0,6.3,4.0,TOSE,E
10700,Predator: Concrete Jungle,XB,2005.0,Action,Vivendi Games,0.07,0.02,0.0,0.0,46.0,17.0,8,10.0,Eurocom Entertainment Software,M
6132,Chromehounds,X360,2006.0,Simulation,Sega,0.24,0.0,0.01,0.02,71.0,60.0,7,72.0,From Software,T
5320,Mirror's Edge Catalyst,PS4,2016.0,Platform,Electronic Arts,0.11,0.16,0.02,0.05,69.0,50.0,4.7,578.0,EA DICE,T
7102,Valhalla Knights 2,PSP,2008.0,Role-Playing,Rising Star Games,0.09,0.0,0.12,0.01,50.0,13.0,5.4,13.0,K2,E10+
3775,Peter Jackson's King Kong: The Official Game of the Movie,XB,2005.0,Action,Ubisoft,0.34,0.17,0.0,0.02,82.0,43.0,8.5,11.0,Ubisoft Montpellier,T
539,Mortal Kombat X,PS4,2015.0,Fighting,Warner Bros. Interactive Entertainment,1.5,0.8,0.0,0.48,83.0,81.0,7.7,836.0,"Warner Bros. Interactive Entertainment, NetherRealm Studios",M
7483,Frogger 3D,3DS,2011.0,Action,Konami Digital Entertainment,0.16,0.03,0.0,0.01,54.0,11.0,5.5,8.0,Alpha Unit,E
13659,Dance Dance Revolution Disney Mix,PS,2000.0,Simulation,Konami Digital Entertainment,0.02,0.02,0.0,0.0,74.0,7.0,8.3,13.0,Konami,E
9337,Rogue Warrior,PS3,2009.0,Shooter,Bethesda Softworks,0.11,0.01,0.0,0.01,27.0,24.0,2.8,66.0,Rebellion,M
4468,Primal,PS2,2003.0,Action,Sony Computer Entertainment,0.21,0.17,0.0,0.06,73.0,36.0,8.6,53.0,SCEE,M
667,Madden NFL 08,X360,2007.0,Sports,Electronic Arts,2.18,0.01,0.0,0.18,85.0,46.0,6.4,108.0,EA Tiburon,E
11211,Rock Band 3,DS,2010.0,Misc,MTV Games,0.07,0.01,0.0,0.01,79.0,8.0,5.5,6.0,Backbone Entertainment,E10+
8549,The BIGS,PS3,2007.0,Sports,Take-Two Interactive,0.15,0.0,0.0,0.01,77.0,19.0,7.2,12.0,Blue Castle Games,E
5063,Skylanders Giants,WiiU,2012.0,Action,Activision,0.22,0.12,0.0,0.03,80.0,8.0,6.9,22.0,Vicarious Visions,E10+
11023,Yaiba: Ninja Gaiden Z,PS3,2014.0,Action,Tecmo Koei,0.05,0.03,0.0,0.02,43.0,46.0,4.5,84.0,"Spark Unlimited, comcept",M
1353,NFL Street,PS2,2004.0,Sports,Electronic Arts,1.15,0.08,0.0,0.19,80.0,36.0,8.9,45.0,EA Tiburon,E
2703,Portal 2,PC,2011.0,Shooter,Valve Software,0.33,0.32,0.0,0.1,95.0,52.0,8.8,5999.0,Valve Software,E10+
3330,Yakuza: Dead Souls,PS3,2011.0,Shooter,Sega,0.09,0.06,0.42,0.03,64.0,55.0,7.4,69.0,Ryu ga Gotoku Studios,M
8053,Ghostbusters: The Video Game,PSP,2009.0,Action,Atari,0.16,0.01,0.0,0.02,54.0,13.0,4.7,13.0,Red Fly Studio,E10+
11829,Damage Inc.: Pacific Squadron WWII,X360,2012.0,Simulation,Mad Catz,0.07,0.0,0.0,0.01,49.0,24.0,5.5,6.0,Mad Catz,T
3584,WWE Raw 2,XB,2003.0,Fighting,THQ,0.43,0.11,0.0,0.02,68.0,26.0,7.3,25.0,Anchor,T
3376,SimCity DS,DS,2007.0,Simulation,Electronic Arts,0.33,0.02,0.21,0.03,69.0,27.0,6.3,18.0,Aki Corp.,E
1256,Tokyo Xtreme Racer Zero,PS2,2000.0,Racing,Crave Entertainment,0.66,0.52,0.15,0.17,76.0,15.0,8.9,64.0,Genki,E
5348,Call of Duty: Ghosts,WiiU,2013.0,Shooter,Activision,0.22,0.09,0.01,0.03,69.0,6.0,3.4,256.0,Treyarch,M
11003,Road Trip,PS2,2002.0,Racing,Play It,0.04,0.03,0.0,0.01,80.0,4.0,9,41.0,Takara,E
4175,Need for Speed Carbon,XB,2006.0,Racing,Electronic Arts,0.35,0.1,0.0,0.02,74.0,19.0,7.4,11.0,EA Canada,E10+
1852,Castlevania: Lords of Shadow,PS3,2010.0,Action,Konami Digital Entertainment,0.5,0.35,0.1,0.15,85.0,62.0,8,468.0,Mercury Steam,M
6316,Ty the Tasmanian Tiger,GC,2002.0,Platform,Electronic Arts,0.21,0.05,0.0,0.01,69.0,12.0,8.7,15.0,Krome Studios,E
2105,WWE SmackDown vs Raw 2008,Wii,2007.0,Fighting,THQ,0.38,0.5,0.0,0.11,59.0,13.0,5.9,18.0,Yuke's,T
13428,Rapala Fishing Frenzy 2009,X360,2008.0,Sports,Activision,0.04,0.0,0.0,0.0,41.0,5.0,7.2,6.0,FUN Labs,E
5029,Get Fit with Mel B,PS3,2010.0,Sports,Black Bean Games,0.15,0.16,0.0,0.07,73.0,4.0,5.8,4.0,Lightning Fish Games,E
928,Dynasty Warriors 3,PS2,2001.0,Action,THQ,0.53,0.16,1.07,0.1,78.0,17.0,9.1,90.0,Omega Force,T
823,Kingdom Hearts: Birth by Sleep,PSP,2010.0,Role-Playing,Square Enix,0.63,0.41,0.75,0.26,82.0,62.0,8.6,208.0,Square Enix,E10+
7576,FIFA 16,PC,2015.0,Sports,Electronic Arts,0.06,0.13,0.0,0.01,81.0,10.0,4.4,296.0,EA Sports,E
1531,Sonic Colors,DS,2010.0,Platform,Sega,0.69,0.47,0.01,0.12,79.0,26.0,7.9,66.0,Dimps Corporation,E
1214,Active Life: Outdoor Challenge,Wii,2008.0,Sports,Atari,0.78,0.43,0.19,0.14,69.0,6.0,8.1,14.0,h.a.n.d. Inc.,E
12477,Earth Defense Force 4.1: The Shadow of New Despair,PS4,2015.0,Shooter,Xseed Games,0.03,0.02,0.0,0.01,64.0,40.0,7.9,51.0,Sandlot,M
10188,Odama,GC,2006.0,Misc,Nintendo,0.07,0.02,0.02,0.0,62.0,42.0,8,17.0,Vivarium,E10+
3072,Shrek: Hassle at the Castle,GBA,2002.0,Action,TDK Mediactive,0.47,0.17,0.0,0.01,71.0,7.0,7.4,5.0,TOSE,E
10150,Space Chimps,X360,2008.0,Platform,Brash Entertainment,0.1,0.0,0.0,0.01,57.0,7.0,5.3,12.0,Red Tribe,E10+
4748,Knockout Kings 2001,PS,2000.0,Fighting,Electronic Arts,0.23,0.15,0.0,0.03,84.0,11.0,8.5,6.0,EA Sports,T
4268,Boom Blox Bash Party,Wii,2009.0,Puzzle,Electronic Arts,0.33,0.09,0.0,0.04,86.0,48.0,8.4,37.0,EA LA,E
11714,Need For Speed: Undercover,PC,2008.0,Racing,Electronic Arts,0.0,0.07,0.0,0.01,65.0,18.0,4.9,231.0,EA Black Box,T
15485,RollerCoaster Tycoon World,PC,2016.0,Simulation,Atari,0.0,0.02,0.0,0.0,43.0,7.0,2.4,31.0,Nvizzio Creations,E
11794,The History Channel: Battle for the Pacific,PS3,2008.0,Shooter,Activision,0.07,0.0,0.0,0.01,36.0,7.0,2.4,15.0,Activision,T
5977,Front Mission Evolved,PS3,2010.0,Shooter,Square Enix,0.09,0.06,0.11,0.03,58.0,42.0,6,30.0,Double Helix Games,T
8905,Shenmue II,DC,2001.0,Adventure,Sega,0.0,0.0,0.15,0.0,88.0,9.0,9.4,201.0,Sega AM2,T
4186,Downhill Domination,PS2,2003.0,Racing,Codemasters,0.23,0.18,0.0,0.06,79.0,40.0,8.9,32.0,Incognito Inc.,T
2923,Mafia,PS2,2004.0,Action,Illusion Softworks,0.34,0.27,0.0,0.09,65.0,30.0,7.6,62.0,Illusion Softworks,M
6588,Teen Titans,PS2,2006.0,Action,THQ,0.12,0.1,0.0,0.03,56.0,12.0,8.6,17.0,Artificial Mind and Movement,E10+
1810,Mirror's Edge,PS3,2008.0,Platform,Electronic Arts,0.31,0.58,0.02,0.22,79.0,66.0,7.8,362.0,EA DICE,T
3141,Star Ocean: First Departure,PSP,2007.0,Role-Playing,Square Enix,0.2,0.13,0.22,0.09,74.0,32.0,7.4,28.0,TOSE,T
10019,Dokapon Kingdom,PS2,2007.0,Role-Playing,Sting,0.05,0.04,0.02,0.01,61.0,8.0,6.5,8.0,Sting,E10+
7494,X2: Wolverine's Revenge,XB,2003.0,Platform,Activision,0.15,0.04,0.0,0.01,58.0,27.0,6.4,9.0,GenePool,T
9872,NFL Head Coach,XB,2006.0,Sports,Electronic Arts,0.09,0.03,0.0,0.0,69.0,26.0,7.1,9.0,EA Tiburon,E
11428,State of Emergency 2,PS2,2006.0,Shooter,SouthPeak Games,0.04,0.03,0.0,0.01,44.0,36.0,5.8,15.0,DC Studios,M
6172,Wild ARMs 5,PS2,2006.0,Role-Playing,505 Games,0.14,0.11,0.0,0.04,71.0,26.0,7.5,22.0,Media Vision,T
6938,Divinity II: Ego Draconis,X360,2009.0,Role-Playing,DTP Entertainment,0.18,0.04,0.0,0.02,62.0,37.0,6.4,36.0,Larian Studios,M
13704,Hellboy: The Science of Evil,PSP,2008.0,Action,Konami Digital Entertainment,0.04,0.0,0.0,0.0,42.0,14.0,7.1,13.0,Krome Studios,T
1191,Carnival Games: Mini Golf,Wii,2008.0,Sports,Take-Two Interactive,0.86,0.54,0.0,0.15,38.0,10.0,5.7,7.0,Cat Daddy Games,E
13964,Supreme Commander: Forged Alliance,PC,2007.0,Strategy,THQ,0.01,0.02,0.0,0.0,81.0,35.0,8.9,219.0,Gas Powered Games,E10+
7056,Soldier of Fortune II: Double Helix,XB,2003.0,Shooter,Activision,0.17,0.05,0.0,0.01,61.0,26.0,6.5,13.0,Gratuitous Games,M
7241,NFL Quarterback Club 2002,PS2,2001.0,Sports,Acclaim Entertainment,0.11,0.08,0.0,0.03,67.0,12.0,7.8,6.0,Acclaim,E
4846,Ghostbusters: The Video Game,DS,2009.0,Action,Atari,0.24,0.12,0.0,0.04,55.0,17.0,6,7.0,Zen Studios,E
6801,Dynasty Warriors Next,PSV,2011.0,Action,Tecmo Koei,0.05,0.06,0.11,0.02,67.0,35.0,7.5,73.0,Koei,T
5334,MLB 06: The Show,PSP,2006.0,Sports,Sony Computer Entertainment,0.32,0.0,0.0,0.03,83.0,30.0,8.5,32.0,SCEA San Diego Studios,E
11486,The Legend of Alon D'ar,PS2,2001.0,Role-Playing,Ubisoft,0.04,0.03,0.0,0.01,43.0,14.0,6.7,10.0,Stormfront Studios,T
5305,Defiance,PS3,2013.0,Shooter,Trion Worlds,0.19,0.1,0.0,0.06,59.0,21.0,6.9,145.0,Trion Worlds,M
5161,Dragon Ball Z: Infinite World,PS2,2008.0,Fighting,Namco Bandai Games,0.08,0.06,0.21,0.02,48.0,17.0,7.9,37.0,Dimps Corporation,T
7860,Injustice: Gods Among Us,WiiU,2013.0,Fighting,Warner Bros. Interactive Entertainment,0.09,0.08,0.0,0.02,82.0,5.0,7.9,112.0,NetherRealm Studios,T
2156,PilotWings Resort,3DS,2011.0,Simulation,Nintendo,0.4,0.36,0.13,0.07,71.0,64.0,7.4,88.0,Monster Games Inc.,E
1167,Pokemon Battle Revolution,Wii,2006.0,Role-Playing,Nintendo,0.78,0.37,0.3,0.13,53.0,34.0,6.7,106.0,Genius Sonority Inc.,E
3636,Extermination,PS2,2001.0,Action,Sony Computer Entertainment,0.21,0.16,0.12,0.05,67.0,19.0,7.8,19.0,Deep Space,M
7651,Zone of the Enders HD Collection,X360,2012.0,Simulation,Konami Digital Entertainment,0.14,0.03,0.01,0.02,75.0,21.0,8.8,20.0,High Voltage Software,M
7192,Age of Empires: The Age of Kings,DS,2006.0,Strategy,THQ,0.18,0.02,0.0,0.02,80.0,38.0,7.9,59.0,Backbone Entertainment,E10+
4491,Naughty Bear,PS3,2010.0,Action,505 Games,0.18,0.18,0.0,0.07,43.0,31.0,5.5,49.0,Artificial Mind and Movement,T
7266,Dead Island,PC,2011.0,Action,Deep Silver,0.12,0.07,0.0,0.03,80.0,24.0,6.8,1428.0,Techland,M
11332,Mad Dog McCree: Gunslinger Pack,Wii,2009.0,Shooter,Majesco Entertainment,0.07,0.0,0.0,0.01,31.0,6.0,5,11.0,Digital Leisure Inc.,T
4946,Samurai Warriors Chronicles,3DS,2011.0,Action,Tecmo Koei,0.12,0.05,0.2,0.01,61.0,30.0,7.7,35.0,Omega Force,T
15743,Blood Bowl: Legendary Edition,PC,2010.0,Sports,Focus Home Interactive,0.0,0.01,0.0,0.0,73.0,13.0,6.4,75.0,Cyanide,T
717,Super Monkey Ball: Banana Blitz,Wii,2006.0,Misc,Sega,1.05,0.91,0.04,0.24,74.0,53.0,5.7,72.0,Sega,E
10011,Tecmo Bowl: Kickoff,DS,2008.0,Sports,Tecmo Koei,0.11,0.0,0.0,0.01,66.0,21.0,7.3,8.0,Polygon Magic,E
4171,Epic Mickey 2: The Power of Two,PS3,2012.0,Action,Disney Interactive Studios,0.21,0.18,0.0,0.08,59.0,36.0,4.3,24.0,Blitz Games Studios,E
395,Crash Bash,PS,2000.0,Misc,Sony Computer Entertainment,1.56,1.47,0.19,0.17,68.0,12.0,8.2,99.0,Eurocom Entertainment Software,E
7186,Luminous Arc 2,DS,2008.0,Role-Playing,Rising Star Games,0.2,0.0,0.0,0.02,73.0,19.0,7.7,14.0,"Image Epoch, Imageepoch",T
4492,MLB 2002,PS,2001.0,Sports,Sony Computer Entertainment,0.24,0.16,0.0,0.03,76.0,5.0,8.1,8.0,989 Sports,E
8787,MLB Power Pros 2008,PS2,2008.0,Sports,Konami Digital Entertainment,0.05,0.04,0.05,0.01,67.0,9.0,8.5,8.0,Konami,E
4968,ESPN College Hoops 2K5,XB,2004.0,Sports,Sega,0.29,0.08,0.0,0.01,86.0,18.0,8.3,11.0,Visual Concepts,E
10518,NASCAR The Game: Inside Line,X360,2012.0,Racing,Activision,0.09,0.0,0.0,0.01,72.0,7.0,3.4,27.0,Eutechnyx,E
5644,Shaun White Snowboarding,PSP,2008.0,Sports,Ubisoft,0.26,0.03,0.0,0.03,70.0,5.0,7.5,4.0,Ubisoft,E10+
3766,Manhunt 2,Wii,2007.0,Action,Take-Two Interactive,0.25,0.23,0.0,0.06,62.0,38.0,7.1,46.0,Rockstar Toronto,M
12043,Ghost in the Shell: Stand Alone Complex,PSP,2005.0,Adventure,Atari,0.06,0.0,0.0,0.01,61.0,23.0,7.4,14.0,G-Artists,T
12324,XGRA: Extreme G Racing Association,PS2,2003.0,Racing,Acclaim Entertainment,0.03,0.02,0.0,0.01,68.0,23.0,8.6,8.0,Acclaim Studios Cheltenham,T
6806,DK: King of Swing,GBA,2005.0,Platform,Nintendo,0.17,0.06,0.0,0.0,70.0,30.0,5,6.0,Paon Corporation,E
5104,Tiger Woods PGA Tour 14,PS3,2013.0,Sports,Electronic Arts,0.16,0.14,0.0,0.07,74.0,28.0,3.8,26.0,EA Tiburon,E
1571,EA Sports Active 2,Wii,2010.0,Sports,Electronic Arts,0.76,0.39,0.0,0.11,79.0,8.0,8.1,22.0,EA Canada,E
1122,Tiger Woods PGA Tour 2003,PS2,2002.0,Sports,Electronic Arts,0.8,0.63,0.0,0.21,88.0,18.0,8.9,18.0,EA Sports,E
2967,Shark Tale,GBA,2004.0,Action,Activision,0.49,0.18,0.0,0.01,63.0,8.0,9,4.0,Vicarious Visions,E
2504,Tony Hawk's Pro Skater 3,GC,2001.0,Sports,Activision,0.64,0.17,0.0,0.02,91.0,27.0,9,27.0,Neversoft Entertainment,T
5988,Area 51,XB,2005.0,Shooter,Midway Games,0.22,0.06,0.0,0.01,72.0,43.0,8.1,16.0,Midway Studios - Austin,M
8867,Jaws Unleashed,XB,2006.0,Action,THQ,0.11,0.03,0.0,0.01,51.0,29.0,6.2,9.0,Appaloosa Interactive,M
11000,NASCAR: Dirt to Daytona,GC,2002.0,Racing,Infogrames,0.07,0.02,0.0,0.0,85.0,8.0,7.3,7.0,Monster Games Inc.,E
728,Prince of Persia: The Sands of Time,PS2,2003.0,Action,Ubisoft,0.88,1.03,0.0,0.31,92.0,44.0,8.8,204.0,Ubisoft,T
11338,Ultimate Brain Games,GBA,2003.0,Misc,Telegames,0.06,0.02,0.0,0.0,80.0,9.0,8.3,7.0,Cosmigo,E
825,SoulCalibur II,PS2,2003.0,Fighting,Namco Bandai Games,1.06,0.62,0.13,0.25,92.0,41.0,8.8,120.0,Namco,T
8808,Prince of Persia: The Sands of Time,GBA,2003.0,Action,Ubisoft,0.11,0.04,0.0,0.0,75.0,25.0,8.8,5.0,Ubisoft Montreal,T
8306,Captain America: Super Soldier,X360,2011.0,Action,Sega,0.11,0.05,0.0,0.01,60.0,48.0,6.4,37.0,Next Level Games,T
417,FIFA 16,XOne,2015.0,Sports,Electronic Arts,0.89,2.12,0.0,0.24,84.0,45.0,4.4,459.0,EA Sports,E
11261,Cloudy With a Chance of Meatballs,X360,2009.0,Platform,Ubisoft,0.07,0.0,0.0,0.01,62.0,12.0,6.5,11.0,Ubisoft Shanghai,E
8967,Mad Dash Racing,XB,2001.0,Racing,Eidos Interactive,0.11,0.03,0.0,0.01,65.0,21.0,7.7,6.0,Crystal Dynamics,T
2082,Haze,PS3,2008.0,Shooter,Ubisoft,0.49,0.33,0.02,0.15,55.0,65.0,6.5,294.0,Free Radical Design,M
10738,NeverDead,X360,2012.0,Shooter,Konami Digital Entertainment,0.06,0.03,0.0,0.01,52.0,46.0,5.5,65.0,Rebellion,M
5726,The Matrix: Path of Neo,XB,2005.0,Action,Atari,0.23,0.07,0.0,0.01,73.0,39.0,7.3,20.0,Shiny Entertainment,T
7723,Major League Baseball 2K12,PS3,2012.0,Sports,Take-Two Interactive,0.18,0.0,0.0,0.02,68.0,8.0,4.4,5.0,Visual Concepts,E
1066,Dragon Ball Z: The Legacy of Goku,GBA,2002.0,Role-Playing,Infogrames,1.52,0.12,0.0,0.05,53.0,15.0,6.9,28.0,Webfoot Technologies,E
3913,Naruto Shippuden: Clash of Ninja Revolution 3,Wii,2009.0,Fighting,Nintendo,0.44,0.03,0.0,0.04,74.0,23.0,8.1,21.0,8ing/Raizing,T
5732,Shin Megami Tensei: Devil Survivor 2,DS,2011.0,Role-Playing,Ghostlight,0.16,0.01,0.12,0.01,79.0,21.0,8.8,45.0,Atlus,T
2738,Raving Rabbids: Travel in Time,Wii,2010.0,Adventure,Ubisoft,0.21,0.46,0.0,0.08,62.0,24.0,7.6,14.0,Ubisoft,E10+
4000,Men in Black II: Alien Escape,PS2,2002.0,Shooter,Infogrames,0.24,0.19,0.0,0.06,50.0,19.0,7.3,6.0,Melbourne House,T
9760,Touch My Katamari ,PSV,2011.0,Puzzle,Namco Bandai Games,0.07,0.03,0.0,0.02,69.0,41.0,7.4,51.0,Bandai Namco Games,E10+
11938,James Cameron's Dark Angel,XB,2002.0,Action,Vivendi Games,0.05,0.02,0.0,0.0,47.0,17.0,8.3,6.0,Radical Entertainment,T
6833,Dragon Ball Z: Sagas,XB,2005.0,Fighting,Atari,0.18,0.05,0.0,0.01,51.0,11.0,6.1,8.0,Avalanche Software,T
1687,FIFA Soccer 11,PSP,2010.0,Sports,Electronic Arts,0.13,0.69,0.01,0.36,68.0,6.0,5.4,9.0,EA Sports,E
851,Dragon Age: Inquisition,PS4,2014.0,Role-Playing,Electronic Arts,0.73,0.88,0.08,0.32,89.0,43.0,7.4,1984.0,BioWare,M
16347,F.E.A.R. Perseus Mandate,PC,2007.0,Shooter,Vivendi Games,0.01,0.0,0.0,0.0,61.0,27.0,7.3,106.0,TimeGate Studios,M
14593,Hot Pixel,PSP,2007.0,Puzzle,Atari,0.03,0.0,0.0,0.0,55.0,35.0,6.5,6.0,zSlide,T
8527,TimeSplitters: Future Perfect,XB,2005.0,Shooter,Electronic Arts,0.12,0.03,0.0,0.01,83.0,54.0,8.9,35.0,Free Radical Design,M
2839,Persona Q: Shadow of the Labyrinth,3DS,2014.0,Role-Playing,Nippon Ichi Software,0.34,0.07,0.27,0.04,83.0,56.0,8.1,169.0,Atlus,M
4611,Dance Dance Revolution Ultramix 2,XB,2004.0,Simulation,Konami Digital Entertainment,0.32,0.09,0.0,0.02,78.0,16.0,7.1,7.0,Konami Computer Entertainment Hawaii,E
7390,Shadow of Destiny,PS2,2001.0,Adventure,Konami Digital Entertainment,0.09,0.07,0.03,0.02,78.0,18.0,8.2,19.0,Konami,T
11443,Ninjabread Man,Wii,2007.0,Action,Popcorn Arcade,0.07,0.0,0.0,0.01,20.0,6.0,1.7,52.0,Data Design Interactive,E
15459,Stormrise,PC,2009.0,Strategy,Sega,0.0,0.02,0.0,0.0,42.0,15.0,4.9,22.0,Creative Assembly,M
16196,Grooverider: Slot Car Thunder,XB,2003.0,Racing,Encore,0.01,0.0,0.0,0.0,45.0,9.0,7.3,8.0,King of the Jungle,E
10262,Constantine,PS2,2005.0,Action,SCi,0.05,0.04,0.0,0.01,58.0,29.0,7.4,24.0,Bits Studios,M
10457,Frogger: Ancient Shadow,PS2,2005.0,Platform,Konami Digital Entertainment,0.05,0.04,0.0,0.01,54.0,17.0,4,5.0,Hudson Soft,E
11151,The Suffering: Ties That Bind,XB,2005.0,Action,Midway Games,0.07,0.02,0.0,0.0,76.0,36.0,9.1,8.0,Surreal Software,M
11310,Sega GT Online,XB,2003.0,Racing,Sega,0.06,0.02,0.0,0.0,72.0,32.0,9.2,5.0,Wow Entertainment,T
13284,Crime Life: Gang Wars,XB,2005.0,Action,Konami Digital Entertainment,0.04,0.01,0.0,0.0,30.0,19.0,3.4,9.0,Hothouse Creations,M
3506,Madden NFL 06,GC,2005.0,Sports,Electronic Arts,0.44,0.11,0.0,0.02,86.0,21.0,8.5,11.0,EA Sports,E
8130,Brink,PC,2011.0,Shooter,Bethesda Softworks,0.06,0.09,0.0,0.03,70.0,38.0,6,547.0,Splash Damage,T
13500,Art of Fighting Anthology,PS2,2006.0,Fighting,Crave Entertainment,0.02,0.02,0.0,0.01,60.0,19.0,7,4.0,SNK Playmore,T
3343,Rayman Arena,PS2,2001.0,Racing,Ubisoft,0.29,0.23,0.0,0.08,63.0,10.0,8.6,8.0,Ubisoft,E
7805,Space Invaders Extreme 2,DS,2009.0,Shooter,Square Enix,0.17,0.01,0.0,0.01,82.0,38.0,7.1,8.0,Taito Corporation,E
1081,Metroid Fusion,GBA,2002.0,Action,Nintendo,1.18,0.27,0.17,0.06,92.0,44.0,9.1,200.0,Nintendo,E
9204,College Hoops 2K8,PS3,2007.0,Sports,Take-Two Interactive,0.13,0.0,0.0,0.01,82.0,18.0,5.2,6.0,Visual Concepts,E
1931,World Tour Soccer,PSP,2005.0,Sports,Sony Computer Entertainment,0.1,0.63,0.0,0.34,70.0,31.0,5.6,5.0,SCEE,E
1150,Mario Hoops 3 on 3,DS,2006.0,Sports,Nintendo,0.98,0.04,0.49,0.09,69.0,40.0,8,37.0,Square Enix,E
5177,Tom Clancy's HAWX 2,X360,2010.0,Action,Ubisoft,0.24,0.09,0.01,0.03,68.0,57.0,6.3,29.0,Ubisoft,T
14098,World of Goo,PC,2008.0,Puzzle,2D Boy,0.0,0.03,0.0,0.01,90.0,26.0,8.5,607.0,2D Boy,E
15202,Ceville,PC,2009.0,Action,Kalypso Media,0.0,0.02,0.0,0.0,73.0,17.0,8.2,21.0,Boxed Dream,E
3051,Castlevania: Lords of Shadow,X360,2010.0,Action,Konami Digital Entertainment,0.42,0.17,0.01,0.05,83.0,70.0,7.8,237.0,Mercury Steam,M
2491,Sly 3: Honor Among Thieves,PS2,2005.0,Platform,Sony Computer Entertainment,0.69,0.03,0.0,0.11,83.0,59.0,8.8,130.0,Sucker Punch,E10+
853,Dead Space,PS3,2008.0,Action,Electronic Arts,1.05,0.66,0.0,0.29,88.0,67.0,8.8,545.0,EA Redwood Shores,M
10966,Wild ARMs: Alter Code F,PS2,2003.0,Role-Playing,Sony Computer Entertainment,0.05,0.04,0.0,0.01,73.0,25.0,8.3,26.0,Media Vision,T
10893,Gradius V,PS2,2004.0,Shooter,Konami Digital Entertainment,0.05,0.04,0.0,0.01,82.0,46.0,8.5,13.0,Treasure,T
4495,MLB 14: The Show,PS3,2014.0,Sports,Sony Computer Entertainment America,0.35,0.0,0.0,0.08,81.0,26.0,6.8,79.0,SCEA San Diego Studios,E
2368,Resident Evil: Revelations,3DS,2012.0,Action,Capcom,0.3,0.22,0.3,0.05,82.0,78.0,8.5,397.0,Capcom,M
4780,Harry Potter: Quidditch World Cup,GC,2003.0,Sports,Electronic Arts,0.31,0.08,0.0,0.01,68.0,16.0,8.5,10.0,Electronic Arts,E
5986,NieR,X360,2010.0,Role-Playing,Square Enix,0.13,0.1,0.04,0.02,67.0,60.0,8.3,126.0,Cavia Inc.,M
7206,The Sims 4: Get Together,PC,2015.0,Simulation,Electronic Arts,0.05,0.15,0.0,0.02,72.0,16.0,7.3,117.0,Maxis,T
8096,Half-Minute Hero,PSP,2009.0,Role-Playing,Rising Star Games,0.08,0.01,0.07,0.01,84.0,41.0,7.8,38.0,Opus,E10+
784,Dynasty Warriors 4,PS2,2003.0,Action,Tecmo Koei,0.63,0.21,1.13,0.13,78.0,24.0,9.3,201.0,Omega Force,T
1409,Deus Ex: Human Revolution,X360,2011.0,Shooter,Square Enix,0.76,0.47,0.02,0.12,89.0,70.0,8.3,684.0,Eidos Montreal,M
10729,The Crew: Wild Run,PS4,2015.0,Action,Ubisoft,0.0,0.08,0.0,0.01,73.0,13.0,6.8,50.0,Ivory Tower,T
3863,Disgaea 3: Absence of Justice,PS3,2008.0,Role-Playing,Square Enix,0.33,0.03,0.11,0.04,78.0,51.0,7.5,150.0,Nippon Ichi Software,T
1895,Namco Museum Battle Collection,PSP,2005.0,Misc,Sony Computer Entertainment,0.75,0.18,0.0,0.16,73.0,28.0,7.2,9.0,TOSE,E10+
569,Fable,XB,2004.0,Role-Playing,Microsoft Game Studios,1.99,0.58,0.0,0.09,85.0,87.0,8.5,268.0,Big Blue Box,M
1816,SingStar,PS3,2007.0,Misc,Sony Computer Entertainment,0.45,0.56,0.0,0.12,82.0,48.0,5.9,15.0,SCEE London Studio,T
2975,The Last Remnant,X360,2008.0,Role-Playing,Square Enix,0.25,0.2,0.18,0.06,66.0,49.0,6.9,122.0,Square Enix,M
10492,Blades of Time,X360,2012.0,Action,Konami Digital Entertainment,0.07,0.02,0.0,0.01,52.0,23.0,6.5,30.0,Gaijin Entertainment,M
190,FIFA Soccer 13,X360,2012.0,Action,Electronic Arts,1.09,3.47,0.03,0.57,90.0,48.0,6.1,403.0,Electronic Arts,E
699,FIFA Soccer 09,PS2,2008.0,Sports,Electronic Arts,0.38,0.07,0.01,1.82,82.0,8.0,6.9,20.0,EA Canada,E
12468,Muppets Party Cruise,PS2,2003.0,Misc,TDK Mediactive,0.03,0.02,0.0,0.01,61.0,11.0,8,6.0,Mass Media,E
3420,Naruto: The Broken Bond,X360,2008.0,Action,Ubisoft,0.24,0.28,0.0,0.06,80.0,34.0,7.8,46.0,Ubisoft Montreal,T
1060,BioShock Infinite,PS3,2013.0,Shooter,Take-Two Interactive,0.72,0.65,0.04,0.28,94.0,27.0,8.5,1863.0,Irrational Games,M
8208,Army Men: Sarge's Heroes 2,PS2,2001.0,Shooter,Midas Interactive Entertainment,0.09,0.07,0.0,0.02,54.0,15.0,4.6,5.0,3DO,T
7679,Baja: Edge of Control,X360,2008.0,Racing,THQ,0.12,0.06,0.0,0.02,65.0,35.0,7.1,18.0,2XL Games,E
4642,Pirates of the Caribbean: At World's End,PS2,2007.0,Action,Disney Interactive Studios,0.2,0.16,0.0,0.05,54.0,10.0,7,10.0,Eurocom Entertainment Software,T
7996,Indiana Jones and the Emperor's Tomb,XB,2003.0,Action,LucasArts,0.14,0.04,0.0,0.01,73.0,43.0,8.6,17.0,Double Helix Games,T
7022,NASCAR 08,PS3,2007.0,Racing,Electronic Arts,0.15,0.05,0.0,0.03,57.0,21.0,5,14.0,EA Tiburon,E
5895,Resident Evil Archives: Resident Evil,Wii,2008.0,Action,Capcom,0.16,0.04,0.08,0.02,76.0,11.0,8.9,41.0,Capcom,M
10677,Sneakers,XB,2002.0,Puzzle,Microsoft Game Studios,0.07,0.02,0.0,0.0,28.0,13.0,4.6,8.0,Media Vision,E
3436,Top Spin 3,Wii,2008.0,Action,Take-Two Interactive,0.15,0.37,0.0,0.07,68.0,18.0,5.7,29.0,Pam Development,E
6893,My Street,PS2,2003.0,Misc,Sony Computer Entertainment,0.12,0.09,0.0,0.03,46.0,21.0,3.9,14.0,Idol Minds,E
12757,Rugby World Cup 2015,PS4,2015.0,Sports,Ubisoft,0.0,0.05,0.0,0.01,25.0,6.0,1.9,39.0,HB Studios Multimedia,E
8050,Zumba Fitness Rush,X360,2012.0,Sports,505 Games,0.0,0.16,0.0,0.02,73.0,7.0,6.2,5.0,"Majesco Games, Majesco",E10+
4555,25 to Life,PS2,2006.0,Shooter,Eidos Interactive,0.35,0.01,0.0,0.06,39.0,23.0,4.9,46.0,"Ritual Entertainment, Avalanche Software",M
11296,Raiden Fighters Aces,X360,2008.0,Shooter,Valcon Games,0.06,0.02,0.0,0.01,73.0,11.0,7.5,12.0,Gulti,E10+
5699,BlazBlue: Continuum Shift,X360,2010.0,Fighting,PQube,0.23,0.04,0.02,0.02,85.0,32.0,8.7,26.0,Arc System Works,T
13992,Halo: Combat Evolved,PC,2003.0,Shooter,Microsoft Game Studios,0.02,0.02,0.0,0.0,83.0,40.0,7.4,396.0,Gearbox Software,M
2869,Resident Evil: Survivor,PS,2000.0,Action,Eidos Interactive,0.23,0.15,0.29,0.05,39.0,10.0,7,47.0,Capcom,M
2961,The Lord of the Rings: The Return of the King,GC,2003.0,Action,Electronic Arts,0.53,0.14,0.0,0.02,84.0,23.0,8.5,21.0,Hypnos Entertainment,T
14172,Bounty Hounds,PSP,2006.0,Action,Namco Bandai Games,0.03,0.0,0.0,0.0,63.0,14.0,6,7.0,Xpec,T
2200,Brutal Legend,PS3,2009.0,Action,Electronic Arts,0.54,0.27,0.0,0.13,83.0,61.0,7.6,162.0,Double Fine Productions,M
5592,Dance Dance Revolution Universe,X360,2007.0,Simulation,Konami Digital Entertainment,0.3,0.0,0.0,0.02,74.0,26.0,8.8,5.0,Konami,E10+
2557,Star Wars Rogue Squadron III: Rebel Strike,GC,2003.0,Simulation,LucasArts,0.62,0.16,0.0,0.02,75.0,36.0,7.6,50.0,Factor 5,T
9637,Smash Court Tennis Pro Tournament 2,PS2,2004.0,Sports,Sony Computer Entertainment,0.06,0.05,0.0,0.02,74.0,41.0,9.1,12.0,Namco,E
5539,DECA Sports Freedom,X360,2010.0,Sports,Hudson Soft,0.27,0.04,0.0,0.02,26.0,16.0,3.7,9.0,AI,E10+
6295,Rocky: Legends,PS2,2004.0,Action,Ubisoft,0.13,0.1,0.0,0.03,65.0,24.0,8.6,12.0,Venom Games,T
15151,Mage Knight: Destiny's Soldier,DS,2006.0,Strategy,Namco Bandai Games,0.02,0.0,0.0,0.0,59.0,8.0,7.1,11.0,Big Blue Bubble Inc.,E10+
5423,Dynasty Warriors: Gundam 2,PS2,2008.0,Action,Namco Bandai Games,0.04,0.03,0.25,0.01,52.0,8.0,6.5,8.0,Omega Force,T
2049,Ninja Gaiden II,X360,2008.0,Action,Tecmo Koei,0.65,0.22,0.05,0.1,81.0,74.0,8,302.0,"Team Ninja, Tecmo",M
9208,Transformers: Devastation,XOne,2015.0,Action,Activision,0.09,0.04,0.0,0.01,75.0,25.0,7.9,55.0,PlatinumGames,T
8120,Aliens: Colonial Marines,PC,2013.0,Shooter,Sega,0.1,0.06,0.0,0.02,45.0,40.0,3.5,1156.0,Gearbox Software,M
8155,Burnout Legends,DS,2005.0,Racing,Electronic Arts,0.15,0.02,0.0,0.01,38.0,12.0,6,59.0,Visual Impact,E
1802,MechAssault,XB,2002.0,Simulation,Microsoft Game Studios,1.01,0.1,0.0,0.03,87.0,32.0,8,47.0,Day 1 Studios,T
4736,Call of Duty: Advanced Warfare,PC,2014.0,Shooter,Activision,0.15,0.23,0.0,0.03,78.0,18.0,4.5,1136.0,Sledgehammer Games,M
11411,Don King Boxing,DS,2009.0,Sports,Take-Two Interactive,0.06,0.01,0.0,0.01,71.0,4.0,7.8,5.0,Venom Games,T
6546,Tony Hawk: Shred,X360,2010.0,Sports,Activision,0.17,0.06,0.0,0.02,53.0,10.0,6.6,10.0,Robomodo,E
2811,LEGO Marvel's Avengers,PS4,2016.0,Action,Warner Bros. Interactive Entertainment,0.26,0.35,0.0,0.12,71.0,70.0,7,87.0,TT Games,E10+
9339,Baseball Advance,GBA,2002.0,Sports,Sega,0.1,0.04,0.0,0.0,80.0,16.0,7.8,5.0,Smilebit,E
197,Fable III,X360,2010.0,Role-Playing,Microsoft Game Studios,3.59,1.08,0.05,0.38,80.0,88.0,6.5,604.0,Lionhead Studios,M
2327,Classic NES Series: The Legend of Zelda,GBA,2004.0,Adventure,Nintendo,0.46,0.17,0.24,0.02,84.0,16.0,8.6,58.0,Nintendo,E
4389,X-Men Legends II: Rise of Apocalypse,XB,2005.0,Role-Playing,Activision,0.3,0.12,0.0,0.02,84.0,50.0,8.7,199.0,Raven Software,T
202,FIFA Soccer 11,PS3,2010.0,Sports,Electronic Arts,0.61,3.28,0.06,1.12,89.0,51.0,8,233.0,EA Sports,E
854,Mortal Kombat vs. DC Universe,PS3,2008.0,Fighting,Midway Games,1.48,0.28,0.0,0.23,76.0,44.0,7.1,107.0,Midway,T
1636,Diddy Kong Racing DS,DS,2007.0,Racing,Nintendo,1.09,0.03,0.0,0.09,63.0,39.0,7.5,27.0,Rare Ltd.,E
11649,Endgame,PS2,2002.0,Shooter,Empire Interactive,0.04,0.03,0.0,0.01,57.0,12.0,6.8,5.0,Cunning Developments,T
3304,pro evolution soccer 2011,X360,2010.0,Sports,Konami Digital Entertainment,0.09,0.44,0.0,0.07,79.0,43.0,5.9,33.0,Konami,E
1998,Need for Speed: Most Wanted,XB,2005.0,Racing,Electronic Arts,0.53,0.46,0.0,0.05,83.0,32.0,8.8,29.0,EA Canada,T
3748,LEGO Dimensions,WiiU,2015.0,Action,Warner Bros. Interactive Entertainment,0.3,0.18,0.0,0.05,62.0,5.0,6.5,29.0,Traveller's Tales,E10+
5530,Teen Titans,GC,2006.0,Action,THQ,0.25,0.07,0.0,0.01,63.0,11.0,6.9,11.0,Artificial Mind and Movement,E10+
6776,Far Cry Instincts Predator,X360,2006.0,Shooter,Ubisoft,0.2,0.03,0.0,0.02,78.0,46.0,6.2,80.0,Ubisoft Montreal,M
10173,Worms Forts: Under Siege,PS2,2004.0,Strategy,Acclaim Entertainment,0.05,0.04,0.0,0.01,63.0,21.0,8,15.0,Team 17,T
3627,WWF Raw,XB,2002.0,Fighting,THQ,0.4,0.13,0.0,0.02,68.0,33.0,6.6,15.0,Anchor,T
13931,TMNT,DS,2007.0,Action,Ubisoft,0.03,0.01,0.0,0.0,42.0,10.0,2.2,5.0,Ubisoft Quebec,E10+
10817,SNK vs. Capcom Card Fighters DS,DS,2006.0,Strategy,Ignition Entertainment,0.09,0.0,0.0,0.01,48.0,19.0,4.8,6.0,SNK Playmore,T
1059,SOCOM 3: U.S. Navy SEALs,PS2,2005.0,Shooter,Sony Computer Entertainment,1.22,0.34,0.04,0.1,82.0,59.0,8.8,64.0,Zipper Interactive,M
1678,Pikmin 2,GC,2004.0,Strategy,Nintendo,0.48,0.13,0.56,0.03,90.0,54.0,9.1,137.0,Nintendo,E
7574,Dead to Rights II,PS2,2005.0,Shooter,Electronic Arts,0.1,0.08,0.0,0.03,51.0,32.0,5.3,7.0,WideScreen Games,M
8755,The Terminator: Dawn of Fate,XB,2002.0,Action,Atari,0.11,0.03,0.0,0.01,53.0,19.0,5.2,5.0,Paradigm Entertainment,T
12685,Zoo Tycoon 2,PC,2004.0,Strategy,Microsoft Game Studios,0.0,0.05,0.0,0.01,72.0,34.0,8.1,43.0,Blue Fang Games,E
6910,The Testament of Sherlock Holmes,PS3,2012.0,Adventure,Focus Home Interactive,0.05,0.14,0.0,0.04,65.0,16.0,7.4,34.0,Frogwares,M
502,Call of Duty: Finest Hour,PS2,2004.0,Shooter,Activision,1.51,1.12,0.01,0.24,76.0,49.0,7.7,69.0,Spark Unlimited,T
8110,Pure Futbol,X360,2010.0,Sports,Ubisoft,0.08,0.08,0.0,0.02,38.0,20.0,7.9,29.0,Ubisoft Vancouver,E
5056,Pro Evolution Soccer 2011 3D,3DS,2011.0,Sports,Konami Digital Entertainment,0.11,0.13,0.11,0.02,73.0,43.0,6.7,18.0,Konami,E
2454, Tales of Xillia 2,PS3,2012.0,Role-Playing,Namco Bandai Games,0.2,0.12,0.45,0.07,71.0,59.0,7.9,216.0,Bandai Namco Games,T
3561,The Legend of Spyro: Dawn of the Dragon,Wii,2008.0,Platform,Vivendi Games,0.34,0.17,0.0,0.05,64.0,11.0,6.5,19.0,Etranges Libellules,E10+
5892,Eternal Ring,PS2,2000.0,Role-Playing,Ubisoft,0.1,0.07,0.1,0.03,62.0,13.0,5.3,9.0,From Software,T
391,Spider-Man 2,PS2,2004.0,Action,Activision,1.75,1.2,0.02,0.43,80.0,50.0,8.9,106.0,Treyarch,T
5258,Suikoden V,PS2,2006.0,Role-Playing,Konami Digital Entertainment,0.08,0.06,0.19,0.02,76.0,43.0,7.6,109.0,Konami,T
2695,Syphon Filter: The Omega Strain,PS2,2004.0,Shooter,Sony Computer Entertainment,0.37,0.29,0.0,0.1,65.0,47.0,6.9,30.0,Sony Bend,M
2568,Guitar Hero: Metallica,X360,2009.0,Misc,Activision,0.52,0.2,0.0,0.07,84.0,62.0,8.1,79.0,Neversoft Entertainment,T
8006,Heavy Fire: Afghanistan,PS3,2011.0,Shooter,Unknown,0.17,0.0,0.0,0.02,39.0,5.0,3.3,16.0,Teyon,T
7208,Viewtiful Joe 2,GC,2004.0,Action,Capcom,0.17,0.04,0.0,0.01,86.0,39.0,8.3,19.0,Clover Studio,T
12185,RedCard 20-03,PS2,2002.0,Sports,Midway Games,0.03,0.03,0.0,0.01,73.0,19.0,9,6.0,Midway,E
1016,Dance Dance Revolution X,PS2,2008.0,Simulation,Konami Digital Entertainment,0.85,0.66,0.01,0.22,55.0,6.0,6.2,6.0,Konami,E10+
995,Golden Sun,GBA,2001.0,Role-Playing,Nintendo,0.93,0.38,0.4,0.06,91.0,29.0,9.3,198.0,Camelot Software Planning,E
161,Forza Motorsport 3,X360,2009.0,Racing,Microsoft Game Studios,2.99,1.9,0.1,0.5,92.0,90.0,8,516.0,Turn 10,E
5675,Romance of the Three Kingdoms VII,PS2,2000.0,Strategy,Tecmo Koei,0.08,0.06,0.16,0.02,72.0,10.0,8.7,11.0,Koei,E
13417,Rock of the Dead,X360,2010.0,Shooter,Conspiracy Entertainment,0.04,0.0,0.0,0.0,48.0,7.0,4.8,4.0,Epicenter Studios,T
3943,Bully: Scholarship Edition,Wii,2008.0,Action,Take-Two Interactive,0.17,0.28,0.0,0.06,83.0,34.0,8.4,60.0,Rockstar Toronto,T
3152,TimeSplitters 2,XB,2002.0,Shooter,Eidos Interactive,0.29,0.33,0.0,0.01,88.0,20.0,7.7,34.0,Free Radical Design,T
8792,Puzzle Quest: Galactrix,DS,2009.0,Puzzle,D3Publisher,0.14,0.0,0.0,0.01,75.0,33.0,6.7,6.0,Infinite Interactive,E10+
1267,Final Fantasy: Crystal Chronicles,GC,2003.0,Role-Playing,Nintendo,0.72,0.38,0.36,0.04,80.0,55.0,8.1,94.0,Square Enix,T
1899,Dante's Inferno,PS3,2010.0,Action,Electronic Arts,0.64,0.28,0.04,0.13,75.0,69.0,7.5,265.0,Visceral Games,M
2747,The Lord of the Rings: Conquest,PS3,2009.0,Action,Electronic Arts,0.38,0.25,0.0,0.11,54.0,45.0,7.1,57.0,Pandemic Studios,T
8666,Innocent Life: A Futuristic Harvest Moon,PSP,2006.0,Simulation,Rising Star Games,0.08,0.03,0.03,0.02,67.0,22.0,7.8,23.0,ArtePiazza,E
6396,Duel Masters,PS2,2004.0,Strategy,Atari,0.13,0.1,0.0,0.03,66.0,20.0,8.3,6.0,High Voltage Software,E
6420,Family Guy: Back to the Multiverse,PS3,2012.0,Action,Activision,0.12,0.1,0.0,0.04,40.0,9.0,6.4,31.0,Heavy Iron Studios,M
5051,EyeToy Play 2,PS2,2004.0,Misc,Sony Computer Entertainment,0.18,0.14,0.0,0.05,78.0,30.0,7,9.0,SCEE,E10+
2433,Tiger Woods PGA Tour 2005,XB,2004.0,Sports,Electronic Arts,0.64,0.18,0.0,0.03,88.0,26.0,8.9,14.0,EA Sports,E
1685,Cars,PSP,2006.0,Racing,THQ,0.72,0.28,0.0,0.2,70.0,17.0,7,4.0,Locomotive Games,E
16023,Colin McRae Rally 2005,PC,2004.0,Racing,Codemasters,0.0,0.01,0.0,0.0,83.0,11.0,7.1,50.0,Codemasters,E
11363,The Golf Club,PS4,2014.0,Sports,Unknown,0.05,0.02,0.0,0.01,66.0,11.0,6.3,67.0,HB Studios Multimedia,E
14423,Sorcery Saga: The Curse of the Great Curry God,PSV,2013.0,Role-Playing,Rising Star Games,0.0,0.0,0.03,0.0,65.0,17.0,7.3,44.0,Zerodiv,T
4426,Transformers: Fall of Cybertron,X360,2012.0,Action,Activision,0.28,0.12,0.0,0.04,79.0,52.0,8.3,160.0,High Moon Studios,T
11964,Grand Kingdom,PS4,2015.0,Role-Playing,Nippon Ichi Software,0.03,0.0,0.03,0.01,78.0,33.0,8.1,63.0,Spike Chunsoft,T
5390,Monopoly,PS3,2008.0,Misc,Electronic Arts,0.25,0.05,0.0,0.04,54.0,4.0,6.7,13.0,Electronic Arts,E
860,Skate 3,PS3,2010.0,Sports,Electronic Arts,0.79,0.88,0.0,0.32,80.0,46.0,7.6,82.0,EA Black Box,T
